customer_id,first_purchase_date,referring_creator_id,referring_campaign_id
CUST0001,2026-01-23,C010,CAM012
CUST0002,2026-03-03,C003,CAM011
CUST0003,2026-01-18,C018,CAM016
CUST0004,2026-03-17,C003,CAM011
CUST0005,2026-03-08,C010,CAM038
CUST0006,2026-05-08,C012,CAM024
CUST0007,2026-01-28,C008,CAM033
CUST0008,2026-01-25,C004,CAM040
CUST0009,2026-04-11,C009,CAM035
CUST0010,2026-02-13,C021,CAM025
CUST0011,2026-05-14,C012,CAM024
CUST0012,2026-05-02,C020,CAM026
CUST0013,2026-01-25,C008,CAM007
CUST0014,2026-05-02,C014,CAM014
CUST0015,2026-01-18,C007,CAM036
CUST0016,2026-04-08,C023,CAM010
CUST0017,2026-05-15,C012,CAM024
CUST0018,2026-03-08,C021,CAM025
CUST0019,2026-04-04,C009,CAM030
CUST0020,2026-02-10,C018,CAM031
CUST0021,2026-06-04,C011,CAM015
CUST0022,2026-02-22,C017,CAM029
CUST0023,2026-04-25,C013,CAM006
CUST0024,2026-05-10,C012,CAM024
CUST0025,2026-05-25,C013,CAM019
CUST0026,2026-04-13,C011,CAM009
CUST0027,2026-02-26,C003,CAM011
CUST0028,2026-05-26,C013,CAM019
CUST0029,2026-05-23,C009,CAM034
CUST0030,2026-01-11,C007,CAM036
CUST0031,2026-03-03,C021,CAM025
CUST0032,2026-01-15,C007,CAM036
CUST0033,2026-01-30,C017,CAM029
CUST0034,2026-01-08,C007,CAM037
CUST0035,2026-01-29,C018,CAM016
CUST0036,2026-03-20,C007,CAM028
CUST0037,2026-04-17,C002,CAM002
CUST0038,2026-02-23,C003,CAM011
CUST0039,2026-04-16,C009,CAM035
CUST0040,2026-05-16,C014,CAM014
CUST0041,2026-04-18,C011,CAM009
CUST0042,2026-02-14,C017,CAM029
CUST0043,2026-04-08,C002,CAM002
CUST0044,2026-05-25,C024,CAM013
CUST0045,2026-02-07,C004,CAM020
CUST0046,2026-03-11,C011,CAM003
CUST0047,2026-02-17,C004,CAM020
CUST0048,2026-02-16,C018,CAM031
CUST0049,2026-04-30,C020,CAM026
CUST0050,2026-04-26,C013,CAM006
CUST0051,2026-01-21,C018,CAM039
CUST0052,2026-04-10,C023,CAM010
CUST0053,2026-01-25,C004,CAM040
CUST0054,2026-01-25,C008,CAM007
CUST0055,2026-04-13,C002,CAM002
CUST0056,2026-06-21,C018,CAM018
CUST0057,2026-01-25,C018,CAM039
CUST0058,2026-01-31,C008,CAM033
CUST0059,2026-02-24,C017,CAM029
CUST0060,2026-06-14,C024,CAM013
CUST0061,2026-02-10,C010,CAM012
CUST0062,2026-03-23,C007,CAM028
CUST0063,2026-02-09,C010,CAM012
CUST0064,2026-06-02,C011,CAM015
CUST0065,2026-03-27,C007,CAM028
CUST0066,2026-05-26,C018,CAM004
CUST0067,2026-02-06,C008,CAM033
CUST0068,2026-06-07,C024,CAM013
CUST0069,2026-02-14,C021,CAM025
CUST0070,2026-04-16,C002,CAM002
CUST0071,2026-04-09,C009,CAM035
CUST0072,2026-06-06,C024,CAM013
CUST0073,2026-06-07,C024,CAM013
CUST0074,2026-06-14,C018,CAM018
CUST0075,2026-05-11,C012,CAM024
CUST0076,2026-01-28,C008,CAM033
CUST0077,2026-04-09,C009,CAM035
CUST0078,2026-05-22,C009,CAM034
CUST0079,2026-04-16,C023,CAM010
CUST0080,2026-02-06,C017,CAM029
CUST0081,2026-01-19,C008,CAM007
CUST0082,2026-05-15,C012,CAM024
CUST0083,2026-01-25,C008,CAM007
CUST0084,2026-04-21,C002,CAM027
CUST0085,2026-02-02,C008,CAM033
CUST0086,2026-05-16,C013,CAM019
CUST0087,2026-03-30,C007,CAM028
CUST0088,2026-03-12,C011,CAM003
CUST0089,2026-05-07,C014,CAM014
CUST0090,2026-03-18,C006,CAM008
CUST0091,2026-03-06,C010,CAM038
CUST0092,2026-03-15,C011,CAM003
CUST0093,2026-05-11,C020,CAM026
CUST0094,2026-01-13,C007,CAM036
CUST0095,2026-04-20,C018,CAM017
CUST0096,2026-06-14,C005,CAM022
CUST0097,2026-05-11,C014,CAM014
CUST0098,2026-03-17,C011,CAM003
CUST0099,2026-03-13,C013,CAM032
CUST0100,2026-06-01,C005,CAM021
CUST0101,2026-01-28,C004,CAM040
CUST0102,2026-01-27,C018,CAM016
CUST0103,2026-03-04,C010,CAM038
CUST0104,2026-01-20,C010,CAM012
CUST0105,2026-05-01,C014,CAM014
CUST0106,2026-03-19,C003,CAM011
CUST0107,2026-05-28,C005,CAM021
CUST0108,2026-01-07,C007,CAM036
CUST0109,2026-03-17,C007,CAM028
CUST0110,2026-02-15,C018,CAM031
CUST0111,2026-01-21,C018,CAM039
CUST0112,2026-04-20,C002,CAM027
CUST0113,2026-04-10,C011,CAM009
CUST0114,2026-03-10,C011,CAM003
CUST0115,2026-06-18,C005,CAM022
CUST0116,2026-02-24,C003,CAM011
CUST0117,2026-04-30,C020,CAM026
CUST0118,2026-05-12,C014,CAM014
CUST0119,2026-05-19,C013,CAM019
CUST0120,2026-03-31,C009,CAM030
CUST0121,2026-05-30,C023,CAM005
CUST0122,2026-05-14,C012,CAM024
CUST0123,2026-03-03,C003,CAM011
CUST0124,2026-04-05,C013,CAM006
CUST0125,2026-03-11,C011,CAM001
CUST0126,2026-05-09,C014,CAM014
CUST0127,2026-04-11,C013,CAM006
CUST0128,2026-05-22,C023,CAM005
CUST0129,2026-03-19,C006,CAM008
CUST0130,2026-01-24,C018,CAM039
CUST0131,2026-04-23,C002,CAM027
CUST0132,2026-05-08,C014,CAM014
CUST0133,2026-02-06,C008,CAM033
CUST0134,2026-04-24,C018,CAM017
CUST0135,2026-01-11,C007,CAM036
CUST0136,2026-03-06,C011,CAM001
CUST0137,2026-02-19,C008,CAM033
CUST0138,2026-03-24,C013,CAM032
CUST0139,2026-04-12,C023,CAM010
CUST0140,2026-01-21,C008,CAM007
CUST0141,2026-05-03,C014,CAM014
CUST0142,2026-02-19,C018,CAM031
CUST0143,2026-05-14,C014,CAM014
CUST0144,2026-04-23,C018,CAM017
CUST0145,2026-01-28,C018,CAM039
CUST0146,2026-01-20,C008,CAM007
CUST0147,2026-04-15,C011,CAM009
CUST0148,2026-05-27,C018,CAM004
CUST0149,2026-04-17,C002,CAM027
CUST0150,2026-04-07,C009,CAM030
CUST0151,2026-03-30,C009,CAM030
CUST0152,2026-06-01,C018,CAM018
CUST0153,2026-05-06,C020,CAM026
CUST0154,2026-02-07,C010,CAM012
CUST0155,2026-01-10,C007,CAM036
CUST0156,2026-04-13,C009,CAM035
CUST0157,2026-04-16,C009,CAM035
CUST0158,2026-05-24,C011,CAM015
CUST0159,2026-01-29,C018,CAM016
CUST0160,2026-04-14,C013,CAM023
CUST0161,2026-02-09,C004,CAM020
CUST0162,2026-01-31,C010,CAM012
CUST0163,2026-04-05,C009,CAM030
CUST0164,2026-06-06,C005,CAM021
CUST0165,2026-04-13,C018,CAM017
CUST0166,2026-01-22,C007,CAM036
CUST0167,2026-06-17,C005,CAM021
CUST0168,2026-01-25,C008,CAM007
CUST0169,2026-04-16,C013,CAM006
CUST0170,2026-05-30,C011,CAM015
CUST0171,2026-05-31,C009,CAM034
CUST0172,2026-04-08,C009,CAM030
CUST0173,2026-05-31,C005,CAM022
CUST0174,2026-01-26,C018,CAM039
CUST0175,2026-06-05,C011,CAM015
CUST0176,2026-01-24,C018,CAM039
CUST0177,2026-03-10,C003,CAM011
CUST0178,2026-03-19,C006,CAM008
CUST0179,2026-03-06,C010,CAM038
CUST0180,2026-04-08,C002,CAM027
CUST0181,2026-03-07,C021,CAM025
CUST0182,2026-06-19,C005,CAM022
CUST0183,2026-03-07,C010,CAM038
CUST0184,2026-04-16,C013,CAM023
CUST0185,2026-03-23,C006,CAM008
CUST0186,2026-06-15,C024,CAM013
CUST0187,2026-03-22,C003,CAM011
CUST0188,2026-06-05,C009,CAM034
CUST0189,2026-02-08,C004,CAM040
CUST0190,2026-02-16,C017,CAM029
CUST0191,2026-06-19,C018,CAM018
CUST0192,2026-04-14,C002,CAM027
CUST0193,2026-03-22,C006,CAM008
CUST0194,2026-06-03,C011,CAM015
CUST0195,2026-03-18,C006,CAM008
CUST0196,2026-01-26,C008,CAM007
CUST0197,2026-05-19,C018,CAM004
CUST0198,2026-04-22,C011,CAM009
CUST0199,2026-03-30,C009,CAM030
CUST0200,2026-06-18,C005,CAM022
CUST0201,2026-01-11,C007,CAM036
CUST0202,2026-04-08,C013,CAM023
CUST0203,2026-02-04,C004,CAM040
CUST0204,2026-02-22,C017,CAM029
CUST0205,2026-01-22,C010,CAM012
CUST0206,2026-05-10,C009,CAM034
CUST0207,2026-01-14,C007,CAM036
CUST0208,2026-06-04,C011,CAM015
CUST0209,2026-04-20,C011,CAM009
CUST0210,2026-02-28,C018,CAM031
CUST0211,2026-01-30,C017,CAM029
CUST0212,2026-06-14,C005,CAM021
CUST0213,2026-05-23,C018,CAM004
CUST0214,2026-06-12,C005,CAM022
CUST0215,2026-05-08,C014,CAM014
CUST0216,2026-04-18,C013,CAM006
CUST0217,2026-06-04,C018,CAM018
CUST0218,2026-04-25,C018,CAM017
CUST0219,2026-05-23,C023,CAM005
CUST0220,2026-03-20,C006,CAM008
CUST0221,2026-03-06,C021,CAM025
CUST0222,2026-03-07,C010,CAM038
CUST0223,2026-06-02,C011,CAM015
CUST0224,2026-02-26,C003,CAM011
CUST0225,2026-03-15,C007,CAM028
CUST0226,2026-05-23,C018,CAM004
CUST0227,2026-04-29,C020,CAM026
CUST0228,2026-05-25,C011,CAM015
CUST0229,2026-04-12,C023,CAM010
CUST0230,2026-04-05,C009,CAM030
CUST0231,2026-05-23,C018,CAM004
CUST0232,2026-04-17,C018,CAM017
CUST0233,2026-04-20,C011,CAM009
CUST0234,2026-04-05,C023,CAM010
CUST0235,2026-06-03,C024,CAM013
CUST0236,2026-02-19,C017,CAM029
CUST0237,2026-02-13,C004,CAM020
CUST0238,2026-04-18,C011,CAM009
CUST0239,2026-02-01,C017,CAM029
CUST0240,2026-06-08,C005,CAM022
CUST0241,2026-05-09,C013,CAM019
CUST0242,2026-05-02,C014,CAM014
CUST0243,2026-06-03,C011,CAM015
CUST0244,2026-05-28,C009,CAM034
CUST0245,2026-04-14,C023,CAM010
CUST0246,2026-05-03,C020,CAM026
CUST0247,2026-04-13,C002,CAM002
CUST0248,2026-04-25,C020,CAM026
CUST0249,2026-06-14,C005,CAM021
CUST0250,2026-04-06,C023,CAM010
CUST0251,2026-01-13,C007,CAM037
CUST0252,2026-03-23,C007,CAM028
CUST0253,2026-04-29,C014,CAM014
CUST0254,2026-04-20,C020,CAM026
CUST0255,2026-02-11,C008,CAM033
CUST0256,2026-03-17,C006,CAM008
CUST0257,2026-03-29,C009,CAM030
CUST0258,2026-05-26,C024,CAM013
CUST0259,2026-04-18,C013,CAM006
CUST0260,2026-04-11,C011,CAM009
CUST0261,2026-03-17,C006,CAM008
CUST0262,2026-05-14,C009,CAM034
CUST0263,2026-05-27,C013,CAM019
CUST0264,2026-01-14,C007,CAM037
CUST0265,2026-01-28,C018,CAM016
CUST0266,2026-02-11,C010,CAM012
CUST0267,2026-03-16,C013,CAM032
CUST0268,2026-05-24,C018,CAM004
CUST0269,2026-04-03,C009,CAM030
CUST0270,2026-04-13,C013,CAM023
CUST0271,2026-02-27,C011,CAM001
CUST0272,2026-03-10,C007,CAM028
CUST0273,2026-01-29,C018,CAM039
CUST0274,2026-04-24,C018,CAM017
CUST0275,2026-02-07,C004,CAM020
CUST0276,2026-03-14,C011,CAM003
CUST0277,2026-03-21,C007,CAM028
CUST0278,2026-06-02,C023,CAM005
CUST0279,2026-04-25,C002,CAM027
CUST0280,2026-05-23,C011,CAM015
CUST0281,2026-04-06,C023,CAM010
CUST0282,2026-04-08,C009,CAM035
CUST0283,2026-06-07,C023,CAM005
CUST0284,2026-04-09,C023,CAM010
CUST0285,2026-04-10,C002,CAM002
CUST0286,2026-05-16,C013,CAM019
CUST0287,2026-02-18,C017,CAM029
CUST0288,2026-04-05,C023,CAM010
CUST0289,2026-03-16,C011,CAM003
CUST0290,2026-06-02,C018,CAM018
CUST0291,2026-01-21,C018,CAM039
CUST0292,2026-05-12,C013,CAM019
CUST0293,2026-05-27,C005,CAM021
CUST0294,2026-01-31,C010,CAM012
CUST0295,2026-04-12,C023,CAM010
CUST0296,2026-04-10,C023,CAM010
CUST0297,2026-02-25,C011,CAM001
CUST0298,2026-03-05,C003,CAM011
CUST0299,2026-05-21,C013,CAM019
CUST0300,2026-06-16,C024,CAM013
CUST0301,2026-03-14,C011,CAM003
CUST0302,2026-06-05,C005,CAM021
CUST0303,2026-03-04,C003,CAM011
CUST0304,2026-01-25,C007,CAM036
CUST0305,2026-05-15,C012,CAM024
CUST0306,2026-05-23,C018,CAM004
CUST0307,2026-05-28,C005,CAM021
CUST0308,2026-02-27,C011,CAM001
CUST0309,2026-02-12,C010,CAM012
CUST0310,2026-03-07,C011,CAM001
CUST0311,2026-01-22,C004,CAM040
CUST0312,2026-04-17,C011,CAM009
CUST0313,2026-05-28,C024,CAM013
CUST0314,2026-01-22,C018,CAM016
CUST0315,2026-04-25,C018,CAM017
CUST0316,2026-03-29,C007,CAM028
CUST0317,2026-05-07,C020,CAM026
CUST0318,2026-03-10,C010,CAM038
CUST0319,2026-02-02,C017,CAM029
CUST0320,2026-06-01,C005,CAM022
CUST0321,2026-04-10,C013,CAM006
CUST0322,2026-02-26,C018,CAM031
CUST0323,2026-04-17,C011,CAM009
CUST0324,2026-03-16,C003,CAM011
CUST0325,2026-01-20,C018,CAM016
CUST0326,2026-03-29,C007,CAM028
CUST0327,2026-04-08,C009,CAM035
CUST0328,2026-01-23,C010,CAM012
CUST0329,2026-02-19,C008,CAM033
CUST0330,2026-02-10,C010,CAM012
CUST0331,2026-05-11,C014,CAM014
CUST0332,2026-04-12,C011,CAM009
CUST0333,2026-02-15,C017,CAM029
CUST0334,2026-03-19,C006,CAM008
CUST0335,2026-04-07,C023,CAM010
CUST0336,2026-03-10,C013,CAM032
CUST0337,2026-03-01,C011,CAM001
CUST0338,2026-05-20,C018,CAM004
CUST0339,2026-06-11,C024,CAM013
CUST0340,2026-02-26,C011,CAM001
CUST0341,2026-04-11,C002,CAM002
CUST0342,2026-01-25,C008,CAM007
CUST0343,2026-01-25,C010,CAM012
CUST0344,2026-02-13,C017,CAM029
CUST0345,2026-06-02,C024,CAM013
CUST0346,2026-01-24,C004,CAM040
CUST0347,2026-04-16,C011,CAM009
CUST0348,2026-02-02,C017,CAM029
CUST0349,2026-01-22,C018,CAM039
CUST0350,2026-03-03,C003,CAM011
CUST0351,2026-05-04,C002,CAM027
CUST0352,2026-01-22,C018,CAM016
CUST0353,2026-01-18,C008,CAM007
CUST0354,2026-03-07,C003,CAM011
CUST0355,2026-05-18,C018,CAM004
CUST0356,2026-01-22,C004,CAM040
CUST0357,2026-05-23,C013,CAM019
CUST0358,2026-04-04,C023,CAM010
CUST0359,2026-06-09,C005,CAM021
CUST0360,2026-04-11,C002,CAM002
CUST0361,2026-02-14,C010,CAM012
CUST0362,2026-04-08,C002,CAM002
CUST0363,2026-03-11,C011,CAM003
CUST0364,2026-01-30,C018,CAM039
CUST0365,2026-05-24,C023,CAM005
CUST0366,2026-03-11,C010,CAM038
CUST0367,2026-05-26,C018,CAM018
CUST0368,2026-03-26,C007,CAM028
CUST0369,2026-02-10,C018,CAM031
CUST0370,2026-05-10,C012,CAM024
CUST0371,2026-01-14,C007,CAM037
CUST0372,2026-01-31,C017,CAM029
CUST0373,2026-01-16,C007,CAM036
CUST0374,2026-06-01,C009,CAM034
CUST0375,2026-03-04,C003,CAM011
CUST0376,2026-01-28,C004,CAM040
CUST0377,2026-02-25,C017,CAM029
CUST0378,2026-03-03,C011,CAM001
CUST0379,2026-06-11,C005,CAM022
CUST0380,2026-04-24,C020,CAM026
CUST0381,2026-04-16,C023,CAM010
CUST0382,2026-06-12,C005,CAM022
CUST0383,2026-03-13,C011,CAM003
CUST0384,2026-04-29,C002,CAM027
CUST0385,2026-03-18,C006,CAM008
CUST0386,2026-02-10,C021,CAM025
CUST0387,2026-03-15,C011,CAM003
CUST0388,2026-03-18,C007,CAM028
CUST0389,2026-02-02,C008,CAM033
CUST0390,2026-03-01,C018,CAM031
CUST0391,2026-05-28,C005,CAM021
CUST0392,2026-06-03,C023,CAM005
CUST0393,2026-04-06,C023,CAM010
CUST0394,2026-03-11,C011,CAM001
CUST0395,2026-02-26,C018,CAM031
CUST0396,2026-03-05,C011,CAM001
CUST0397,2026-01-13,C007,CAM036
CUST0398,2026-02-12,C010,CAM012
CUST0399,2026-05-29,C009,CAM034
CUST0400,2026-05-13,C013,CAM019
CUST0401,2026-04-18,C009,CAM035
CUST0402,2026-02-20,C021,CAM025
CUST0403,2026-04-02,C009,CAM030
CUST0404,2026-06-15,C005,CAM021
CUST0405,2026-04-03,C009,CAM030
CUST0406,2026-06-03,C005,CAM022
CUST0407,2026-01-20,C007,CAM036
CUST0408,2026-02-11,C017,CAM029
CUST0409,2026-02-04,C010,CAM012
CUST0410,2026-04-26,C002,CAM027
CUST0411,2026-04-13,C009,CAM035
CUST0412,2026-03-07,C021,CAM025
CUST0413,2026-01-23,C018,CAM039
CUST0414,2026-04-16,C002,CAM002
CUST0415,2026-05-29,C018,CAM018
CUST0416,2026-01-06,C007,CAM036
CUST0417,2026-05-12,C012,CAM024
CUST0418,2026-03-08,C007,CAM028
CUST0419,2026-04-12,C002,CAM002
CUST0420,2026-01-23,C018,CAM039
CUST0421,2026-05-20,C018,CAM004
CUST0422,2026-05-20,C009,CAM034
CUST0423,2026-05-30,C005,CAM022
CUST0424,2026-05-30,C009,CAM034
CUST0425,2026-06-19,C005,CAM022
CUST0426,2026-02-21,C004,CAM020
CUST0427,2026-02-11,C021,CAM025
CUST0428,2026-06-08,C018,CAM018
CUST0429,2026-06-12,C005,CAM021
CUST0430,2026-05-20,C018,CAM004
CUST0431,2026-01-22,C010,CAM012
CUST0432,2026-01-26,C004,CAM040
CUST0433,2026-01-21,C018,CAM039
CUST0434,2026-04-27,C002,CAM027
CUST0435,2026-03-16,C007,CAM028
CUST0436,2026-04-01,C009,CAM030
CUST0437,2026-03-20,C007,CAM028
CUST0438,2026-03-03,C010,CAM038
CUST0439,2026-03-06,C010,CAM038
CUST0440,2026-03-15,C007,CAM028
CUST0441,2026-05-14,C012,CAM024
CUST0442,2026-05-02,C014,CAM014
CUST0443,2026-01-20,C018,CAM016
CUST0444,2026-02-09,C008,CAM033
CUST0445,2026-04-08,C023,CAM010
CUST0446,2026-01-30,C018,CAM039
CUST0447,2026-04-11,C002,CAM027
CUST0448,2026-05-19,C013,CAM019
CUST0449,2026-03-17,C011,CAM003
CUST0450,2026-03-29,C009,CAM030
CUST0451,2026-03-14,C003,CAM011
CUST0452,2026-06-12,C005,CAM021
CUST0453,2026-04-17,C011,CAM009
CUST0454,2026-04-11,C013,CAM023
CUST0455,2026-04-10,C009,CAM035
CUST0456,2026-02-19,C021,CAM025
CUST0457,2026-02-08,C017,CAM029
CUST0458,2026-03-31,C013,CAM032
CUST0459,2026-04-11,C013,CAM006
CUST0460,2026-03-04,C011,CAM001
CUST0461,2026-02-15,C018,CAM031
CUST0462,2026-06-03,C023,CAM005
CUST0463,2026-05-11,C020,CAM026
CUST0464,2026-01-23,C007,CAM036
CUST0465,2026-06-12,C005,CAM021
CUST0466,2026-05-23,C023,CAM005
CUST0467,2026-03-11,C010,CAM038
CUST0468,2026-03-17,C011,CAM003
CUST0469,2026-03-17,C011,CAM003
CUST0470,2026-02-12,C010,CAM012
CUST0471,2026-05-16,C013,CAM019
CUST0472,2026-04-02,C009,CAM030
CUST0473,2026-02-12,C010,CAM012
CUST0474,2026-06-15,C005,CAM021
CUST0475,2026-03-17,C011,CAM003
CUST0476,2026-04-12,C002,CAM002
CUST0477,2026-02-07,C004,CAM020
CUST0478,2026-05-16,C013,CAM019
CUST0479,2026-03-23,C007,CAM028
CUST0480,2026-06-03,C018,CAM018
CUST0481,2026-05-31,C009,CAM034
CUST0482,2026-04-15,C002,CAM027
CUST0483,2026-01-25,C007,CAM036
CUST0484,2026-04-28,C018,CAM017
CUST0485,2026-01-19,C018,CAM016
CUST0486,2026-02-23,C017,CAM029
CUST0487,2026-05-11,C009,CAM034
CUST0488,2026-03-02,C011,CAM001
CUST0489,2026-04-25,C018,CAM017
CUST0490,2026-05-11,C012,CAM024
CUST0491,2026-04-07,C009,CAM030
CUST0492,2026-05-30,C011,CAM015
CUST0493,2026-04-18,C013,CAM006
CUST0494,2026-04-24,C002,CAM027
CUST0495,2026-01-21,C004,CAM040
CUST0496,2026-03-20,C006,CAM008
CUST0497,2026-06-03,C005,CAM021
CUST0498,2026-06-04,C011,CAM015
CUST0499,2026-06-12,C005,CAM022
CUST0500,2026-04-16,C009,CAM035
CUST0501,2026-04-12,C009,CAM035
CUST0502,2026-06-11,C005,CAM021
CUST0503,2026-06-15,C018,CAM018
CUST0504,2026-03-02,C021,CAM025
CUST0505,2026-03-30,C007,CAM028
CUST0506,2026-03-13,C011,CAM003
CUST0507,2026-03-13,C013,CAM032
CUST0508,2026-04-22,C013,CAM006
CUST0509,2026-04-15,C002,CAM002
CUST0510,2026-01-24,C018,CAM039
CUST0511,2026-03-01,C018,CAM031
CUST0512,2026-02-02,C010,CAM012
CUST0513,2026-01-29,C018,CAM016
CUST0514,2026-03-17,C011,CAM003
CUST0515,2026-06-10,C005,CAM021
CUST0516,2026-04-16,C018,CAM017
CUST0517,2026-02-24,C021,CAM025
CUST0518,2026-01-27,C018,CAM039
CUST0519,2026-04-22,C002,CAM027
CUST0520,2026-02-10,C018,CAM031
CUST0521,2026-02-16,C018,CAM031
CUST0522,2026-04-13,C002,CAM002
CUST0523,2026-03-04,C010,CAM038
CUST0524,2026-05-08,C014,CAM014
CUST0525,2026-03-22,C006,CAM008
CUST0526,2026-04-25,C018,CAM017
CUST0527,2026-06-16,C005,CAM022
CUST0528,2026-03-09,C010,CAM038
CUST0529,2026-04-08,C002,CAM002
CUST0530,2026-01-15,C007,CAM037
CUST0531,2026-05-13,C012,CAM024
CUST0532,2026-04-08,C013,CAM023
CUST0533,2026-03-16,C006,CAM008
CUST0534,2026-05-13,C020,CAM026
CUST0535,2026-02-15,C021,CAM025
CUST0536,2026-04-14,C023,CAM010
CUST0537,2026-04-30,C014,CAM014
CUST0538,2026-04-11,C002,CAM002
CUST0539,2026-05-25,C011,CAM015
CUST0540,2026-02-16,C004,CAM020
CUST0541,2026-05-09,C014,CAM014
CUST0542,2026-06-02,C024,CAM013
CUST0543,2026-06-13,C018,CAM018
CUST0544,2026-04-16,C009,CAM035
CUST0545,2026-01-20,C018,CAM016
CUST0546,2026-03-06,C021,CAM025
CUST0547,2026-04-12,C009,CAM035
CUST0548,2026-02-17,C018,CAM031
CUST0549,2026-05-31,C011,CAM015
CUST0550,2026-04-24,C002,CAM027
CUST0551,2026-02-07,C004,CAM040
CUST0552,2026-04-29,C002,CAM027
CUST0553,2026-04-21,C020,CAM026
CUST0554,2026-02-04,C004,CAM040
CUST0555,2026-04-04,C013,CAM023
CUST0556,2026-06-06,C011,CAM015
CUST0557,2026-02-04,C008,CAM033
CUST0558,2026-01-11,C007,CAM037
CUST0559,2026-01-27,C004,CAM040
CUST0560,2026-05-25,C018,CAM004
CUST0561,2026-03-21,C006,CAM008
CUST0562,2026-03-05,C010,CAM038
CUST0563,2026-03-19,C007,CAM028
CUST0564,2026-06-06,C005,CAM022
CUST0565,2026-03-11,C010,CAM038
CUST0566,2026-02-14,C004,CAM020
CUST0567,2026-06-15,C018,CAM018
CUST0568,2026-03-08,C010,CAM038
CUST0569,2026-04-12,C023,CAM010
CUST0570,2026-01-19,C004,CAM040
CUST0571,2026-03-16,C006,CAM008
CUST0572,2026-05-10,C012,CAM024
CUST0573,2026-01-12,C007,CAM037
CUST0574,2026-03-10,C010,CAM038
CUST0575,2026-02-27,C018,CAM031
CUST0576,2026-01-23,C018,CAM016
CUST0577,2026-04-08,C011,CAM009
CUST0578,2026-05-02,C020,CAM026
CUST0579,2026-01-22,C018,CAM039
CUST0580,2026-04-15,C009,CAM035
CUST0581,2026-01-30,C004,CAM040
CUST0582,2026-04-25,C013,CAM006
CUST0583,2026-06-05,C011,CAM015
CUST0584,2026-05-11,C014,CAM014
CUST0585,2026-05-30,C005,CAM022
CUST0586,2026-03-08,C021,CAM025
CUST0587,2026-05-25,C023,CAM005
CUST0588,2026-04-19,C018,CAM017
CUST0589,2026-03-10,C010,CAM038
CUST0590,2026-05-18,C009,CAM034
CUST0591,2026-01-18,C008,CAM007
CUST0592,2026-03-13,C013,CAM032
CUST0593,2026-06-07,C018,CAM018
CUST0594,2026-05-27,C018,CAM004
CUST0595,2026-04-10,C023,CAM010
CUST0596,2026-06-03,C011,CAM015
CUST0597,2026-02-08,C008,CAM033
CUST0598,2026-02-18,C004,CAM020
CUST0599,2026-04-14,C023,CAM010
CUST0600,2026-04-09,C013,CAM023
CUST0601,2026-06-07,C018,CAM018
CUST0602,2026-03-07,C003,CAM011
CUST0603,2026-06-02,C009,CAM034
CUST0604,2026-01-22,C018,CAM039
CUST0605,2026-05-16,C013,CAM019
CUST0606,2026-02-16,C017,CAM029
CUST0607,2026-04-03,C013,CAM006
CUST0608,2026-04-18,C011,CAM009
CUST0609,2026-03-09,C010,CAM038
CUST0610,2026-02-05,C010,CAM012
CUST0611,2026-03-25,C013,CAM032
CUST0612,2026-02-11,C021,CAM025
CUST0613,2026-01-26,C007,CAM036
CUST0614,2026-04-14,C011,CAM009
CUST0615,2026-03-09,C013,CAM032
CUST0616,2026-04-27,C002,CAM027
CUST0617,2026-05-28,C011,CAM015
CUST0618,2026-02-13,C021,CAM025
CUST0619,2026-01-11,C007,CAM036
CUST0620,2026-04-07,C013,CAM023
CUST0621,2026-01-21,C008,CAM007
CUST0622,2026-06-11,C024,CAM013
CUST0623,2026-02-03,C008,CAM033
CUST0624,2026-04-29,C002,CAM027
CUST0625,2026-03-09,C003,CAM011
CUST0626,2026-06-02,C005,CAM021
CUST0627,2026-04-21,C011,CAM009
CUST0628,2026-01-10,C007,CAM036
CUST0629,2026-03-03,C021,CAM025
CUST0630,2026-03-20,C007,CAM028
CUST0631,2026-03-09,C011,CAM001
CUST0632,2026-02-04,C004,CAM040
CUST0633,2026-01-21,C004,CAM040
CUST0634,2026-04-09,C023,CAM010
CUST0635,2026-03-19,C007,CAM028
CUST0636,2026-04-01,C013,CAM032
CUST0637,2026-05-07,C020,CAM026
CUST0638,2026-01-26,C008,CAM007
CUST0639,2026-01-21,C018,CAM016
CUST0640,2026-03-21,C003,CAM011
CUST0641,2026-02-15,C004,CAM020
CUST0642,2026-04-10,C013,CAM023
CUST0643,2026-03-10,C010,CAM038
CUST0644,2026-03-10,C011,CAM003
CUST0645,2026-01-25,C004,CAM040
CUST0646,2026-03-08,C010,CAM038
CUST0647,2026-04-25,C018,CAM017
CUST0648,2026-03-03,C018,CAM031
CUST0649,2026-03-25,C007,CAM028
CUST0650,2026-04-21,C011,CAM009
CUST0651,2026-03-01,C003,CAM011
CUST0652,2026-02-08,C004,CAM020
CUST0653,2026-05-28,C024,CAM013
CUST0654,2026-04-16,C002,CAM027
CUST0655,2026-06-13,C005,CAM021
CUST0656,2026-04-05,C009,CAM030
CUST0657,2026-02-13,C010,CAM012
CUST0658,2026-03-04,C010,CAM038
CUST0659,2026-04-09,C009,CAM035
CUST0660,2026-05-31,C011,CAM015
CUST0661,2026-04-17,C002,CAM002
CUST0662,2026-05-25,C013,CAM019
CUST0663,2026-02-05,C010,CAM012
CUST0664,2026-04-04,C013,CAM006
CUST0665,2026-04-08,C009,CAM035
CUST0666,2026-03-16,C011,CAM003
CUST0667,2026-03-18,C006,CAM008
CUST0668,2026-01-29,C018,CAM039
CUST0669,2026-06-04,C024,CAM013
CUST0670,2026-02-09,C004,CAM020
CUST0671,2026-01-26,C008,CAM007
CUST0672,2026-06-05,C009,CAM034
CUST0673,2026-02-01,C004,CAM040
CUST0674,2026-05-15,C013,CAM019
CUST0675,2026-04-02,C009,CAM030
CUST0676,2026-01-22,C010,CAM012
CUST0677,2026-02-13,C010,CAM012
CUST0678,2026-06-01,C009,CAM034
CUST0679,2026-05-26,C023,CAM005
CUST0680,2026-03-29,C009,CAM030
CUST0681,2026-04-18,C018,CAM017
CUST0682,2026-02-18,C021,CAM025
CUST0683,2026-06-05,C009,CAM034
CUST0684,2026-05-16,C013,CAM019
CUST0685,2026-03-31,C009,CAM030
CUST0686,2026-01-28,C018,CAM016
CUST0687,2026-02-06,C010,CAM012
CUST0688,2026-05-20,C013,CAM019
CUST0689,2026-05-10,C013,CAM019
CUST0690,2026-06-02,C023,CAM005
CUST0691,2026-02-08,C004,CAM020
CUST0692,2026-02-20,C017,CAM029
CUST0693,2026-05-25,C013,CAM019
CUST0694,2026-01-18,C018,CAM016
CUST0695,2026-05-22,C018,CAM004
CUST0696,2026-01-14,C007,CAM037
CUST0697,2026-01-05,C007,CAM037
CUST0698,2026-04-09,C002,CAM002
CUST0699,2026-05-25,C018,CAM004
CUST0700,2026-04-23,C013,CAM006
CUST0701,2026-03-08,C011,CAM001
CUST0702,2026-04-03,C013,CAM023
CUST0703,2026-02-19,C008,CAM033
CUST0704,2026-05-10,C013,CAM019
CUST0705,2026-05-14,C012,CAM024
CUST0706,2026-04-17,C013,CAM006
CUST0707,2026-05-09,C012,CAM024
CUST0708,2026-05-01,C014,CAM014
CUST0709,2026-04-18,C002,CAM027
CUST0710,2026-03-22,C006,CAM008
CUST0711,2026-04-07,C013,CAM006
CUST0712,2026-05-10,C013,CAM019
CUST0713,2026-03-05,C010,CAM038
CUST0714,2026-03-18,C006,CAM008
CUST0715,2026-05-31,C024,CAM013
CUST0716,2026-03-10,C007,CAM028
CUST0717,2026-04-10,C023,CAM010
CUST0718,2026-04-08,C023,CAM010
CUST0719,2026-04-22,C013,CAM006
CUST0720,2026-04-08,C002,CAM002
CUST0721,2026-04-25,C020,CAM026
CUST0722,2026-02-22,C017,CAM029
CUST0723,2026-04-07,C009,CAM035
CUST0724,2026-01-26,C018,CAM039
CUST0725,2026-05-02,C002,CAM027
CUST0726,2026-05-08,C013,CAM019
CUST0727,2026-02-05,C017,CAM029
CUST0728,2026-05-26,C024,CAM013
CUST0729,2026-04-12,C009,CAM035
CUST0730,2026-05-15,C012,CAM024
CUST0731,2026-02-01,C017,CAM029
CUST0732,2026-02-08,C010,CAM012
CUST0733,2026-01-24,C008,CAM007
CUST0734,2026-02-13,C004,CAM020
CUST0735,2026-03-02,C011,CAM001
CUST0736,2026-05-10,C014,CAM014
CUST0737,2026-01-07,C007,CAM037
CUST0738,2026-04-08,C023,CAM010
CUST0739,2026-06-06,C011,CAM015
CUST0740,2026-05-24,C023,CAM005
CUST0741,2026-05-18,C024,CAM013
CUST0742,2026-01-26,C018,CAM039
CUST0743,2026-02-28,C011,CAM001
CUST0744,2026-02-21,C018,CAM031
CUST0745,2026-03-03,C010,CAM038
CUST0746,2026-05-28,C018,CAM004
CUST0747,2026-05-23,C009,CAM034
CUST0748,2026-05-26,C005,CAM021
CUST0749,2026-02-07,C004,CAM020
CUST0750,2026-03-17,C006,CAM008
CUST0751,2026-04-07,C023,CAM010
CUST0752,2026-02-23,C017,CAM029
CUST0753,2026-02-17,C018,CAM031
CUST0754,2026-06-12,C024,CAM013
CUST0755,2026-03-06,C007,CAM028
CUST0756,2026-04-12,C002,CAM002
CUST0757,2026-01-20,C004,CAM040
CUST0758,2026-04-22,C002,CAM027
CUST0759,2026-03-09,C007,CAM028
CUST0760,2026-03-21,C013,CAM032
CUST0761,2026-01-11,C007,CAM037
CUST0762,2026-02-19,C021,CAM025
CUST0763,2026-01-24,C018,CAM039
CUST0764,2026-04-11,C002,CAM027
CUST0765,2026-01-26,C008,CAM007
CUST0766,2026-03-09,C003,CAM011
CUST0767,2026-05-24,C011,CAM015
CUST0768,2026-02-16,C008,CAM033
CUST0769,2026-06-02,C005,CAM021
CUST0770,2026-01-28,C018,CAM039
CUST0771,2026-03-04,C010,CAM038
CUST0772,2026-05-26,C018,CAM018
CUST0773,2026-05-31,C009,CAM034
CUST0774,2026-05-30,C023,CAM005
CUST0775,2026-01-30,C008,CAM033
CUST0776,2026-06-11,C024,CAM013
CUST0777,2026-04-09,C011,CAM009
CUST0778,2026-01-13,C007,CAM036
CUST0779,2026-01-07,C007,CAM036
CUST0780,2026-03-10,C010,CAM038
CUST0781,2026-04-15,C009,CAM035
CUST0782,2026-02-14,C017,CAM029
CUST0783,2026-05-27,C011,CAM015
CUST0784,2026-01-26,C008,CAM007
CUST0785,2026-03-24,C013,CAM032
CUST0786,2026-04-17,C002,CAM002
CUST0787,2026-04-05,C013,CAM023
CUST0788,2026-05-30,C023,CAM005
CUST0789,2026-02-13,C004,CAM020
CUST0790,2026-04-08,C009,CAM030
CUST0791,2026-05-15,C013,CAM019
CUST0792,2026-04-10,C002,CAM002
CUST0793,2026-05-10,C014,CAM014
CUST0794,2026-05-26,C013,CAM019
CUST0795,2026-06-02,C005,CAM021
CUST0796,2026-05-18,C014,CAM014
CUST0797,2026-01-15,C018,CAM016
CUST0798,2026-04-28,C013,CAM006
CUST0799,2026-02-10,C004,CAM020
CUST0800,2026-06-10,C005,CAM022
CUST0801,2026-01-15,C007,CAM037
CUST0802,2026-04-02,C009,CAM030
CUST0803,2026-01-14,C007,CAM036
CUST0804,2026-03-19,C013,CAM032
CUST0805,2026-04-15,C009,CAM035
CUST0806,2026-04-13,C011,CAM009
CUST0807,2026-01-22,C008,CAM007
CUST0808,2026-02-22,C018,CAM031
CUST0809,2026-01-15,C018,CAM016
CUST0810,2026-01-21,C007,CAM036
CUST0811,2026-06-01,C023,CAM005
CUST0812,2026-01-29,C010,CAM012
CUST0813,2026-03-21,C006,CAM008
CUST0814,2026-02-13,C004,CAM020
CUST0815,2026-05-08,C012,CAM024
CUST0816,2026-04-11,C023,CAM010
CUST0817,2026-05-04,C020,CAM026
CUST0818,2026-05-29,C011,CAM015
CUST0819,2026-03-30,C013,CAM032
CUST0820,2026-05-23,C023,CAM005
CUST0821,2026-01-28,C004,CAM040
CUST0822,2026-06-01,C023,CAM005
CUST0823,2026-04-30,C002,CAM027
CUST0824,2026-04-07,C023,CAM010
CUST0825,2026-06-16,C005,CAM022
CUST0826,2026-02-17,C021,CAM025
CUST0827,2026-03-17,C006,CAM008
CUST0828,2026-03-09,C011,CAM003
CUST0829,2026-01-27,C004,CAM040
CUST0830,2026-06-01,C024,CAM013
CUST0831,2026-05-04,C020,CAM026
CUST0832,2026-01-29,C018,CAM039
CUST0833,2026-02-21,C018,CAM031
CUST0834,2026-01-09,C007,CAM036
CUST0835,2026-04-04,C023,CAM010
CUST0836,2026-01-22,C007,CAM036
CUST0837,2026-05-29,C023,CAM005
CUST0838,2026-04-16,C002,CAM002
CUST0839,2026-04-23,C011,CAM009
CUST0840,2026-04-10,C009,CAM035
CUST0841,2026-01-17,C007,CAM036
CUST0842,2026-05-28,C005,CAM021
CUST0843,2026-01-18,C018,CAM016
CUST0844,2026-05-29,C011,CAM015
CUST0845,2026-01-20,C018,CAM016
CUST0846,2026-06-07,C018,CAM018
CUST0847,2026-05-30,C023,CAM005
CUST0848,2026-06-01,C009,CAM034
CUST0849,2026-04-26,C018,CAM017
CUST0850,2026-03-27,C013,CAM032
CUST0851,2026-02-26,C021,CAM025
CUST0852,2026-04-12,C009,CAM035
CUST0853,2026-01-12,C007,CAM037
CUST0854,2026-05-13,C012,CAM024
CUST0855,2026-04-26,C013,CAM006
CUST0856,2026-01-18,C008,CAM007
CUST0857,2026-05-30,C023,CAM005
CUST0858,2026-04-16,C018,CAM017
CUST0859,2026-04-07,C013,CAM023
CUST0860,2026-04-13,C013,CAM006
CUST0861,2026-04-08,C009,CAM030
CUST0862,2026-06-09,C005,CAM021
CUST0863,2026-03-02,C011,CAM001
CUST0864,2026-05-13,C020,CAM026
CUST0865,2026-01-20,C008,CAM007
CUST0866,2026-04-19,C018,CAM017
CUST0867,2026-05-30,C005,CAM022
CUST0868,2026-03-21,C007,CAM028
CUST0869,2026-05-25,C011,CAM015
CUST0870,2026-02-27,C011,CAM001
CUST0871,2026-06-11,C005,CAM021
CUST0872,2026-03-19,C006,CAM008
CUST0873,2026-01-09,C007,CAM037
CUST0874,2026-04-18,C002,CAM002
CUST0875,2026-04-17,C011,CAM009
CUST0876,2026-03-07,C010,CAM038
CUST0877,2026-04-24,C018,CAM017
CUST0878,2026-03-15,C007,CAM028
CUST0879,2026-03-24,C007,CAM028
CUST0880,2026-03-26,C007,CAM028
CUST0881,2026-05-10,C020,CAM026
CUST0882,2026-01-09,C007,CAM036
CUST0883,2026-01-22,C008,CAM007
CUST0884,2026-06-11,C024,CAM013
CUST0885,2026-03-21,C006,CAM008
CUST0886,2026-06-19,C005,CAM022
CUST0887,2026-06-04,C023,CAM005
CUST0888,2026-04-19,C018,CAM017
CUST0889,2026-04-16,C009,CAM035
CUST0890,2026-04-13,C002,CAM002
CUST0891,2026-04-13,C013,CAM023
CUST0892,2026-01-21,C004,CAM040
CUST0893,2026-02-11,C004,CAM020
CUST0894,2026-01-30,C008,CAM033
CUST0895,2026-04-17,C011,CAM009
CUST0896,2026-04-16,C002,CAM027
CUST0897,2026-04-04,C013,CAM023
CUST0898,2026-02-08,C004,CAM020
CUST0899,2026-05-20,C024,CAM013
CUST0900,2026-01-28,C010,CAM012
CUST0901,2026-01-24,C004,CAM040
CUST0902,2026-01-23,C018,CAM039
CUST0903,2026-05-19,C018,CAM004
CUST0904,2026-04-13,C013,CAM006
CUST0905,2026-04-16,C002,CAM027
CUST0906,2026-02-02,C008,CAM033
CUST0907,2026-05-19,C018,CAM004
CUST0908,2026-06-04,C023,CAM005
CUST0909,2026-04-04,C023,CAM010
CUST0910,2026-02-25,C011,CAM001
CUST0911,2026-05-26,C009,CAM034
CUST0912,2026-04-19,C011,CAM009
CUST0913,2026-05-31,C005,CAM022
CUST0914,2026-02-16,C008,CAM033
CUST0915,2026-04-12,C011,CAM009
CUST0916,2026-02-12,C004,CAM020
CUST0917,2026-06-03,C005,CAM022
CUST0918,2026-05-24,C011,CAM015
CUST0919,2026-04-04,C023,CAM010
CUST0920,2026-04-12,C013,CAM023
CUST0921,2026-05-08,C013,CAM019
CUST0922,2026-06-15,C005,CAM021
CUST0923,2026-04-14,C023,CAM010
CUST0924,2026-05-11,C020,CAM026
CUST0925,2026-01-16,C018,CAM016
CUST0926,2026-05-23,C024,CAM013
CUST0927,2026-04-11,C009,CAM035
CUST0928,2026-01-20,C010,CAM012
CUST0929,2026-06-14,C005,CAM022
CUST0930,2026-02-27,C011,CAM001
CUST0931,2026-04-18,C013,CAM006
CUST0932,2026-04-06,C013,CAM006
CUST0933,2026-06-09,C018,CAM018
CUST0934,2026-01-15,C007,CAM036
CUST0935,2026-03-04,C003,CAM011
CUST0936,2026-01-31,C004,CAM040
CUST0937,2026-03-16,C006,CAM008
CUST0938,2026-04-11,C013,CAM006
CUST0939,2026-06-01,C023,CAM005
CUST0940,2026-04-12,C009,CAM035
CUST0941,2026-05-21,C013,CAM019
CUST0942,2026-01-17,C018,CAM016
CUST0943,2026-05-31,C018,CAM018
CUST0944,2026-04-10,C013,CAM023
CUST0945,2026-03-21,C006,CAM008
CUST0946,2026-05-12,C013,CAM019
CUST0947,2026-04-21,C002,CAM027
CUST0948,2026-03-21,C006,CAM008
CUST0949,2026-03-08,C010,CAM038
CUST0950,2026-05-27,C013,CAM019
CUST0951,2026-03-09,C011,CAM001
CUST0952,2026-05-30,C009,CAM034
CUST0953,2026-02-24,C021,CAM025
CUST0954,2026-02-12,C010,CAM012
CUST0955,2026-05-18,C009,CAM034
CUST0956,2026-04-27,C018,CAM017
CUST0957,2026-03-10,C011,CAM003
CUST0958,2026-02-13,C018,CAM031
CUST0959,2026-03-09,C013,CAM032
CUST0960,2026-04-08,C002,CAM027
CUST0961,2026-04-22,C018,CAM017
CUST0962,2026-05-14,C012,CAM024
CUST0963,2026-02-26,C011,CAM001
CUST0964,2026-02-21,C004,CAM020
CUST0965,2026-04-11,C023,CAM010
CUST0966,2026-01-20,C018,CAM016
CUST0967,2026-01-25,C018,CAM039
CUST0968,2026-05-20,C024,CAM013
CUST0969,2026-02-21,C017,CAM029
CUST0970,2026-03-03,C003,CAM011
CUST0971,2026-06-11,C005,CAM022
CUST0972,2026-04-16,C023,CAM010
CUST0973,2026-05-15,C012,CAM024
CUST0974,2026-02-26,C011,CAM001
CUST0975,2026-02-05,C004,CAM040
CUST0976,2026-06-15,C024,CAM013
CUST0977,2026-02-04,C017,CAM029
CUST0978,2026-01-13,C007,CAM036
CUST0979,2026-03-24,C006,CAM008
CUST0980,2026-05-06,C014,CAM014
CUST0981,2026-02-01,C004,CAM040
CUST0982,2026-02-16,C008,CAM033
CUST0983,2026-01-27,C004,CAM040
CUST0984,2026-04-03,C009,CAM030
CUST0985,2026-04-06,C013,CAM023
CUST0986,2026-04-02,C009,CAM030
CUST0987,2026-04-13,C011,CAM009
CUST0988,2026-03-05,C003,CAM011
CUST0989,2026-03-26,C013,CAM032
CUST0990,2026-02-23,C018,CAM031
CUST0991,2026-02-24,C008,CAM033
CUST0992,2026-04-22,C020,CAM026
CUST0993,2026-05-10,C012,CAM024
CUST0994,2026-05-16,C013,CAM019
CUST0995,2026-05-09,C013,CAM019
CUST0996,2026-02-13,C004,CAM020
CUST0997,2026-03-13,C007,CAM028
CUST0998,2026-04-30,C014,CAM014
CUST0999,2026-01-26,C018,CAM039
CUST1000,2026-05-11,C012,CAM024
CUST1001,2026-04-22,C002,CAM027
CUST1002,2026-03-03,C021,CAM025
CUST1003,2026-03-26,C013,CAM032
CUST1004,2026-03-03,C011,CAM001
CUST1005,2026-06-11,C005,CAM022
CUST1006,2026-05-13,C013,CAM019
CUST1007,2026-03-19,C013,CAM032
CUST1008,2026-05-21,C024,CAM013
CUST1009,2026-04-22,C018,CAM017
CUST1010,2026-04-30,C020,CAM026
CUST1011,2026-03-11,C003,CAM011
CUST1012,2026-02-17,C004,CAM020
CUST1013,2026-05-28,C011,CAM015
CUST1014,2026-03-11,C010,CAM038
CUST1015,2026-05-24,C011,CAM015
CUST1016,2026-05-27,C013,CAM019
CUST1017,2026-04-29,C002,CAM027
CUST1018,2026-02-13,C018,CAM031
CUST1019,2026-04-12,C002,CAM002
CUST1020,2026-03-24,C013,CAM032
CUST1021,2026-01-15,C018,CAM016
CUST1022,2026-05-10,C012,CAM024
CUST1023,2026-01-06,C007,CAM037
CUST1024,2026-03-10,C011,CAM003
CUST1025,2026-03-11,C011,CAM001
CUST1026,2026-01-16,C018,CAM016
CUST1027,2026-04-21,C011,CAM009
CUST1028,2026-04-14,C002,CAM002
CUST1029,2026-05-23,C011,CAM015
CUST1030,2026-05-02,C002,CAM027
CUST1031,2026-01-22,C018,CAM039
CUST1032,2026-04-02,C009,CAM030
CUST1033,2026-02-01,C017,CAM029
CUST1034,2026-04-12,C009,CAM035
CUST1035,2026-04-12,C011,CAM009
CUST1036,2026-03-23,C007,CAM028
CUST1037,2026-04-08,C002,CAM002
CUST1038,2026-04-04,C013,CAM023
CUST1039,2026-01-10,C007,CAM037
CUST1040,2026-02-28,C011,CAM001
CUST1041,2026-04-18,C009,CAM035
CUST1042,2026-06-13,C005,CAM021
CUST1043,2026-04-04,C013,CAM023
CUST1044,2026-01-30,C018,CAM039
CUST1045,2026-03-18,C006,CAM008
CUST1046,2026-04-10,C009,CAM035
CUST1047,2026-05-25,C009,CAM034
CUST1048,2026-05-26,C024,CAM013
CUST1049,2026-01-14,C007,CAM037
CUST1050,2026-01-23,C004,CAM040
CUST1051,2026-04-24,C018,CAM017
CUST1052,2026-01-22,C018,CAM016
CUST1053,2026-06-16,C005,CAM022
CUST1054,2026-03-17,C006,CAM008
CUST1055,2026-04-14,C009,CAM035
CUST1056,2026-01-30,C004,CAM040
CUST1057,2026-04-16,C002,CAM002
CUST1058,2026-04-22,C018,CAM017
CUST1059,2026-04-13,C002,CAM002
CUST1060,2026-06-12,C005,CAM021
CUST1061,2026-02-27,C003,CAM011
CUST1062,2026-05-26,C023,CAM005
CUST1063,2026-01-15,C018,CAM016
CUST1064,2026-04-19,C002,CAM027
CUST1065,2026-02-12,C008,CAM033
CUST1066,2026-05-09,C020,CAM026
CUST1067,2026-05-30,C023,CAM005
CUST1068,2026-01-29,C018,CAM039
CUST1069,2026-06-05,C005,CAM021
CUST1070,2026-03-17,C006,CAM008
CUST1071,2026-02-13,C008,CAM033
CUST1072,2026-03-06,C021,CAM025
CUST1073,2026-02-10,C004,CAM020
CUST1074,2026-04-16,C002,CAM002
CUST1075,2026-01-17,C018,CAM016
CUST1076,2026-03-06,C021,CAM025
CUST1077,2026-06-14,C005,CAM021
CUST1078,2026-03-14,C013,CAM032
CUST1079,2026-01-08,C007,CAM036
CUST1080,2026-05-26,C023,CAM005
CUST1081,2026-04-17,C002,CAM002
CUST1082,2026-05-12,C020,CAM026
CUST1083,2026-03-03,C011,CAM001
CUST1084,2026-04-13,C009,CAM035
CUST1085,2026-04-17,C002,CAM002
CUST1086,2026-04-29,C002,CAM027
CUST1087,2026-03-21,C006,CAM008
CUST1088,2026-02-11,C021,CAM025
CUST1089,2026-05-14,C013,CAM019
CUST1090,2026-05-12,C014,CAM014
CUST1091,2026-06-04,C005,CAM022
CUST1092,2026-01-20,C010,CAM012
CUST1093,2026-01-22,C018,CAM039
CUST1094,2026-03-03,C010,CAM038
CUST1095,2026-04-23,C013,CAM006
CUST1096,2026-01-02,C007,CAM036
CUST1097,2026-03-06,C021,CAM025
CUST1098,2026-04-11,C009,CAM035
CUST1099,2026-03-25,C006,CAM008
CUST1100,2026-05-29,C023,CAM005
CUST1101,2026-04-12,C013,CAM023
CUST1102,2026-03-03,C011,CAM001
CUST1103,2026-04-19,C013,CAM006
CUST1104,2026-04-18,C011,CAM009
CUST1105,2026-01-11,C007,CAM037
CUST1106,2026-06-16,C005,CAM022
CUST1107,2026-04-21,C018,CAM017
CUST1108,2026-05-26,C011,CAM015
CUST1109,2026-04-13,C002,CAM027
CUST1110,2026-05-18,C009,CAM034
CUST1111,2026-05-20,C013,CAM019
CUST1112,2026-03-29,C007,CAM028
CUST1113,2026-01-19,C008,CAM007
CUST1114,2026-04-17,C009,CAM035
CUST1115,2026-04-07,C009,CAM035
CUST1116,2026-04-21,C011,CAM009
CUST1117,2026-04-17,C002,CAM002
CUST1118,2026-03-11,C010,CAM038
CUST1119,2026-02-23,C017,CAM029
CUST1120,2026-05-30,C011,CAM015
CUST1121,2026-05-16,C009,CAM034
CUST1122,2026-04-26,C020,CAM026
CUST1123,2026-03-08,C010,CAM038
CUST1124,2026-05-12,C009,CAM034
CUST1125,2026-02-21,C018,CAM031
CUST1126,2026-05-14,C013,CAM019
CUST1127,2026-01-06,C007,CAM037
CUST1128,2026-04-01,C013,CAM032
CUST1129,2026-01-30,C010,CAM012
CUST1130,2026-03-25,C006,CAM008
CUST1131,2026-06-17,C005,CAM022
CUST1132,2026-01-29,C018,CAM039
CUST1133,2026-04-11,C013,CAM023
CUST1134,2026-02-24,C017,CAM029
CUST1135,2026-06-16,C024,CAM013
CUST1136,2026-03-06,C010,CAM038
CUST1137,2026-04-08,C009,CAM030
CUST1138,2026-01-28,C008,CAM033
CUST1139,2026-01-24,C008,CAM007
CUST1140,2026-05-15,C013,CAM019
CUST1141,2026-01-26,C008,CAM007
CUST1142,2026-06-07,C005,CAM022
CUST1143,2026-01-25,C008,CAM007
CUST1144,2026-02-10,C004,CAM040
CUST1145,2026-01-08,C007,CAM037
CUST1146,2026-02-04,C008,CAM033
CUST1147,2026-05-27,C013,CAM019
CUST1148,2026-04-11,C011,CAM009
CUST1149,2026-02-24,C021,CAM025
CUST1150,2026-01-13,C007,CAM037
CUST1151,2026-06-05,C024,CAM013
CUST1152,2026-05-31,C018,CAM018
CUST1153,2026-04-20,C011,CAM009
CUST1154,2026-03-11,C010,CAM038
CUST1155,2026-03-02,C011,CAM001
CUST1156,2026-06-02,C024,CAM013
CUST1157,2026-03-09,C013,CAM032
CUST1158,2026-05-20,C024,CAM013
CUST1159,2026-02-07,C017,CAM029
CUST1160,2026-06-12,C005,CAM021
CUST1161,2026-04-21,C002,CAM027
CUST1162,2026-05-20,C013,CAM019
CUST1163,2026-04-10,C002,CAM002
CUST1164,2026-02-13,C018,CAM031
CUST1165,2026-02-22,C021,CAM025
CUST1166,2026-06-04,C011,CAM015
CUST1167,2026-01-27,C018,CAM016
CUST1168,2026-04-23,C018,CAM017
CUST1169,2026-03-23,C007,CAM028
CUST1170,2026-03-17,C006,CAM008
CUST1171,2026-06-05,C011,CAM015
CUST1172,2026-05-30,C023,CAM005
CUST1173,2026-02-12,C004,CAM020
CUST1174,2026-04-16,C002,CAM002
CUST1175,2026-04-13,C009,CAM035
CUST1176,2026-04-04,C009,CAM030
CUST1177,2026-03-01,C011,CAM001
CUST1178,2026-06-03,C005,CAM021
CUST1179,2026-05-29,C011,CAM015
CUST1180,2026-05-29,C005,CAM021
CUST1181,2026-02-08,C010,CAM012
CUST1182,2026-02-07,C004,CAM040
CUST1183,2026-02-21,C018,CAM031
CUST1184,2026-02-10,C008,CAM033
CUST1185,2026-06-16,C018,CAM018
CUST1186,2026-04-11,C002,CAM002
CUST1187,2026-04-06,C009,CAM030
CUST1188,2026-02-01,C017,CAM029
CUST1189,2026-06-06,C005,CAM022
CUST1190,2026-04-12,C002,CAM027
CUST1191,2026-05-18,C024,CAM013
CUST1192,2026-01-25,C008,CAM007
CUST1193,2026-06-05,C023,CAM005
CUST1194,2026-02-28,C021,CAM025
CUST1195,2026-06-11,C005,CAM021
CUST1196,2026-05-25,C013,CAM019
CUST1197,2026-04-11,C013,CAM023
CUST1198,2026-02-15,C004,CAM020
CUST1199,2026-01-27,C004,CAM040
CUST1200,2026-02-14,C008,CAM033
CUST1201,2026-02-01,C010,CAM012
CUST1202,2026-02-06,C004,CAM020
CUST1203,2026-04-16,C002,CAM002
CUST1204,2026-03-28,C007,CAM028
CUST1205,2026-04-14,C002,CAM002
CUST1206,2026-03-17,C011,CAM003
CUST1207,2026-03-31,C013,CAM032
CUST1208,2026-03-29,C007,CAM028
CUST1209,2026-05-28,C023,CAM005
CUST1210,2026-05-19,C009,CAM034
CUST1211,2026-02-21,C017,CAM029
CUST1212,2026-01-30,C017,CAM029
CUST1213,2026-03-04,C003,CAM011
CUST1214,2026-02-06,C004,CAM020
CUST1215,2026-02-23,C021,CAM025
CUST1216,2026-04-10,C002,CAM027
CUST1217,2026-01-22,C008,CAM007
CUST1218,2026-04-15,C002,CAM002
CUST1219,2026-01-08,C007,CAM037
CUST1220,2026-03-09,C011,CAM003
CUST1221,2026-02-12,C004,CAM020
CUST1222,2026-04-11,C009,CAM035
CUST1223,2026-06-02,C011,CAM015
CUST1224,2026-01-04,C007,CAM036
CUST1225,2026-04-04,C023,CAM010
CUST1226,2026-03-10,C010,CAM038
CUST1227,2026-03-30,C009,CAM030
CUST1228,2026-03-05,C003,CAM011
CUST1229,2026-05-07,C012,CAM024
CUST1230,2026-05-14,C014,CAM014
CUST1231,2026-04-14,C023,CAM010
CUST1232,2026-03-12,C011,CAM003
CUST1233,2026-02-07,C017,CAM029
CUST1234,2026-01-15,C007,CAM036
CUST1235,2026-05-14,C012,CAM024
CUST1236,2026-04-13,C002,CAM002
CUST1237,2026-02-11,C004,CAM020
CUST1238,2026-04-29,C014,CAM014
CUST1239,2026-04-13,C011,CAM009
CUST1240,2026-01-30,C010,CAM012
CUST1241,2026-02-20,C008,CAM033
CUST1242,2026-05-25,C018,CAM004
CUST1243,2026-02-08,C017,CAM029
CUST1244,2026-02-15,C017,CAM029
CUST1245,2026-01-05,C007,CAM036
CUST1246,2026-05-11,C013,CAM019
CUST1247,2026-04-12,C013,CAM023
CUST1248,2026-01-16,C007,CAM036
CUST1249,2026-04-08,C023,CAM010
CUST1250,2026-03-01,C021,CAM025
CUST1251,2026-03-29,C013,CAM032
CUST1252,2026-04-22,C013,CAM006
CUST1253,2026-04-05,C023,CAM010
CUST1254,2026-03-13,C011,CAM001
CUST1255,2026-02-12,C004,CAM020
CUST1256,2026-05-25,C011,CAM015
CUST1257,2026-05-12,C020,CAM026
CUST1258,2026-04-13,C013,CAM023
CUST1259,2026-05-09,C012,CAM024
CUST1260,2026-01-22,C007,CAM036
CUST1261,2026-01-30,C010,CAM012
CUST1262,2026-06-09,C005,CAM022
CUST1263,2026-02-05,C017,CAM029
CUST1264,2026-04-14,C018,CAM017
CUST1265,2026-01-17,C007,CAM036
CUST1266,2026-04-19,C018,CAM017
CUST1267,2026-04-16,C013,CAM023
CUST1268,2026-05-15,C012,CAM024
CUST1269,2026-03-10,C011,CAM003
CUST1270,2026-02-19,C018,CAM031
CUST1271,2026-05-24,C023,CAM005
CUST1272,2026-01-12,C007,CAM037
CUST1273,2026-06-04,C024,CAM013
CUST1274,2026-02-17,C008,CAM033
CUST1275,2026-04-15,C009,CAM035
CUST1276,2026-04-18,C009,CAM035
CUST1277,2026-03-10,C011,CAM003
CUST1278,2026-05-09,C020,CAM026
CUST1279,2026-04-16,C023,CAM010
CUST1280,2026-05-24,C013,CAM019
CUST1281,2026-02-06,C017,CAM029
CUST1282,2026-06-03,C009,CAM034
CUST1283,2026-05-29,C023,CAM005
CUST1284,2026-04-09,C002,CAM002
CUST1285,2026-04-20,C013,CAM006
CUST1286,2026-02-13,C008,CAM033
CUST1287,2026-03-18,C006,CAM008
CUST1288,2026-04-10,C023,CAM010
CUST1289,2026-05-29,C009,CAM034
CUST1290,2026-02-17,C018,CAM031
CUST1291,2026-01-22,C018,CAM039
CUST1292,2026-01-10,C007,CAM037
CUST1293,2026-01-23,C018,CAM039
CUST1294,2026-03-11,C011,CAM001
CUST1295,2026-02-14,C010,CAM012
CUST1296,2026-06-03,C005,CAM022
CUST1297,2026-03-18,C003,CAM011
CUST1298,2026-03-06,C021,CAM025
CUST1299,2026-04-06,C013,CAM023
CUST1300,2026-06-10,C005,CAM021
CUST1301,2026-02-21,C004,CAM020
CUST1302,2026-02-25,C011,CAM001
CUST1303,2026-02-26,C011,CAM001
CUST1304,2026-01-26,C018,CAM016
CUST1305,2026-02-19,C017,CAM029
CUST1306,2026-02-14,C004,CAM020
CUST1307,2026-06-22,C018,CAM018
CUST1308,2026-03-10,C010,CAM038
CUST1309,2026-01-20,C008,CAM007
CUST1310,2026-05-25,C005,CAM021
CUST1311,2026-02-08,C008,CAM033
CUST1312,2026-01-27,C004,CAM040
CUST1313,2026-05-18,C018,CAM004
CUST1314,2026-03-05,C010,CAM038
CUST1315,2026-03-31,C009,CAM030
CUST1316,2026-03-26,C007,CAM028
CUST1317,2026-03-11,C011,CAM003
CUST1318,2026-02-16,C004,CAM020
CUST1319,2026-03-15,C003,CAM011
CUST1320,2026-05-03,C014,CAM014
CUST1321,2026-01-11,C007,CAM036
CUST1322,2026-06-05,C018,CAM018
CUST1323,2026-04-19,C020,CAM026
CUST1324,2026-05-17,C013,CAM019
CUST1325,2026-02-14,C004,CAM020
CUST1326,2026-06-03,C018,CAM018
CUST1327,2026-02-18,C017,CAM029
CUST1328,2026-03-28,C007,CAM028
CUST1329,2026-01-25,C008,CAM007
CUST1330,2026-04-25,C018,CAM017
CUST1331,2026-04-25,C020,CAM026
CUST1332,2026-01-11,C007,CAM037
CUST1333,2026-05-19,C024,CAM013
CUST1334,2026-02-02,C010,CAM012
CUST1335,2026-01-25,C007,CAM036
CUST1336,2026-02-07,C004,CAM020
CUST1337,2026-01-19,C004,CAM040
CUST1338,2026-04-25,C018,CAM017
CUST1339,2026-05-24,C018,CAM004
CUST1340,2026-05-30,C005,CAM021
CUST1341,2026-06-02,C005,CAM021
CUST1342,2026-04-15,C009,CAM035
CUST1343,2026-03-11,C011,CAM003
CUST1344,2026-06-01,C005,CAM022
CUST1345,2026-06-04,C011,CAM015
CUST1346,2026-04-12,C011,CAM009
CUST1347,2026-01-21,C018,CAM039
CUST1348,2026-03-12,C011,CAM003
CUST1349,2026-05-09,C014,CAM014
CUST1350,2026-01-06,C007,CAM036
CUST1351,2026-06-02,C005,CAM022
CUST1352,2026-02-01,C017,CAM029
CUST1353,2026-04-06,C009,CAM030
CUST1354,2026-02-14,C008,CAM033
CUST1355,2026-03-05,C003,CAM011
CUST1356,2026-01-23,C018,CAM039
CUST1357,2026-03-06,C011,CAM001
CUST1358,2026-04-19,C020,CAM026
CUST1359,2026-02-10,C018,CAM031
CUST1360,2026-06-05,C005,CAM022
CUST1361,2026-03-09,C010,CAM038
CUST1362,2026-03-06,C007,CAM028
CUST1363,2026-02-16,C008,CAM033
CUST1364,2026-01-23,C004,CAM040
CUST1365,2026-05-27,C018,CAM004
CUST1366,2026-02-11,C021,CAM025
CUST1367,2026-04-16,C009,CAM035
CUST1368,2026-04-28,C013,CAM006
CUST1369,2026-02-27,C021,CAM025
CUST1370,2026-04-17,C011,CAM009
CUST1371,2026-06-01,C005,CAM022
CUST1372,2026-04-02,C009,CAM030
CUST1373,2026-01-09,C007,CAM036
CUST1374,2026-05-14,C013,CAM019
CUST1375,2026-02-13,C018,CAM031
CUST1376,2026-05-28,C018,CAM018
CUST1377,2026-05-14,C020,CAM026
CUST1378,2026-04-27,C002,CAM027
CUST1379,2026-01-23,C008,CAM007
CUST1380,2026-04-15,C002,CAM002
CUST1381,2026-04-13,C009,CAM035
CUST1382,2026-02-19,C018,CAM031
CUST1383,2026-04-08,C011,CAM009
CUST1384,2026-03-08,C021,CAM025
CUST1385,2026-03-01,C021,CAM025
CUST1386,2026-01-19,C018,CAM016
CUST1387,2026-04-18,C011,CAM009
CUST1388,2026-03-21,C006,CAM008
CUST1389,2026-04-17,C002,CAM002
CUST1390,2026-01-28,C004,CAM040
CUST1391,2026-04-15,C002,CAM002
CUST1392,2026-03-10,C010,CAM038
CUST1393,2026-01-24,C008,CAM007
CUST1394,2026-04-19,C013,CAM006
CUST1395,2026-04-23,C018,CAM017
CUST1396,2026-03-08,C010,CAM038
CUST1397,2026-04-08,C009,CAM035
CUST1398,2026-02-16,C017,CAM029
CUST1399,2026-05-24,C018,CAM004
CUST1400,2026-01-31,C017,CAM029
CUST1401,2026-02-02,C010,CAM012
CUST1402,2026-05-24,C013,CAM019
CUST1403,2026-05-07,C012,CAM024
CUST1404,2026-02-03,C004,CAM040
CUST1405,2026-04-03,C009,CAM030
CUST1406,2026-04-14,C009,CAM035
CUST1407,2026-05-02,C014,CAM014
CUST1408,2026-04-12,C002,CAM027
CUST1409,2026-04-14,C009,CAM035
CUST1410,2026-03-17,C006,CAM008
CUST1411,2026-04-24,C002,CAM027
CUST1412,2026-05-18,C018,CAM004
CUST1413,2026-04-19,C018,CAM017
CUST1414,2026-03-03,C003,CAM011
CUST1415,2026-01-15,C007,CAM037
CUST1416,2026-05-26,C018,CAM004
CUST1417,2026-05-19,C013,CAM019
CUST1418,2026-04-22,C018,CAM017
CUST1419,2026-02-08,C017,CAM029
CUST1420,2026-06-07,C005,CAM021
CUST1421,2026-05-29,C018,CAM018
CUST1422,2026-01-30,C004,CAM040
CUST1423,2026-03-17,C003,CAM011
CUST1424,2026-02-18,C021,CAM025
CUST1425,2026-05-24,C023,CAM005
CUST1426,2026-04-22,C002,CAM027
CUST1427,2026-04-28,C013,CAM006
CUST1428,2026-03-11,C011,CAM001
CUST1429,2026-04-28,C018,CAM017
CUST1430,2026-05-23,C018,CAM004
CUST1431,2026-02-19,C021,CAM025
CUST1432,2026-03-10,C010,CAM038
CUST1433,2026-06-02,C023,CAM005
CUST1434,2026-01-31,C008,CAM033
CUST1435,2026-02-12,C021,CAM025
CUST1436,2026-03-15,C007,CAM028
CUST1437,2026-03-15,C011,CAM003
CUST1438,2026-06-03,C005,CAM021
CUST1439,2026-02-10,C008,CAM033
CUST1440,2026-06-01,C009,CAM034
CUST1441,2026-05-14,C014,CAM014
CUST1442,2026-02-06,C004,CAM040
CUST1443,2026-03-10,C003,CAM011
CUST1444,2026-03-15,C013,CAM032
CUST1445,2026-06-15,C018,CAM018
CUST1446,2026-04-16,C009,CAM035
CUST1447,2026-06-01,C023,CAM005
CUST1448,2026-03-28,C013,CAM032
CUST1449,2026-01-07,C007,CAM037
CUST1450,2026-03-14,C011,CAM001
CUST1451,2026-04-24,C018,CAM017
CUST1452,2026-06-13,C018,CAM018
CUST1453,2026-04-25,C018,CAM017
CUST1454,2026-01-08,C007,CAM037
CUST1455,2026-01-08,C007,CAM037
CUST1456,2026-01-14,C007,CAM036
CUST1457,2026-01-22,C018,CAM039
CUST1458,2026-05-25,C018,CAM004
CUST1459,2026-05-14,C009,CAM034
CUST1460,2026-05-22,C013,CAM019
CUST1461,2026-02-01,C010,CAM012
CUST1462,2026-04-26,C018,CAM017
CUST1463,2026-02-17,C004,CAM020
CUST1464,2026-04-05,C009,CAM030
CUST1465,2026-05-31,C011,CAM015
CUST1466,2026-05-18,C024,CAM013
CUST1467,2026-04-04,C013,CAM023
CUST1468,2026-01-23,C010,CAM012
CUST1469,2026-02-11,C004,CAM040
CUST1470,2026-04-07,C009,CAM035
CUST1471,2026-01-25,C004,CAM040
CUST1472,2026-02-08,C004,CAM020
CUST1473,2026-02-15,C004,CAM020
CUST1474,2026-02-06,C004,CAM020
CUST1475,2026-05-16,C012,CAM024
CUST1476,2026-05-03,C002,CAM027
CUST1477,2026-03-29,C007,CAM028
CUST1478,2026-05-23,C023,CAM005
CUST1479,2026-05-07,C020,CAM026
CUST1480,2026-05-26,C018,CAM018
CUST1481,2026-01-26,C004,CAM040
CUST1482,2026-04-17,C009,CAM035
CUST1483,2026-06-02,C023,CAM005
CUST1484,2026-04-14,C013,CAM023
CUST1485,2026-05-15,C012,CAM024
CUST1486,2026-04-05,C013,CAM023
CUST1487,2026-05-04,C020,CAM026
CUST1488,2026-03-21,C013,CAM032
CUST1489,2026-01-21,C007,CAM036
CUST1490,2026-06-06,C024,CAM013
CUST1491,2026-03-09,C010,CAM038
CUST1492,2026-04-15,C013,CAM023
CUST1493,2026-03-15,C011,CAM003
CUST1494,2026-05-13,C012,CAM024
CUST1495,2026-03-07,C007,CAM028
CUST1496,2026-01-24,C008,CAM007
CUST1497,2026-02-18,C018,CAM031
CUST1498,2026-02-02,C017,CAM029
CUST1499,2026-06-07,C024,CAM013
CUST1500,2026-01-30,C018,CAM039
CUST1501,2026-05-28,C018,CAM004
CUST1502,2026-06-16,C005,CAM022
CUST1503,2026-02-09,C010,CAM012
CUST1504,2026-02-18,C021,CAM025
CUST1505,2026-03-06,C010,CAM038
CUST1506,2026-06-15,C005,CAM021
CUST1507,2026-04-12,C011,CAM009
CUST1508,2026-02-15,C008,CAM033
CUST1509,2026-05-09,C012,CAM024
CUST1510,2026-01-29,C018,CAM016
CUST1511,2026-05-09,C014,CAM014
CUST1512,2026-06-07,C005,CAM022
CUST1513,2026-05-20,C009,CAM034
CUST1514,2026-05-25,C024,CAM013
CUST1515,2026-05-27,C009,CAM034
CUST1516,2026-05-09,C020,CAM026
CUST1517,2026-03-10,C010,CAM038
CUST1518,2026-04-29,C002,CAM027
CUST1519,2026-04-29,C020,CAM026
CUST1520,2026-04-06,C009,CAM030
CUST1521,2026-03-23,C006,CAM008
CUST1522,2026-05-08,C012,CAM024
CUST1523,2026-05-23,C013,CAM019
CUST1524,2026-01-25,C018,CAM039
CUST1525,2026-05-19,C024,CAM013
CUST1526,2026-04-11,C023,CAM010
CUST1527,2026-01-25,C010,CAM012
CUST1528,2026-06-14,C005,CAM021
CUST1529,2026-02-21,C004,CAM020
CUST1530,2026-05-21,C018,CAM004
CUST1531,2026-05-24,C011,CAM015
CUST1532,2026-02-25,C018,CAM031
CUST1533,2026-02-26,C011,CAM001
CUST1534,2026-05-23,C023,CAM005
CUST1535,2026-01-26,C008,CAM007
CUST1536,2026-01-24,C018,CAM039
CUST1537,2026-04-08,C013,CAM006
CUST1538,2026-05-27,C005,CAM021
CUST1539,2026-04-12,C013,CAM023
CUST1540,2026-01-11,C007,CAM036
CUST1541,2026-01-21,C018,CAM016
CUST1542,2026-02-05,C010,CAM012
CUST1543,2026-03-11,C013,CAM032
CUST1544,2026-03-17,C011,CAM003
CUST1545,2026-04-11,C011,CAM009
CUST1546,2026-04-10,C023,CAM010
CUST1547,2026-05-28,C018,CAM018
CUST1548,2026-02-15,C008,CAM033
CUST1549,2026-03-30,C007,CAM028
CUST1550,2026-05-14,C009,CAM034
CUST1551,2026-02-12,C017,CAM029
CUST1552,2026-04-15,C009,CAM035
CUST1553,2026-01-27,C018,CAM039
CUST1554,2026-03-26,C007,CAM028
CUST1555,2026-05-28,C023,CAM005
CUST1556,2026-05-04,C014,CAM014
CUST1557,2026-04-16,C013,CAM006
CUST1558,2026-02-12,C010,CAM012
CUST1559,2026-03-09,C011,CAM003
CUST1560,2026-02-13,C010,CAM012
CUST1561,2026-02-17,C017,CAM029
CUST1562,2026-04-14,C013,CAM023
CUST1563,2026-02-21,C008,CAM033
CUST1564,2026-04-11,C023,CAM010
CUST1565,2026-05-09,C012,CAM024
CUST1566,2026-04-06,C023,CAM010
CUST1567,2026-04-12,C002,CAM002
CUST1568,2026-03-11,C011,CAM003
CUST1569,2026-03-06,C021,CAM025
CUST1570,2026-02-13,C004,CAM020
CUST1571,2026-03-22,C006,CAM008
CUST1572,2026-02-19,C021,CAM025
CUST1573,2026-02-14,C018,CAM031
CUST1574,2026-05-23,C011,CAM015
CUST1575,2026-01-19,C004,CAM040
CUST1576,2026-06-15,C005,CAM021
CUST1577,2026-04-15,C002,CAM027
CUST1578,2026-04-08,C002,CAM027
CUST1579,2026-06-15,C005,CAM021
CUST1580,2026-02-25,C011,CAM001
CUST1581,2026-02-10,C004,CAM020
CUST1582,2026-01-26,C007,CAM036
CUST1583,2026-03-09,C011,CAM003
CUST1584,2026-05-11,C020,CAM026
CUST1585,2026-05-24,C018,CAM004
CUST1586,2026-03-11,C010,CAM038
CUST1587,2026-05-28,C018,CAM004
CUST1588,2026-03-14,C011,CAM003
CUST1589,2026-03-08,C011,CAM001
CUST1590,2026-01-26,C018,CAM039
CUST1591,2026-04-10,C002,CAM027
CUST1592,2026-02-01,C008,CAM033
CUST1593,2026-05-11,C013,CAM019
CUST1594,2026-02-05,C004,CAM040
CUST1595,2026-02-11,C004,CAM040
CUST1596,2026-03-08,C011,CAM001
CUST1597,2026-03-22,C006,CAM008
CUST1598,2026-02-02,C004,CAM040
CUST1599,2026-01-26,C008,CAM007
CUST1600,2026-04-22,C002,CAM027
CUST1601,2026-05-01,C014,CAM014
CUST1602,2026-05-12,C009,CAM034
CUST1603,2026-05-12,C009,CAM034
CUST1604,2026-04-11,C023,CAM010
CUST1605,2026-03-15,C007,CAM028
CUST1606,2026-01-23,C018,CAM039
CUST1607,2026-02-10,C004,CAM040
CUST1608,2026-05-26,C005,CAM021
CUST1609,2026-04-03,C009,CAM030
CUST1610,2026-06-13,C005,CAM021
CUST1611,2026-01-26,C008,CAM007
CUST1612,2026-05-31,C023,CAM005
CUST1613,2026-06-04,C009,CAM034
CUST1614,2026-03-14,C011,CAM003
CUST1615,2026-04-06,C009,CAM030
CUST1616,2026-01-29,C018,CAM016
CUST1617,2026-06-06,C005,CAM022
CUST1618,2026-02-02,C008,CAM033
CUST1619,2026-05-31,C009,CAM034
CUST1620,2026-02-28,C011,CAM001
CUST1621,2026-05-03,C014,CAM014
CUST1622,2026-04-29,C014,CAM014
CUST1623,2026-01-28,C004,CAM040
CUST1624,2026-06-23,C018,CAM018
CUST1625,2026-04-11,C023,CAM010
CUST1626,2026-01-13,C007,CAM037
CUST1627,2026-03-13,C007,CAM028
CUST1628,2026-05-25,C005,CAM021
CUST1629,2026-03-17,C011,CAM003
CUST1630,2026-04-04,C013,CAM023
CUST1631,2026-01-15,C007,CAM037
CUST1632,2026-05-26,C011,CAM015
CUST1633,2026-06-02,C024,CAM013
CUST1634,2026-04-20,C011,CAM009
CUST1635,2026-02-10,C018,CAM031
CUST1636,2026-01-29,C018,CAM039
CUST1637,2026-06-04,C005,CAM022
CUST1638,2026-02-19,C004,CAM020
CUST1639,2026-01-24,C004,CAM040
CUST1640,2026-04-14,C002,CAM002
CUST1641,2026-04-18,C018,CAM017
CUST1642,2026-05-09,C012,CAM024
CUST1643,2026-03-11,C010,CAM038
CUST1644,2026-04-12,C013,CAM023
CUST1645,2026-03-11,C011,CAM001
CUST1646,2026-04-13,C013,CAM023
CUST1647,2026-02-27,C017,CAM029
CUST1648,2026-01-08,C007,CAM037
CUST1649,2026-05-29,C009,CAM034
CUST1650,2026-06-04,C023,CAM005
CUST1651,2026-02-12,C008,CAM033
CUST1652,2026-01-29,C018,CAM039
CUST1653,2026-05-22,C018,CAM004
CUST1654,2026-06-23,C018,CAM018
CUST1655,2026-05-23,C011,CAM015
CUST1656,2026-04-21,C020,CAM026
CUST1657,2026-04-10,C002,CAM002
CUST1658,2026-04-08,C009,CAM035
CUST1659,2026-05-10,C020,CAM026
CUST1660,2026-04-14,C013,CAM023
CUST1661,2026-05-16,C012,CAM024
CUST1662,2026-05-12,C013,CAM019
CUST1663,2026-04-28,C018,CAM017
CUST1664,2026-03-19,C006,CAM008
CUST1665,2026-01-26,C008,CAM007
CUST1666,2026-05-27,C009,CAM034
CUST1667,2026-01-19,C008,CAM007
CUST1668,2026-06-21,C018,CAM018
CUST1669,2026-05-10,C014,CAM014
CUST1670,2026-04-08,C013,CAM023
CUST1671,2026-02-10,C004,CAM040
CUST1672,2026-03-31,C009,CAM030
CUST1673,2026-05-26,C011,CAM015
CUST1674,2026-04-03,C013,CAM023
CUST1675,2026-03-07,C007,CAM028
CUST1676,2026-03-17,C011,CAM003
CUST1677,2026-03-20,C006,CAM008
CUST1678,2026-01-08,C007,CAM037
CUST1679,2026-01-22,C007,CAM036
CUST1680,2026-01-22,C008,CAM007
CUST1681,2026-02-28,C003,CAM011
CUST1682,2026-03-01,C018,CAM031
CUST1683,2026-03-03,C010,CAM038
CUST1684,2026-06-04,C018,CAM018
CUST1685,2026-01-31,C008,CAM033
CUST1686,2026-02-21,C017,CAM029
CUST1687,2026-04-18,C018,CAM017
CUST1688,2026-06-04,C005,CAM021
CUST1689,2026-04-11,C013,CAM023
CUST1690,2026-04-13,C002,CAM002
CUST1691,2026-05-25,C013,CAM019
CUST1692,2026-02-14,C017,CAM029
CUST1693,2026-04-07,C013,CAM023
CUST1694,2026-04-21,C011,CAM009
CUST1695,2026-03-24,C013,CAM032
CUST1696,2026-05-07,C012,CAM024
CUST1697,2026-01-31,C008,CAM033
CUST1698,2026-03-17,C006,CAM008
CUST1699,2026-04-09,C002,CAM002
CUST1700,2026-01-20,C018,CAM016
CUST1701,2026-03-15,C011,CAM003
CUST1702,2026-05-17,C014,CAM014
CUST1703,2026-02-21,C018,CAM031
CUST1704,2026-01-12,C007,CAM037
CUST1705,2026-06-05,C023,CAM005
CUST1706,2026-05-10,C009,CAM034
CUST1707,2026-02-09,C010,CAM012
CUST1708,2026-06-04,C018,CAM018
CUST1709,2026-03-30,C009,CAM030
CUST1710,2026-06-06,C023,CAM005
CUST1711,2026-05-23,C013,CAM019
CUST1712,2026-04-11,C009,CAM035
CUST1713,2026-05-07,C012,CAM024
CUST1714,2026-05-08,C012,CAM024
CUST1715,2026-05-29,C011,CAM015
CUST1716,2026-04-24,C020,CAM026
CUST1717,2026-04-30,C002,CAM027
CUST1718,2026-03-21,C013,CAM032
CUST1719,2026-05-10,C020,CAM026
CUST1720,2026-05-27,C009,CAM034
CUST1721,2026-05-29,C005,CAM021
CUST1722,2026-02-14,C017,CAM029
CUST1723,2026-04-13,C013,CAM023
CUST1724,2026-02-10,C021,CAM025
CUST1725,2026-01-18,C008,CAM007
CUST1726,2026-01-30,C004,CAM040
CUST1727,2026-05-23,C023,CAM005
CUST1728,2026-05-11,C012,CAM024
CUST1729,2026-01-10,C007,CAM036
CUST1730,2026-04-12,C009,CAM035
CUST1731,2026-04-13,C018,CAM017
CUST1732,2026-04-08,C013,CAM023
CUST1733,2026-02-06,C010,CAM012
CUST1734,2026-04-19,C018,CAM017
CUST1735,2026-02-23,C017,CAM029
CUST1736,2026-05-08,C014,CAM014
CUST1737,2026-04-11,C023,CAM010
CUST1738,2026-05-15,C012,CAM024
CUST1739,2026-01-27,C004,CAM040
CUST1740,2026-02-17,C018,CAM031
CUST1741,2026-03-04,C010,CAM038
CUST1742,2026-04-07,C009,CAM030
CUST1743,2026-05-05,C014,CAM014
CUST1744,2026-04-02,C009,CAM030
CUST1745,2026-03-24,C006,CAM008
CUST1746,2026-04-16,C002,CAM002
CUST1747,2026-02-14,C021,CAM025
CUST1748,2026-02-04,C010,CAM012
CUST1749,2026-03-12,C007,CAM028
CUST1750,2026-02-14,C004,CAM020
CUST1751,2026-06-18,C005,CAM022
CUST1752,2026-06-03,C011,CAM015
CUST1753,2026-01-10,C007,CAM037
CUST1754,2026-04-17,C011,CAM009
CUST1755,2026-01-28,C018,CAM016
CUST1756,2026-02-16,C018,CAM031
CUST1757,2026-05-22,C018,CAM004
CUST1758,2026-04-07,C009,CAM030
CUST1759,2026-04-16,C023,CAM010
CUST1760,2026-04-25,C002,CAM027
CUST1761,2026-01-05,C007,CAM037
CUST1762,2026-01-25,C018,CAM039
CUST1763,2026-04-04,C013,CAM006
CUST1764,2026-04-19,C020,CAM026
CUST1765,2026-03-17,C006,CAM008
CUST1766,2026-01-19,C008,CAM007
CUST1767,2026-03-10,C007,CAM028
CUST1768,2026-04-19,C013,CAM006
CUST1769,2026-05-04,C002,CAM027
CUST1770,2026-01-22,C008,CAM007
CUST1771,2026-03-28,C013,CAM032
CUST1772,2026-03-13,C007,CAM028
CUST1773,2026-05-19,C018,CAM004
CUST1774,2026-06-22,C018,CAM018
CUST1775,2026-03-17,C007,CAM028
CUST1776,2026-03-14,C011,CAM001
CUST1777,2026-06-07,C005,CAM022
CUST1778,2026-04-15,C002,CAM002
CUST1779,2026-01-21,C007,CAM036
CUST1780,2026-04-01,C013,CAM032
CUST1781,2026-05-15,C013,CAM019
CUST1782,2026-01-21,C007,CAM036
CUST1783,2026-06-07,C024,CAM013
CUST1784,2026-06-07,C005,CAM022
CUST1785,2026-05-09,C012,CAM024
CUST1786,2026-06-17,C005,CAM021
CUST1787,2026-01-21,C010,CAM012
CUST1788,2026-01-11,C007,CAM037
CUST1789,2026-01-21,C018,CAM016
CUST1790,2026-04-05,C013,CAM023
CUST1791,2026-02-10,C017,CAM029
CUST1792,2026-01-05,C007,CAM037
CUST1793,2026-01-22,C018,CAM016
CUST1794,2026-06-05,C005,CAM021
CUST1795,2026-03-04,C010,CAM038
CUST1796,2026-03-01,C011,CAM001
CUST1797,2026-04-23,C018,CAM017
CUST1798,2026-03-20,C006,CAM008
CUST1799,2026-04-17,C002,CAM027
CUST1800,2026-03-06,C010,CAM038
CUST1801,2026-02-07,C004,CAM040
CUST1802,2026-05-13,C013,CAM019
CUST1803,2026-04-12,C011,CAM009
CUST1804,2026-05-23,C011,CAM015
CUST1805,2026-04-05,C009,CAM030
CUST1806,2026-01-18,C018,CAM016
CUST1807,2026-03-20,C006,CAM008
CUST1808,2026-05-05,C014,CAM014
CUST1809,2026-03-16,C003,CAM011
CUST1810,2026-03-05,C010,CAM038
CUST1811,2026-03-04,C011,CAM001
CUST1812,2026-04-22,C011,CAM009
CUST1813,2026-05-26,C011,CAM015
CUST1814,2026-05-27,C018,CAM004
CUST1815,2026-06-05,C018,CAM018
CUST1816,2026-01-24,C018,CAM016
CUST1817,2026-04-30,C014,CAM014
CUST1818,2026-05-29,C011,CAM015
CUST1819,2026-04-04,C013,CAM006
CUST1820,2026-03-13,C011,CAM001
CUST1821,2026-05-30,C018,CAM018
CUST1822,2026-05-25,C024,CAM013
CUST1823,2026-06-07,C005,CAM022
CUST1824,2026-05-30,C023,CAM005
CUST1825,2026-02-26,C018,CAM031
CUST1826,2026-02-27,C018,CAM031
CUST1827,2026-04-18,C009,CAM035
CUST1828,2026-01-02,C007,CAM036
CUST1829,2026-04-10,C009,CAM035
CUST1830,2026-06-04,C005,CAM021
CUST1831,2026-06-07,C005,CAM021
CUST1832,2026-02-10,C004,CAM020
CUST1833,2026-06-21,C018,CAM018
CUST1834,2026-05-31,C009,CAM034
CUST1835,2026-05-31,C011,CAM015
CUST1836,2026-03-30,C009,CAM030
CUST1837,2026-04-13,C013,CAM023
CUST1838,2026-04-19,C011,CAM009
CUST1839,2026-04-11,C009,CAM035
CUST1840,2026-01-22,C018,CAM016
CUST1841,2026-05-30,C005,CAM022
CUST1842,2026-06-01,C011,CAM015
CUST1843,2026-06-18,C018,CAM018
CUST1844,2026-03-19,C006,CAM008
CUST1845,2026-01-28,C004,CAM040
CUST1846,2026-01-23,C018,CAM016
CUST1847,2026-02-11,C017,CAM029
CUST1848,2026-05-29,C024,CAM013
CUST1849,2026-04-18,C009,CAM035
CUST1850,2026-04-17,C011,CAM009
CUST1851,2026-04-12,C002,CAM002
CUST1852,2026-06-04,C005,CAM021
CUST1853,2026-05-23,C024,CAM013
CUST1854,2026-05-16,C013,CAM019
CUST1855,2026-02-11,C004,CAM040
CUST1856,2026-05-04,C014,CAM014
CUST1857,2026-04-03,C013,CAM023
CUST1858,2026-03-13,C007,CAM028
CUST1859,2026-05-25,C009,CAM034
CUST1860,2026-01-03,C007,CAM036
CUST1861,2026-05-14,C012,CAM024
CUST1862,2026-04-17,C011,CAM009
CUST1863,2026-02-15,C004,CAM020
CUST1864,2026-05-11,C009,CAM034
CUST1865,2026-04-12,C009,CAM035
CUST1866,2026-01-22,C008,CAM007
CUST1867,2026-01-18,C004,CAM040
CUST1868,2026-02-19,C008,CAM033
CUST1869,2026-05-22,C013,CAM019
CUST1870,2026-06-20,C018,CAM018
CUST1871,2026-05-12,C020,CAM026
CUST1872,2026-03-17,C006,CAM008
CUST1873,2026-02-11,C017,CAM029
CUST1874,2026-06-08,C024,CAM013
CUST1875,2026-02-06,C004,CAM040
CUST1876,2026-04-15,C009,CAM035
CUST1877,2026-03-15,C011,CAM003
CUST1878,2026-03-10,C007,CAM028
CUST1879,2026-05-30,C005,CAM021
CUST1880,2026-04-17,C018,CAM017
CUST1881,2026-05-25,C013,CAM019
CUST1882,2026-01-28,C018,CAM039
CUST1883,2026-04-06,C023,CAM010
CUST1884,2026-04-05,C009,CAM030
CUST1885,2026-02-25,C017,CAM029
CUST1886,2026-02-25,C011,CAM001
CUST1887,2026-04-17,C011,CAM009
CUST1888,2026-04-28,C018,CAM017
CUST1889,2026-05-27,C011,CAM015
CUST1890,2026-05-25,C023,CAM005
CUST1891,2026-04-22,C011,CAM009
CUST1892,2026-03-20,C006,CAM008
CUST1893,2026-03-23,C013,CAM032
CUST1894,2026-04-16,C009,CAM035
CUST1895,2026-03-21,C003,CAM011
CUST1896,2026-05-19,C009,CAM034
CUST1897,2026-05-12,C012,CAM024
CUST1898,2026-04-01,C009,CAM030
CUST1899,2026-04-05,C023,CAM010
CUST1900,2026-02-17,C018,CAM031
CUST1901,2026-01-26,C018,CAM039
CUST1902,2026-06-09,C005,CAM021
CUST1903,2026-04-06,C013,CAM006
CUST1904,2026-04-03,C009,CAM030
CUST1905,2026-06-19,C018,CAM018
CUST1906,2026-04-15,C023,CAM010
CUST1907,2026-05-13,C009,CAM034
CUST1908,2026-02-20,C004,CAM020
CUST1909,2026-05-19,C018,CAM004
CUST1910,2026-03-09,C007,CAM028
CUST1911,2026-03-30,C009,CAM030
CUST1912,2026-04-08,C013,CAM006
CUST1913,2026-06-03,C009,CAM034
CUST1914,2026-04-06,C013,CAM006
CUST1915,2026-02-19,C004,CAM020
CUST1916,2026-03-07,C021,CAM025
CUST1917,2026-05-26,C018,CAM004
CUST1918,2026-02-23,C018,CAM031
CUST1919,2026-01-20,C008,CAM007
CUST1920,2026-06-20,C018,CAM018
CUST1921,2026-04-08,C002,CAM002
CUST1922,2026-02-26,C018,CAM031
CUST1923,2026-05-28,C011,CAM015
CUST1924,2026-06-06,C005,CAM021
CUST1925,2026-06-03,C005,CAM022
CUST1926,2026-06-15,C005,CAM021
CUST1927,2026-01-21,C018,CAM016
CUST1928,2026-02-04,C004,CAM040
CUST1929,2026-05-12,C012,CAM024
CUST1930,2026-04-07,C013,CAM023
CUST1931,2026-06-15,C005,CAM021
CUST1932,2026-05-06,C020,CAM026
CUST1933,2026-05-30,C011,CAM015
CUST1934,2026-01-21,C008,CAM007
CUST1935,2026-01-18,C007,CAM036
CUST1936,2026-04-14,C013,CAM023
CUST1937,2026-01-28,C010,CAM012
CUST1938,2026-04-07,C013,CAM023
CUST1939,2026-01-24,C010,CAM012
CUST1940,2026-01-09,C007,CAM037
CUST1941,2026-03-18,C003,CAM011
CUST1942,2026-03-16,C006,CAM008
CUST1943,2026-05-17,C013,CAM019
CUST1944,2026-01-11,C007,CAM036
CUST1945,2026-02-27,C021,CAM025
CUST1946,2026-05-25,C013,CAM019
CUST1947,2026-02-19,C018,CAM031
CUST1948,2026-03-24,C006,CAM008
CUST1949,2026-02-13,C008,CAM033
CUST1950,2026-05-30,C011,CAM015
CUST1951,2026-04-15,C002,CAM002
CUST1952,2026-01-31,C010,CAM012
CUST1953,2026-03-15,C011,CAM003
CUST1954,2026-04-21,C011,CAM009
CUST1955,2026-04-01,C013,CAM032
CUST1956,2026-03-25,C013,CAM032
CUST1957,2026-01-13,C007,CAM037
CUST1958,2026-05-10,C012,CAM024
CUST1959,2026-04-06,C023,CAM010
CUST1960,2026-06-04,C023,CAM005
CUST1961,2026-02-12,C021,CAM025
CUST1962,2026-04-17,C011,CAM009
CUST1963,2026-04-18,C009,CAM035
CUST1964,2026-03-07,C010,CAM038
CUST1965,2026-01-01,C007,CAM036
CUST1966,2026-03-21,C007,CAM028
CUST1967,2026-06-06,C011,CAM015
CUST1968,2026-05-27,C018,CAM004
CUST1969,2026-04-15,C002,CAM002
CUST1970,2026-03-07,C011,CAM001
CUST1971,2026-05-24,C018,CAM004
CUST1972,2026-01-09,C007,CAM037
CUST1973,2026-04-29,C014,CAM014
CUST1974,2026-03-07,C010,CAM038
CUST1975,2026-02-05,C010,CAM012
CUST1976,2026-05-25,C005,CAM021
CUST1977,2026-01-12,C007,CAM037
CUST1978,2026-01-29,C018,CAM039
CUST1979,2026-04-19,C018,CAM017
CUST1980,2026-01-30,C008,CAM033
CUST1981,2026-03-09,C010,CAM038
CUST1982,2026-03-09,C011,CAM003
CUST1983,2026-01-30,C017,CAM029
CUST1984,2026-06-07,C005,CAM022
CUST1985,2026-02-13,C021,CAM025
CUST1986,2026-05-15,C009,CAM034
CUST1987,2026-02-21,C021,CAM025
CUST1988,2026-06-02,C005,CAM022
CUST1989,2026-03-02,C003,CAM011
CUST1990,2026-01-21,C018,CAM016
CUST1991,2026-03-21,C006,CAM008
CUST1992,2026-01-16,C007,CAM036
CUST1993,2026-05-11,C013,CAM019
CUST1994,2026-05-26,C023,CAM005
CUST1995,2026-02-07,C004,CAM040
CUST1996,2026-03-23,C007,CAM028
CUST1997,2026-04-21,C011,CAM009
CUST1998,2026-01-20,C010,CAM012
CUST1999,2026-04-08,C009,CAM030
CUST2000,2026-04-13,C009,CAM035
CUST2001,2026-04-08,C013,CAM023
CUST2002,2026-01-27,C007,CAM036
CUST2003,2026-03-04,C021,CAM025
CUST2004,2026-03-30,C009,CAM030
CUST2005,2026-01-20,C008,CAM007
CUST2006,2026-04-01,C009,CAM030
CUST2007,2026-06-09,C005,CAM022
CUST2008,2026-03-23,C006,CAM008
CUST2009,2026-06-13,C005,CAM022
CUST2010,2026-06-06,C011,CAM015
CUST2011,2026-06-01,C011,CAM015
CUST2012,2026-04-10,C002,CAM002
CUST2013,2026-04-11,C023,CAM010
CUST2014,2026-02-24,C017,CAM029
CUST2015,2026-01-29,C018,CAM039
CUST2016,2026-01-10,C007,CAM037
CUST2017,2026-04-19,C011,CAM009
CUST2018,2026-03-09,C011,CAM003
CUST2019,2026-01-21,C008,CAM007
CUST2020,2026-03-02,C021,CAM025
CUST2021,2026-04-07,C009,CAM035
CUST2022,2026-01-26,C007,CAM036
CUST2023,2026-02-08,C008,CAM033
CUST2024,2026-04-18,C002,CAM002
CUST2025,2026-03-13,C011,CAM001
CUST2026,2026-02-09,C010,CAM012
CUST2027,2026-02-16,C008,CAM033
CUST2028,2026-01-05,C007,CAM036
CUST2029,2026-04-07,C009,CAM030
CUST2030,2026-05-30,C023,CAM005
CUST2031,2026-02-04,C004,CAM040
CUST2032,2026-01-29,C018,CAM016
CUST2033,2026-01-15,C007,CAM037
CUST2034,2026-04-18,C011,CAM009
CUST2035,2026-01-22,C010,CAM012
CUST2036,2026-02-10,C017,CAM029
CUST2037,2026-04-15,C011,CAM009
CUST2038,2026-04-09,C013,CAM006
CUST2039,2026-03-09,C011,CAM003
CUST2040,2026-04-16,C013,CAM006
CUST2041,2026-05-31,C018,CAM018
CUST2042,2026-04-28,C002,CAM027
CUST2043,2026-03-06,C021,CAM025
CUST2044,2026-06-07,C005,CAM022
CUST2045,2026-04-18,C011,CAM009
CUST2046,2026-05-27,C018,CAM004
CUST2047,2026-04-16,C009,CAM035
CUST2048,2026-02-10,C021,CAM025
CUST2049,2026-01-19,C008,CAM007
CUST2050,2026-03-16,C011,CAM003
CUST2051,2026-04-08,C002,CAM002
CUST2052,2026-05-22,C009,CAM034
CUST2053,2026-03-15,C011,CAM003
CUST2054,2026-01-15,C018,CAM016
CUST2055,2026-02-10,C008,CAM033
CUST2056,2026-04-13,C013,CAM006
CUST2057,2026-05-26,C018,CAM018
CUST2058,2026-03-12,C011,CAM003
CUST2059,2026-06-11,C005,CAM021
CUST2060,2026-03-13,C013,CAM032
CUST2061,2026-02-10,C008,CAM033
CUST2062,2026-01-24,C010,CAM012
CUST2063,2026-05-30,C018,CAM018
CUST2064,2026-01-10,C007,CAM037
CUST2065,2026-03-12,C011,CAM001
CUST2066,2026-04-08,C009,CAM030
CUST2067,2026-01-23,C018,CAM016
CUST2068,2026-05-25,C005,CAM021
CUST2069,2026-06-19,C005,CAM022
CUST2070,2026-05-14,C013,CAM019
CUST2071,2026-04-11,C023,CAM010
CUST2072,2026-06-17,C005,CAM022
CUST2073,2026-01-22,C008,CAM007
CUST2074,2026-03-10,C010,CAM038
CUST2075,2026-01-18,C018,CAM016
CUST2076,2026-05-06,C014,CAM014
CUST2077,2026-03-10,C010,CAM038
CUST2078,2026-02-18,C004,CAM020
CUST2079,2026-01-01,C007,CAM036
CUST2080,2026-01-19,C018,CAM016
CUST2081,2026-05-02,C002,CAM027
CUST2082,2026-05-10,C012,CAM024
CUST2083,2026-03-18,C003,CAM011
CUST2084,2026-06-04,C005,CAM022
CUST2085,2026-03-29,C009,CAM030
CUST2086,2026-03-17,C006,CAM008
CUST2087,2026-04-22,C011,CAM009
CUST2088,2026-02-08,C004,CAM020
CUST2089,2026-06-12,C018,CAM018
CUST2090,2026-02-07,C010,CAM012
CUST2091,2026-04-14,C018,CAM017
CUST2092,2026-05-26,C018,CAM004
CUST2093,2026-05-09,C020,CAM026
CUST2094,2026-04-23,C011,CAM009
CUST2095,2026-04-09,C002,CAM002
CUST2096,2026-02-02,C004,CAM040
CUST2097,2026-04-17,C009,CAM035
CUST2098,2026-04-14,C013,CAM023
CUST2099,2026-06-13,C018,CAM018
CUST2100,2026-04-14,C018,CAM017
CUST2101,2026-04-07,C023,CAM010
CUST2102,2026-01-26,C018,CAM039
CUST2103,2026-04-16,C023,CAM010
CUST2104,2026-04-12,C013,CAM023
CUST2105,2026-05-21,C013,CAM019
CUST2106,2026-03-05,C011,CAM001
CUST2107,2026-05-26,C011,CAM015
CUST2108,2026-05-26,C018,CAM004
CUST2109,2026-05-16,C013,CAM019
CUST2110,2026-04-21,C020,CAM026
CUST2111,2026-03-16,C007,CAM028
CUST2112,2026-03-18,C013,CAM032
CUST2113,2026-04-12,C002,CAM002
CUST2114,2026-01-26,C008,CAM007
CUST2115,2026-01-28,C010,CAM012
CUST2116,2026-02-22,C018,CAM031
CUST2117,2026-02-06,C004,CAM020
CUST2118,2026-03-31,C009,CAM030
CUST2119,2026-03-19,C006,CAM008
CUST2120,2026-01-27,C018,CAM016
CUST2121,2026-04-13,C009,CAM035
CUST2122,2026-04-14,C011,CAM009
CUST2123,2026-02-12,C004,CAM020
CUST2124,2026-03-17,C007,CAM028
CUST2125,2026-04-24,C013,CAM006
CUST2126,2026-04-14,C002,CAM002
CUST2127,2026-05-31,C023,CAM005
CUST2128,2026-04-07,C009,CAM030
CUST2129,2026-01-24,C018,CAM016
CUST2130,2026-05-13,C012,CAM024
CUST2131,2026-02-19,C021,CAM025
CUST2132,2026-05-31,C023,CAM005
CUST2133,2026-04-07,C009,CAM030
CUST2134,2026-03-10,C011,CAM003
CUST2135,2026-04-11,C002,CAM002
CUST2136,2026-05-29,C005,CAM021
CUST2137,2026-06-12,C005,CAM022
CUST2138,2026-04-19,C018,CAM017
CUST2139,2026-03-14,C003,CAM011
CUST2140,2026-01-24,C018,CAM039
CUST2141,2026-02-17,C021,CAM025
CUST2142,2026-02-17,C018,CAM031
CUST2143,2026-01-15,C007,CAM036
CUST2144,2026-01-03,C007,CAM036
CUST2145,2026-04-30,C002,CAM027
CUST2146,2026-05-27,C023,CAM005
CUST2147,2026-04-16,C009,CAM035
CUST2148,2026-03-11,C007,CAM028
CUST2149,2026-06-02,C005,CAM021
CUST2150,2026-04-15,C023,CAM010
CUST2151,2026-03-10,C011,CAM001
CUST2152,2026-03-06,C003,CAM011
CUST2153,2026-04-05,C009,CAM030
CUST2154,2026-04-08,C002,CAM002
CUST2155,2026-06-18,C018,CAM018
CUST2156,2026-05-31,C005,CAM022
CUST2157,2026-05-13,C014,CAM014
CUST2158,2026-01-23,C018,CAM016
CUST2159,2026-02-01,C008,CAM033
CUST2160,2026-05-31,C018,CAM018
CUST2161,2026-05-15,C012,CAM024
CUST2162,2026-03-16,C003,CAM011
CUST2163,2026-03-18,C006,CAM008
CUST2164,2026-06-03,C011,CAM015
CUST2165,2026-05-18,C018,CAM004
CUST2166,2026-03-03,C018,CAM031
CUST2167,2026-03-31,C013,CAM032
CUST2168,2026-01-01,C007,CAM036
CUST2169,2026-02-08,C008,CAM033
CUST2170,2026-01-15,C018,CAM016
CUST2171,2026-01-24,C018,CAM039
CUST2172,2026-04-06,C013,CAM006
CUST2173,2026-02-11,C004,CAM020
CUST2174,2026-05-22,C009,CAM034
CUST2175,2026-05-28,C023,CAM005
CUST2176,2026-03-01,C021,CAM025
CUST2177,2026-01-30,C008,CAM033
CUST2178,2026-04-27,C002,CAM027
CUST2179,2026-04-10,C023,CAM010
CUST2180,2026-05-16,C013,CAM019
CUST2181,2026-05-11,C014,CAM014
CUST2182,2026-01-05,C007,CAM036
CUST2183,2026-01-10,C007,CAM037
CUST2184,2026-04-10,C002,CAM027
CUST2185,2026-05-31,C024,CAM013
CUST2186,2026-04-26,C020,CAM026
CUST2187,2026-04-11,C002,CAM002
CUST2188,2026-04-04,C009,CAM030
CUST2189,2026-02-07,C004,CAM020
CUST2190,2026-01-30,C004,CAM040
CUST2191,2026-05-30,C011,CAM015
CUST2192,2026-04-21,C018,CAM017
CUST2193,2026-02-23,C018,CAM031
CUST2194,2026-01-18,C004,CAM040
CUST2195,2026-05-26,C011,CAM015
CUST2196,2026-01-08,C007,CAM036
CUST2197,2026-05-20,C009,CAM034
CUST2198,2026-05-23,C013,CAM019
CUST2199,2026-03-12,C011,CAM003
CUST2200,2026-04-01,C009,CAM030
CUST2201,2026-04-10,C013,CAM006
CUST2202,2026-06-08,C005,CAM022
CUST2203,2026-04-27,C002,CAM027
CUST2204,2026-03-10,C010,CAM038
CUST2205,2026-05-15,C012,CAM024
CUST2206,2026-01-25,C008,CAM007
CUST2207,2026-03-12,C011,CAM003
CUST2208,2026-05-26,C009,CAM034
CUST2209,2026-04-04,C009,CAM030
CUST2210,2026-03-06,C003,CAM011
CUST2211,2026-04-07,C009,CAM030
CUST2212,2026-06-10,C024,CAM013
CUST2213,2026-04-03,C009,CAM030
CUST2214,2026-01-23,C007,CAM036
CUST2215,2026-03-15,C011,CAM003
CUST2216,2026-05-31,C005,CAM021
CUST2217,2026-01-15,C007,CAM037
CUST2218,2026-04-15,C009,CAM035
CUST2219,2026-05-18,C009,CAM034
CUST2220,2026-04-16,C018,CAM017
CUST2221,2026-03-07,C003,CAM011
CUST2222,2026-04-19,C013,CAM006
CUST2223,2026-03-19,C007,CAM028
CUST2224,2026-04-11,C013,CAM023
CUST2225,2026-04-22,C018,CAM017
CUST2226,2026-02-27,C011,CAM001
CUST2227,2026-06-18,C018,CAM018
CUST2228,2026-04-13,C018,CAM017
CUST2229,2026-05-08,C012,CAM024
CUST2230,2026-04-18,C002,CAM002
CUST2231,2026-04-06,C023,CAM010
CUST2232,2026-04-11,C002,CAM002
CUST2233,2026-06-07,C005,CAM022
CUST2234,2026-02-19,C017,CAM029
CUST2235,2026-06-15,C018,CAM018
CUST2236,2026-05-28,C011,CAM015
CUST2237,2026-06-04,C011,CAM015
CUST2238,2026-01-07,C007,CAM036
CUST2239,2026-04-13,C023,CAM010
CUST2240,2026-06-14,C005,CAM022
CUST2241,2026-05-13,C012,CAM024
CUST2242,2026-03-08,C010,CAM038
CUST2243,2026-03-15,C011,CAM003
CUST2244,2026-04-13,C002,CAM002
CUST2245,2026-02-22,C018,CAM031
CUST2246,2026-06-01,C011,CAM015
CUST2247,2026-06-12,C024,CAM013
CUST2248,2026-06-09,C005,CAM022
CUST2249,2026-01-10,C007,CAM037
CUST2250,2026-03-16,C011,CAM003
CUST2251,2026-04-05,C013,CAM006
CUST2252,2026-01-19,C008,CAM007
CUST2253,2026-04-09,C009,CAM035
CUST2254,2026-04-06,C009,CAM030
CUST2255,2026-06-05,C009,CAM034
CUST2256,2026-06-05,C023,CAM005
CUST2257,2026-03-12,C011,CAM003
CUST2258,2026-01-22,C010,CAM012
CUST2259,2026-04-13,C011,CAM009
CUST2260,2026-02-11,C004,CAM040
CUST2261,2026-03-23,C003,CAM011
CUST2262,2026-06-06,C023,CAM005
CUST2263,2026-04-09,C002,CAM002
CUST2264,2026-05-11,C014,CAM014
CUST2265,2026-03-22,C013,CAM032
CUST2266,2026-02-09,C004,CAM020
CUST2267,2026-04-07,C009,CAM030
CUST2268,2026-01-30,C018,CAM039
CUST2269,2026-05-22,C023,CAM005
CUST2270,2026-06-02,C023,CAM005
CUST2271,2026-03-25,C006,CAM008
CUST2272,2026-02-10,C018,CAM031
CUST2273,2026-04-08,C009,CAM035
CUST2274,2026-03-16,C013,CAM032
CUST2275,2026-01-30,C018,CAM039
CUST2276,2026-02-11,C018,CAM031
CUST2277,2026-01-22,C018,CAM039
CUST2278,2026-05-14,C012,CAM024
CUST2279,2026-04-28,C020,CAM026
CUST2280,2026-06-11,C024,CAM013
CUST2281,2026-06-02,C009,CAM034
CUST2282,2026-02-20,C008,CAM033
CUST2283,2026-03-21,C013,CAM032
CUST2284,2026-03-14,C013,CAM032
CUST2285,2026-01-20,C018,CAM016
CUST2286,2026-04-27,C013,CAM006
CUST2287,2026-05-01,C002,CAM027
CUST2288,2026-04-16,C002,CAM002
CUST2289,2026-03-03,C010,CAM038
CUST2290,2026-06-05,C023,CAM005
CUST2291,2026-01-22,C018,CAM016
CUST2292,2026-02-16,C018,CAM031
CUST2293,2026-04-03,C013,CAM006
CUST2294,2026-01-15,C007,CAM037
CUST2295,2026-02-23,C018,CAM031
CUST2296,2026-02-02,C017,CAM029
CUST2297,2026-01-23,C018,CAM016
CUST2298,2026-03-31,C009,CAM030
CUST2299,2026-01-19,C004,CAM040
CUST2300,2026-05-27,C018,CAM004
CUST2301,2026-04-12,C009,CAM035
CUST2302,2026-05-26,C005,CAM021
CUST2303,2026-05-18,C009,CAM034
CUST2304,2026-01-05,C007,CAM037
CUST2305,2026-03-30,C013,CAM032
CUST2306,2026-02-28,C018,CAM031
CUST2307,2026-04-11,C013,CAM006
CUST2308,2026-01-24,C018,CAM016
CUST2309,2026-06-09,C005,CAM022
CUST2310,2026-02-25,C011,CAM001
CUST2311,2026-06-09,C005,CAM021
CUST2312,2026-02-28,C018,CAM031
CUST2313,2026-04-19,C018,CAM017
CUST2314,2026-03-05,C010,CAM038
CUST2315,2026-01-23,C018,CAM039
CUST2316,2026-05-24,C011,CAM015
CUST2317,2026-01-10,C007,CAM037
CUST2318,2026-03-27,C007,CAM028
CUST2319,2026-05-31,C011,CAM015
CUST2320,2026-01-23,C007,CAM036
CUST2321,2026-04-12,C023,CAM010
CUST2322,2026-02-09,C010,CAM012
CUST2323,2026-04-14,C011,CAM009
CUST2324,2026-04-06,C013,CAM023
CUST2325,2026-04-14,C013,CAM023
CUST2326,2026-03-05,C011,CAM001
CUST2327,2026-05-10,C020,CAM026
CUST2328,2026-06-03,C024,CAM013
CUST2329,2026-04-25,C013,CAM006
CUST2330,2026-04-26,C002,CAM027
CUST2331,2026-02-14,C021,CAM025
CUST2332,2026-06-04,C009,CAM034
CUST2333,2026-05-17,C009,CAM034
CUST2334,2026-02-26,C021,CAM025
CUST2335,2026-03-08,C007,CAM028
CUST2336,2026-03-20,C006,CAM008
CUST2337,2026-03-09,C011,CAM001
CUST2338,2026-05-08,C012,CAM024
CUST2339,2026-03-13,C011,CAM001
CUST2340,2026-02-23,C008,CAM033
CUST2341,2026-02-10,C017,CAM029
CUST2342,2026-05-18,C009,CAM034
CUST2343,2026-04-29,C020,CAM026
CUST2344,2026-03-17,C007,CAM028
CUST2345,2026-04-11,C013,CAM023
CUST2346,2026-01-20,C008,CAM007
CUST2347,2026-05-18,C009,CAM034
CUST2348,2026-03-05,C021,CAM025
CUST2349,2026-05-27,C023,CAM005
CUST2350,2026-05-23,C009,CAM034
CUST2351,2026-03-12,C011,CAM003
CUST2352,2026-03-19,C013,CAM032
CUST2353,2026-01-16,C018,CAM016
CUST2354,2026-03-03,C010,CAM038
CUST2355,2026-05-24,C013,CAM019
CUST2356,2026-01-22,C018,CAM016
CUST2357,2026-04-15,C023,CAM010
CUST2358,2026-02-10,C010,CAM012
CUST2359,2026-06-07,C023,CAM005
CUST2360,2026-05-30,C011,CAM015
CUST2361,2026-04-19,C013,CAM006
CUST2362,2026-03-20,C013,CAM032
CUST2363,2026-04-06,C009,CAM035
CUST2364,2026-03-21,C006,CAM008
CUST2365,2026-04-15,C002,CAM027
CUST2366,2026-06-02,C005,CAM022
CUST2367,2026-02-09,C021,CAM025
CUST2368,2026-02-15,C021,CAM025
CUST2369,2026-04-16,C013,CAM023
CUST2370,2026-01-28,C018,CAM039
CUST2371,2026-01-20,C018,CAM016
CUST2372,2026-04-30,C020,CAM026
CUST2373,2026-01-29,C018,CAM039
CUST2374,2026-02-12,C021,CAM025
CUST2375,2026-04-16,C023,CAM010
CUST2376,2026-03-07,C003,CAM011
CUST2377,2026-05-27,C023,CAM005
CUST2378,2026-04-05,C009,CAM030
CUST2379,2026-02-10,C004,CAM020
CUST2380,2026-02-17,C004,CAM020
CUST2381,2026-01-22,C010,CAM012
CUST2382,2026-04-20,C002,CAM027
CUST2383,2026-04-10,C002,CAM002
CUST2384,2026-01-09,C007,CAM036
CUST2385,2026-01-20,C008,CAM007
CUST2386,2026-03-21,C013,CAM032
CUST2387,2026-06-05,C005,CAM021
CUST2388,2026-06-03,C009,CAM034
CUST2389,2026-02-23,C008,CAM033
CUST2390,2026-03-03,C010,CAM038
CUST2391,2026-04-18,C013,CAM006
CUST2392,2026-04-10,C002,CAM002
CUST2393,2026-03-12,C011,CAM003
CUST2394,2026-04-28,C018,CAM017
CUST2395,2026-04-16,C002,CAM002
CUST2396,2026-02-17,C017,CAM029
CUST2397,2026-05-19,C018,CAM004
CUST2398,2026-01-14,C007,CAM037
CUST2399,2026-04-22,C018,CAM017
CUST2400,2026-01-10,C007,CAM037
CUST2401,2026-04-10,C023,CAM010
CUST2402,2026-04-16,C002,CAM027
CUST2403,2026-02-23,C018,CAM031
CUST2404,2026-03-03,C011,CAM001
CUST2405,2026-01-25,C008,CAM007
CUST2406,2026-02-09,C004,CAM020
CUST2407,2026-03-30,C007,CAM028
CUST2408,2026-03-29,C007,CAM028
CUST2409,2026-04-17,C002,CAM002
CUST2410,2026-05-16,C013,CAM019
CUST2411,2026-05-25,C023,CAM005
CUST2412,2026-05-22,C013,CAM019
CUST2413,2026-05-27,C013,CAM019
CUST2414,2026-06-17,C005,CAM021
CUST2415,2026-04-12,C023,CAM010
CUST2416,2026-05-25,C013,CAM019
CUST2417,2026-03-02,C018,CAM031
CUST2418,2026-02-14,C017,CAM029
CUST2419,2026-02-19,C008,CAM033
CUST2420,2026-05-17,C014,CAM014
CUST2421,2026-03-16,C003,CAM011
CUST2422,2026-05-04,C014,CAM014
CUST2423,2026-04-11,C013,CAM023
CUST2424,2026-06-07,C005,CAM022
CUST2425,2026-05-05,C020,CAM026
CUST2426,2026-05-31,C011,CAM015
CUST2427,2026-04-16,C018,CAM017
CUST2428,2026-05-25,C005,CAM021
CUST2429,2026-05-27,C011,CAM015
CUST2430,2026-02-13,C004,CAM020
CUST2431,2026-05-29,C018,CAM018
CUST2432,2026-01-10,C007,CAM037
CUST2433,2026-02-27,C003,CAM011
CUST2434,2026-04-09,C023,CAM010
CUST2435,2026-01-18,C008,CAM007
CUST2436,2026-03-17,C013,CAM032
CUST2437,2026-05-31,C009,CAM034
CUST2438,2026-05-07,C020,CAM026
CUST2439,2026-03-11,C010,CAM038
CUST2440,2026-02-07,C008,CAM033
CUST2441,2026-02-18,C004,CAM020
CUST2442,2026-04-30,C020,CAM026
CUST2443,2026-04-13,C011,CAM009
CUST2444,2026-02-06,C008,CAM033
CUST2445,2026-04-17,C002,CAM002
CUST2446,2026-04-27,C018,CAM017
CUST2447,2026-02-26,C018,CAM031
CUST2448,2026-03-04,C010,CAM038
CUST2449,2026-02-25,C017,CAM029
CUST2450,2026-03-19,C003,CAM011
CUST2451,2026-03-20,C003,CAM011
CUST2452,2026-01-26,C018,CAM016
CUST2453,2026-01-08,C007,CAM037
CUST2454,2026-01-23,C018,CAM039
CUST2455,2026-02-17,C018,CAM031
CUST2456,2026-05-06,C020,CAM026
CUST2457,2026-02-12,C017,CAM029
CUST2458,2026-06-07,C024,CAM013
CUST2459,2026-02-02,C008,CAM033
CUST2460,2026-02-19,C018,CAM031
CUST2461,2026-01-31,C008,CAM033
CUST2462,2026-04-07,C009,CAM030
CUST2463,2026-01-20,C008,CAM007
CUST2464,2026-02-15,C004,CAM020
CUST2465,2026-03-12,C013,CAM032
CUST2466,2026-03-08,C010,CAM038
CUST2467,2026-03-10,C011,CAM003
CUST2468,2026-04-12,C011,CAM009
CUST2469,2026-04-15,C023,CAM010
CUST2470,2026-01-20,C004,CAM040
CUST2471,2026-05-10,C013,CAM019
CUST2472,2026-01-24,C008,CAM007
CUST2473,2026-06-08,C005,CAM021
CUST2474,2026-06-04,C011,CAM015
CUST2475,2026-04-14,C023,CAM010
CUST2476,2026-02-21,C004,CAM020
CUST2477,2026-03-23,C007,CAM028
CUST2478,2026-03-25,C006,CAM008
CUST2479,2026-01-24,C018,CAM039
CUST2480,2026-03-09,C011,CAM003
CUST2481,2026-05-23,C011,CAM015
CUST2482,2026-03-01,C011,CAM001
CUST2483,2026-04-12,C011,CAM009
CUST2484,2026-04-17,C009,CAM035
CUST2485,2026-06-10,C018,CAM018
CUST2486,2026-02-27,C003,CAM011
CUST2487,2026-02-11,C021,CAM025
CUST2488,2026-05-25,C018,CAM004
CUST2489,2026-02-19,C008,CAM033
CUST2490,2026-01-26,C018,CAM039
CUST2491,2026-05-08,C013,CAM019
CUST2492,2026-06-13,C005,CAM021
CUST2493,2026-01-30,C017,CAM029
CUST2494,2026-04-25,C013,CAM006
CUST2495,2026-05-17,C013,CAM019
CUST2496,2026-02-07,C017,CAM029
CUST2497,2026-01-20,C008,CAM007
CUST2498,2026-02-10,C021,CAM025
CUST2499,2026-03-28,C013,CAM032
CUST2500,2026-04-13,C009,CAM035
CUST2501,2026-03-05,C011,CAM001
CUST2502,2026-04-23,C018,CAM017
CUST2503,2026-01-22,C018,CAM039
CUST2504,2026-02-06,C008,CAM033
CUST2505,2026-02-07,C004,CAM020
CUST2506,2026-04-13,C009,CAM035
CUST2507,2026-05-23,C018,CAM004
CUST2508,2026-04-19,C018,CAM017
CUST2509,2026-05-26,C018,CAM004
CUST2510,2026-06-17,C005,CAM022
CUST2511,2026-06-05,C011,CAM015
CUST2512,2026-04-12,C011,CAM009
CUST2513,2026-05-08,C012,CAM024
CUST2514,2026-06-11,C024,CAM013
CUST2515,2026-03-03,C021,CAM025
CUST2516,2026-06-06,C024,CAM013
CUST2517,2026-02-24,C018,CAM031
CUST2518,2026-01-12,C007,CAM036
CUST2519,2026-04-15,C023,CAM010
CUST2520,2026-05-26,C011,CAM015
CUST2521,2026-04-07,C013,CAM006
CUST2522,2026-06-20,C018,CAM018
CUST2523,2026-05-14,C020,CAM026
CUST2524,2026-04-22,C020,CAM026
CUST2525,2026-01-20,C008,CAM007
CUST2526,2026-05-19,C024,CAM013
CUST2527,2026-05-22,C018,CAM004
CUST2528,2026-05-20,C018,CAM004
CUST2529,2026-05-07,C012,CAM024
CUST2530,2026-03-22,C006,CAM008
CUST2531,2026-02-02,C010,CAM012
CUST2532,2026-02-17,C004,CAM020
CUST2533,2026-06-14,C024,CAM013
CUST2534,2026-05-16,C012,CAM024
CUST2535,2026-01-26,C007,CAM036
CUST2536,2026-03-18,C006,CAM008
CUST2537,2026-04-10,C002,CAM002
CUST2538,2026-03-21,C013,CAM032
CUST2539,2026-03-17,C007,CAM028
CUST2540,2026-06-07,C005,CAM021
CUST2541,2026-06-03,C009,CAM034
CUST2542,2026-01-21,C010,CAM012
CUST2543,2026-01-21,C008,CAM007
CUST2544,2026-05-16,C013,CAM019
CUST2545,2026-02-25,C018,CAM031
CUST2546,2026-05-01,C020,CAM026
CUST2547,2026-05-28,C023,CAM005
CUST2548,2026-04-27,C020,CAM026
CUST2549,2026-05-30,C023,CAM005
CUST2550,2026-01-24,C004,CAM040
CUST2551,2026-05-15,C020,CAM026
CUST2552,2026-01-29,C004,CAM040
CUST2553,2026-03-24,C006,CAM008
CUST2554,2026-04-04,C009,CAM030
CUST2555,2026-03-15,C011,CAM003
CUST2556,2026-01-14,C007,CAM037
CUST2557,2026-01-26,C018,CAM039
CUST2558,2026-05-12,C012,CAM024
CUST2559,2026-02-23,C021,CAM025
CUST2560,2026-02-20,C004,CAM020
CUST2561,2026-01-02,C007,CAM036
CUST2562,2026-04-06,C009,CAM030
CUST2563,2026-04-14,C011,CAM009
CUST2564,2026-05-07,C020,CAM026
CUST2565,2026-05-12,C012,CAM024
CUST2566,2026-02-14,C017,CAM029
CUST2567,2026-02-22,C021,CAM025
CUST2568,2026-03-17,C011,CAM003
CUST2569,2026-04-06,C023,CAM010
CUST2570,2026-04-02,C009,CAM030
CUST2571,2026-04-21,C011,CAM009
CUST2572,2026-04-05,C023,CAM010
CUST2573,2026-01-15,C007,CAM037
CUST2574,2026-05-06,C020,CAM026
CUST2575,2026-01-20,C010,CAM012
CUST2576,2026-02-13,C004,CAM020
CUST2577,2026-01-16,C018,CAM016
CUST2578,2026-06-04,C009,CAM034
CUST2579,2026-06-04,C009,CAM034
CUST2580,2026-03-04,C003,CAM011
CUST2581,2026-04-15,C011,CAM009
CUST2582,2026-06-05,C009,CAM034
CUST2583,2026-03-21,C006,CAM008
CUST2584,2026-05-06,C014,CAM014
CUST2585,2026-06-05,C024,CAM013
CUST2586,2026-01-14,C007,CAM037
CUST2587,2026-06-18,C018,CAM018
CUST2588,2026-02-17,C018,CAM031
CUST2589,2026-05-26,C013,CAM019
CUST2590,2026-01-26,C004,CAM040
CUST2591,2026-05-28,C023,CAM005
CUST2592,2026-05-13,C020,CAM026
CUST2593,2026-04-15,C023,CAM010
CUST2594,2026-02-18,C004,CAM020
CUST2595,2026-02-19,C017,CAM029
CUST2596,2026-03-12,C011,CAM003
CUST2597,2026-02-23,C017,CAM029
CUST2598,2026-04-12,C002,CAM002
CUST2599,2026-04-12,C002,CAM027
CUST2600,2026-04-11,C011,CAM009
CUST2601,2026-01-06,C007,CAM036
CUST2602,2026-01-08,C007,CAM037
CUST2603,2026-05-26,C018,CAM018
CUST2604,2026-02-27,C011,CAM001
CUST2605,2026-04-18,C018,CAM017
CUST2606,2026-05-25,C005,CAM021
CUST2607,2026-05-18,C018,CAM004
CUST2608,2026-04-14,C009,CAM035
CUST2609,2026-03-23,C003,CAM011
CUST2610,2026-04-15,C011,CAM009
CUST2611,2026-02-24,C021,CAM025
CUST2612,2026-03-15,C003,CAM011
CUST2613,2026-03-24,C013,CAM032
CUST2614,2026-03-07,C010,CAM038
CUST2615,2026-02-18,C018,CAM031
CUST2616,2026-06-17,C005,CAM021
CUST2617,2026-02-15,C021,CAM025
CUST2618,2026-02-02,C010,CAM012
CUST2619,2026-04-23,C018,CAM017
CUST2620,2026-05-21,C013,CAM019
CUST2621,2026-01-15,C007,CAM037
CUST2622,2026-02-26,C011,CAM001
CUST2623,2026-05-29,C011,CAM015
CUST2624,2026-04-13,C002,CAM002
CUST2625,2026-03-12,C011,CAM003
CUST2626,2026-01-06,C007,CAM037
CUST2627,2026-04-06,C013,CAM023
CUST2628,2026-04-12,C023,CAM010
CUST2629,2026-01-21,C008,CAM007
CUST2630,2026-04-07,C009,CAM030
CUST2631,2026-06-12,C005,CAM022
CUST2632,2026-03-10,C010,CAM038
CUST2633,2026-03-09,C007,CAM028
CUST2634,2026-06-17,C005,CAM022
CUST2635,2026-05-20,C018,CAM004
CUST2636,2026-05-25,C013,CAM019
CUST2637,2026-03-26,C007,CAM028
CUST2638,2026-06-01,C005,CAM022
CUST2639,2026-02-28,C021,CAM025
CUST2640,2026-02-09,C004,CAM020
CUST2641,2026-04-03,C013,CAM006
CUST2642,2026-02-28,C011,CAM001
CUST2643,2026-05-29,C011,CAM015
CUST2644,2026-04-06,C009,CAM030
CUST2645,2026-05-23,C011,CAM015
CUST2646,2026-02-27,C011,CAM001
CUST2647,2026-04-10,C002,CAM002
CUST2648,2026-05-24,C011,CAM015
CUST2649,2026-01-14,C007,CAM036
CUST2650,2026-04-19,C013,CAM006
CUST2651,2026-02-20,C017,CAM029
CUST2652,2026-04-28,C018,CAM017
CUST2653,2026-04-13,C013,CAM023
CUST2654,2026-05-10,C013,CAM019
CUST2655,2026-02-24,C018,CAM031
CUST2656,2026-04-05,C023,CAM010
CUST2657,2026-03-08,C021,CAM025
CUST2658,2026-05-25,C011,CAM015
CUST2659,2026-03-04,C011,CAM001
CUST2660,2026-02-06,C004,CAM040
CUST2661,2026-05-28,C023,CAM005
CUST2662,2026-05-13,C009,CAM034
CUST2663,2026-01-23,C004,CAM040
CUST2664,2026-02-12,C021,CAM025
CUST2665,2026-04-21,C011,CAM009
CUST2666,2026-05-18,C013,CAM019
CUST2667,2026-02-03,C008,CAM033
CUST2668,2026-03-11,C010,CAM038
CUST2669,2026-01-22,C010,CAM012
CUST2670,2026-05-25,C023,CAM005
CUST2671,2026-04-16,C011,CAM009
CUST2672,2026-01-24,C008,CAM007
CUST2673,2026-05-15,C020,CAM026
CUST2674,2026-01-21,C008,CAM007
CUST2675,2026-02-18,C021,CAM025
CUST2676,2026-02-21,C004,CAM020
CUST2677,2026-04-13,C011,CAM009
CUST2678,2026-03-09,C011,CAM003
CUST2679,2026-03-16,C006,CAM008
CUST2680,2026-03-16,C006,CAM008
CUST2681,2026-01-21,C018,CAM039
CUST2682,2026-02-28,C011,CAM001
CUST2683,2026-04-07,C023,CAM010
CUST2684,2026-05-12,C013,CAM019
CUST2685,2026-06-20,C018,CAM018
CUST2686,2026-01-24,C007,CAM036
CUST2687,2026-01-25,C008,CAM007
CUST2688,2026-01-13,C007,CAM037
CUST2689,2026-05-08,C012,CAM024
CUST2690,2026-04-13,C013,CAM023
CUST2691,2026-05-14,C014,CAM014
CUST2692,2026-02-08,C008,CAM033
CUST2693,2026-05-11,C014,CAM014
CUST2694,2026-03-27,C007,CAM028
CUST2695,2026-03-05,C010,CAM038
CUST2696,2026-01-11,C007,CAM036
CUST2697,2026-05-08,C014,CAM014
CUST2698,2026-06-15,C005,CAM021
CUST2699,2026-04-09,C013,CAM023
CUST2700,2026-06-02,C023,CAM005
CUST2701,2026-02-20,C004,CAM020
CUST2702,2026-04-22,C013,CAM006
CUST2703,2026-05-14,C012,CAM024
CUST2704,2026-03-10,C010,CAM038
CUST2705,2026-05-27,C018,CAM018
CUST2706,2026-01-29,C004,CAM040
CUST2707,2026-01-22,C008,CAM007
CUST2708,2026-03-01,C011,CAM001
CUST2709,2026-05-07,C020,CAM026
CUST2710,2026-05-23,C023,CAM005
CUST2711,2026-05-03,C002,CAM027
CUST2712,2026-02-18,C004,CAM020
CUST2713,2026-04-22,C018,CAM017
CUST2714,2026-06-06,C005,CAM021
CUST2715,2026-05-27,C018,CAM004
CUST2716,2026-05-30,C024,CAM013
CUST2717,2026-05-24,C011,CAM015
CUST2718,2026-05-15,C020,CAM026
CUST2719,2026-06-09,C018,CAM018
CUST2720,2026-03-17,C003,CAM011
CUST2721,2026-04-11,C023,CAM010
CUST2722,2026-04-12,C013,CAM023
CUST2723,2026-04-12,C023,CAM010
CUST2724,2026-05-31,C005,CAM022
CUST2725,2026-04-14,C002,CAM002
CUST2726,2026-01-29,C018,CAM039
CUST2727,2026-01-20,C010,CAM012
CUST2728,2026-06-01,C023,CAM005
CUST2729,2026-02-21,C004,CAM020
CUST2730,2026-05-26,C013,CAM019
CUST2731,2026-01-19,C004,CAM040
CUST2732,2026-06-06,C023,CAM005
CUST2733,2026-02-24,C017,CAM029
CUST2734,2026-01-16,C018,CAM016
CUST2735,2026-04-22,C020,CAM026
CUST2736,2026-02-11,C017,CAM029
CUST2737,2026-02-16,C021,CAM025
CUST2738,2026-02-23,C008,CAM033
CUST2739,2026-01-22,C007,CAM036
CUST2740,2026-01-21,C018,CAM039
CUST2741,2026-01-25,C004,CAM040
CUST2742,2026-01-12,C007,CAM037
CUST2743,2026-01-22,C018,CAM039
CUST2744,2026-03-05,C011,CAM001
CUST2745,2026-04-11,C002,CAM027
CUST2746,2026-04-08,C002,CAM027
CUST2747,2026-04-22,C011,CAM009
CUST2748,2026-06-05,C023,CAM005
CUST2749,2026-03-13,C011,CAM001
CUST2750,2026-03-17,C007,CAM028
CUST2751,2026-05-03,C020,CAM026
CUST2752,2026-03-07,C010,CAM038
CUST2753,2026-04-08,C009,CAM030
CUST2754,2026-04-13,C011,CAM009
CUST2755,2026-01-25,C018,CAM016
CUST2756,2026-04-13,C002,CAM002
CUST2757,2026-06-01,C011,CAM015
CUST2758,2026-01-05,C007,CAM037
CUST2759,2026-01-15,C007,CAM037
CUST2760,2026-01-08,C007,CAM036
CUST2761,2026-05-24,C024,CAM013
CUST2762,2026-03-16,C006,CAM008
CUST2763,2026-04-09,C002,CAM002
CUST2764,2026-02-08,C010,CAM012
CUST2765,2026-02-09,C004,CAM020
CUST2766,2026-03-17,C011,CAM003
CUST2767,2026-04-17,C011,CAM009
CUST2768,2026-04-19,C013,CAM006
CUST2769,2026-04-26,C002,CAM027
CUST2770,2026-01-27,C018,CAM016
CUST2771,2026-06-17,C005,CAM022
CUST2772,2026-02-14,C021,CAM025
CUST2773,2026-02-26,C018,CAM031
CUST2774,2026-02-25,C017,CAM029
CUST2775,2026-05-16,C012,CAM024
CUST2776,2026-02-27,C011,CAM001
CUST2777,2026-04-16,C013,CAM023
CUST2778,2026-02-07,C004,CAM020
CUST2779,2026-04-11,C002,CAM002
CUST2780,2026-02-18,C018,CAM031
CUST2781,2026-05-27,C023,CAM005
CUST2782,2026-01-30,C018,CAM039
CUST2783,2026-04-24,C002,CAM027
CUST2784,2026-04-06,C013,CAM006
CUST2785,2026-01-21,C018,CAM039
CUST2786,2026-03-09,C011,CAM003
CUST2787,2026-04-20,C020,CAM026
CUST2788,2026-04-17,C009,CAM035
CUST2789,2026-01-22,C018,CAM039
CUST2790,2026-03-25,C006,CAM008
CUST2791,2026-05-26,C023,CAM005
CUST2792,2026-05-24,C013,CAM019
CUST2793,2026-06-10,C018,CAM018
CUST2794,2026-01-24,C018,CAM039
CUST2795,2026-05-31,C009,CAM034
CUST2796,2026-01-02,C007,CAM036
CUST2797,2026-03-13,C013,CAM032
CUST2798,2026-05-03,C014,CAM014
CUST2799,2026-01-24,C018,CAM039
CUST2800,2026-04-09,C009,CAM035
CUST2801,2026-04-18,C009,CAM035
CUST2802,2026-02-09,C021,CAM025
CUST2803,2026-02-10,C021,CAM025
CUST2804,2026-05-18,C024,CAM013
CUST2805,2026-01-23,C018,CAM039
CUST2806,2026-04-07,C009,CAM035
CUST2807,2026-02-14,C008,CAM033
CUST2808,2026-02-23,C008,CAM033
CUST2809,2026-05-08,C014,CAM014
CUST2810,2026-04-10,C009,CAM035
CUST2811,2026-02-17,C021,CAM025
CUST2812,2026-04-15,C002,CAM002
CUST2813,2026-05-26,C024,CAM013
CUST2814,2026-03-14,C011,CAM003
CUST2815,2026-05-26,C011,CAM015
CUST2816,2026-03-10,C010,CAM038
CUST2817,2026-01-05,C007,CAM037
CUST2818,2026-06-05,C024,CAM013
CUST2819,2026-01-27,C018,CAM039
CUST2820,2026-02-03,C008,CAM033
CUST2821,2026-02-05,C010,CAM012
CUST2822,2026-06-23,C018,CAM018
CUST2823,2026-06-10,C024,CAM013
CUST2824,2026-03-21,C006,CAM008
CUST2825,2026-03-08,C021,CAM025
CUST2826,2026-06-03,C009,CAM034
CUST2827,2026-06-14,C005,CAM021
CUST2828,2026-06-03,C011,CAM015
CUST2829,2026-05-25,C011,CAM015
CUST2830,2026-05-31,C005,CAM021
CUST2831,2026-05-26,C005,CAM021
CUST2832,2026-04-02,C009,CAM030
CUST2833,2026-05-18,C014,CAM014
CUST2834,2026-03-14,C007,CAM028
CUST2835,2026-04-06,C009,CAM035
CUST2836,2026-01-07,C007,CAM037
CUST2837,2026-04-03,C013,CAM006
CUST2838,2026-04-28,C002,CAM027
CUST2839,2026-02-26,C011,CAM001
CUST2840,2026-06-12,C005,CAM021
CUST2841,2026-03-18,C006,CAM008
CUST2842,2026-01-26,C010,CAM012
CUST2843,2026-04-13,C023,CAM010
CUST2844,2026-01-21,C018,CAM039
CUST2845,2026-02-11,C008,CAM033
CUST2846,2026-03-17,C003,CAM011
CUST2847,2026-06-07,C005,CAM022
CUST2848,2026-02-06,C004,CAM040
CUST2849,2026-05-07,C020,CAM026
CUST2850,2026-02-27,C011,CAM001
CUST2851,2026-01-01,C007,CAM036
CUST2852,2026-02-01,C010,CAM012
CUST2853,2026-01-22,C008,CAM007
CUST2854,2026-02-10,C021,CAM025
CUST2855,2026-06-11,C024,CAM013
CUST2856,2026-06-17,C005,CAM022
CUST2857,2026-01-28,C018,CAM016
CUST2858,2026-01-23,C018,CAM039
CUST2859,2026-06-01,C005,CAM022
CUST2860,2026-02-03,C004,CAM040
CUST2861,2026-06-04,C023,CAM005
CUST2862,2026-04-19,C013,CAM006
CUST2863,2026-03-11,C010,CAM038
CUST2864,2026-05-28,C023,CAM005
CUST2865,2026-04-29,C020,CAM026
CUST2866,2026-04-18,C002,CAM027
CUST2867,2026-04-07,C023,CAM010
CUST2868,2026-03-17,C011,CAM003
CUST2869,2026-04-23,C002,CAM027
CUST2870,2026-06-08,C018,CAM018
CUST2871,2026-03-11,C011,CAM003
CUST2872,2026-04-11,C009,CAM035
CUST2873,2026-04-28,C018,CAM017
CUST2874,2026-01-20,C008,CAM007
CUST2875,2026-05-27,C005,CAM021
CUST2876,2026-04-15,C023,CAM010
CUST2877,2026-05-30,C018,CAM018
CUST2878,2026-04-25,C013,CAM006
CUST2879,2026-01-22,C008,CAM007
CUST2880,2026-03-10,C011,CAM003
CUST2881,2026-04-26,C013,CAM006
CUST2882,2026-06-05,C023,CAM005
CUST2883,2026-01-25,C007,CAM036
CUST2884,2026-05-04,C014,CAM014
CUST2885,2026-01-17,C007,CAM036
CUST2886,2026-02-18,C008,CAM033
CUST2887,2026-02-24,C018,CAM031
CUST2888,2026-04-07,C009,CAM035
CUST2889,2026-01-26,C008,CAM007
CUST2890,2026-01-27,C018,CAM039
CUST2891,2026-06-17,C005,CAM021
CUST2892,2026-06-01,C018,CAM018
CUST2893,2026-06-01,C023,CAM005
CUST2894,2026-06-03,C018,CAM018
CUST2895,2026-04-02,C009,CAM030
CUST2896,2026-05-11,C013,CAM019
CUST2897,2026-02-27,C003,CAM011
CUST2898,2026-02-04,C004,CAM040
CUST2899,2026-05-14,C014,CAM014
CUST2900,2026-05-30,C005,CAM021
CUST2901,2026-06-05,C009,CAM034
CUST2902,2026-02-28,C011,CAM001
CUST2903,2026-01-09,C007,CAM037
CUST2904,2026-04-04,C013,CAM023
CUST2905,2026-04-01,C009,CAM030
CUST2906,2026-04-14,C009,CAM035
CUST2907,2026-06-07,C023,CAM005
CUST2908,2026-04-03,C009,CAM030
CUST2909,2026-04-22,C020,CAM026
CUST2910,2026-04-09,C009,CAM035
CUST2911,2026-02-07,C004,CAM040
CUST2912,2026-03-15,C011,CAM003
CUST2913,2026-04-07,C023,CAM010
CUST2914,2026-06-15,C005,CAM022
CUST2915,2026-05-22,C023,CAM005
CUST2916,2026-06-01,C009,CAM034
CUST2917,2026-03-15,C003,CAM011
CUST2918,2026-05-13,C013,CAM019
CUST2919,2026-06-14,C005,CAM022
CUST2920,2026-03-25,C007,CAM028
CUST2921,2026-04-05,C023,CAM010
CUST2922,2026-01-26,C010,CAM012
CUST2923,2026-03-23,C006,CAM008
CUST2924,2026-04-03,C009,CAM030
CUST2925,2026-01-25,C008,CAM007
CUST2926,2026-03-08,C003,CAM011
CUST2927,2026-02-05,C008,CAM033
CUST2928,2026-02-26,C021,CAM025
CUST2929,2026-04-29,C020,CAM026
CUST2930,2026-03-07,C003,CAM011
CUST2931,2026-03-10,C003,CAM011
CUST2932,2026-05-23,C023,CAM005
CUST2933,2026-04-11,C013,CAM023
CUST2934,2026-04-15,C009,CAM035
CUST2935,2026-03-11,C010,CAM038
CUST2936,2026-03-19,C003,CAM011
CUST2937,2026-05-25,C013,CAM019
CUST2938,2026-04-06,C009,CAM030
CUST2939,2026-02-04,C017,CAM029
CUST2940,2026-03-12,C011,CAM003
CUST2941,2026-02-24,C003,CAM011
CUST2942,2026-05-11,C013,CAM019
CUST2943,2026-03-05,C010,CAM038
CUST2944,2026-04-15,C011,CAM009
CUST2945,2026-01-13,C007,CAM036
CUST2946,2026-06-02,C009,CAM034
CUST2947,2026-05-23,C011,CAM015
CUST2948,2026-03-20,C003,CAM011
CUST2949,2026-01-19,C018,CAM016
CUST2950,2026-05-01,C002,CAM027
CUST2951,2026-01-21,C018,CAM016
CUST2952,2026-05-27,C011,CAM015
CUST2953,2026-04-01,C009,CAM030
CUST2954,2026-06-03,C023,CAM005
CUST2955,2026-02-09,C004,CAM020
CUST2956,2026-04-25,C018,CAM017
CUST2957,2026-05-14,C012,CAM024
CUST2958,2026-02-19,C021,CAM025
CUST2959,2026-02-04,C017,CAM029
CUST2960,2026-02-01,C008,CAM033
CUST2961,2026-02-20,C008,CAM033
CUST2962,2026-04-30,C014,CAM014
CUST2963,2026-05-31,C023,CAM005
CUST2964,2026-03-07,C011,CAM001
CUST2965,2026-03-22,C003,CAM011
CUST2966,2026-04-15,C002,CAM002
CUST2967,2026-05-17,C009,CAM034
CUST2968,2026-03-11,C010,CAM038
CUST2969,2026-04-21,C020,CAM026
CUST2970,2026-04-09,C002,CAM002
CUST2971,2026-03-18,C006,CAM008
CUST2972,2026-04-19,C018,CAM017
CUST2973,2026-04-04,C009,CAM030
CUST2974,2026-06-11,C018,CAM018
CUST2975,2026-04-20,C013,CAM006
CUST2976,2026-01-04,C007,CAM036
CUST2977,2026-03-23,C003,CAM011
CUST2978,2026-04-19,C011,CAM009
CUST2979,2026-02-19,C018,CAM031
CUST2980,2026-05-16,C012,CAM024
CUST2981,2026-02-14,C004,CAM020
CUST2982,2026-02-10,C004,CAM040
CUST2983,2026-03-13,C011,CAM001
CUST2984,2026-05-09,C014,CAM014
CUST2985,2026-05-12,C009,CAM034
CUST2986,2026-04-15,C023,CAM010
CUST2987,2026-06-09,C005,CAM022
CUST2988,2026-01-03,C007,CAM036
CUST2989,2026-03-14,C011,CAM003
CUST2990,2026-05-22,C018,CAM004
CUST2991,2026-05-17,C013,CAM019
CUST2992,2026-04-08,C023,CAM010
CUST2993,2026-04-06,C013,CAM023
CUST2994,2026-05-08,C012,CAM024
CUST2995,2026-03-09,C011,CAM001
CUST2996,2026-05-07,C020,CAM026
CUST2997,2026-04-07,C009,CAM030
CUST2998,2026-05-20,C018,CAM004
CUST2999,2026-05-16,C012,CAM024
CUST3000,2026-05-23,C018,CAM004
CUST3001,2026-03-22,C006,CAM008
CUST3002,2026-02-25,C017,CAM029
CUST3003,2026-03-01,C018,CAM031
CUST3004,2026-03-07,C021,CAM025
CUST3005,2026-05-14,C012,CAM024
CUST3006,2026-04-06,C013,CAM006
CUST3007,2026-04-03,C009,CAM030
CUST3008,2026-01-22,C007,CAM036
CUST3009,2026-03-01,C018,CAM031
CUST3010,2026-03-06,C003,CAM011
CUST3011,2026-03-19,C006,CAM008
CUST3012,2026-02-23,C003,CAM011
CUST3013,2026-01-12,C007,CAM036
CUST3014,2026-04-21,C018,CAM017
CUST3015,2026-05-22,C018,CAM004
CUST3016,2026-03-18,C006,CAM008
CUST3017,2026-02-04,C004,CAM040
CUST3018,2026-04-04,C023,CAM010
CUST3019,2026-02-09,C004,CAM040
CUST3020,2026-03-22,C013,CAM032
CUST3021,2026-01-15,C007,CAM036
CUST3022,2026-04-06,C013,CAM006
CUST3023,2026-06-01,C018,CAM018
CUST3024,2026-06-01,C023,CAM005
CUST3025,2026-04-13,C002,CAM027
CUST3026,2026-04-30,C020,CAM026
CUST3027,2026-04-12,C009,CAM035
CUST3028,2026-01-20,C004,CAM040
CUST3029,2026-04-08,C009,CAM035
CUST3030,2026-06-01,C018,CAM018
CUST3031,2026-03-26,C007,CAM028
CUST3032,2026-04-08,C023,CAM010
CUST3033,2026-03-23,C013,CAM032
CUST3034,2026-03-11,C011,CAM001
CUST3035,2026-05-22,C023,CAM005
CUST3036,2026-05-30,C009,CAM034
CUST3037,2026-04-15,C002,CAM027
CUST3038,2026-05-20,C018,CAM004
CUST3039,2026-03-24,C007,CAM028
CUST3040,2026-02-15,C021,CAM025
CUST3041,2026-05-11,C012,CAM024
CUST3042,2026-02-14,C010,CAM012
CUST3043,2026-06-05,C011,CAM015
CUST3044,2026-01-30,C018,CAM039
CUST3045,2026-03-21,C006,CAM008
CUST3046,2026-05-27,C011,CAM015
CUST3047,2026-05-16,C013,CAM019
CUST3048,2026-04-22,C002,CAM027
CUST3049,2026-04-08,C009,CAM035
CUST3050,2026-04-17,C002,CAM002
CUST3051,2026-06-03,C005,CAM021
CUST3052,2026-01-05,C007,CAM037
CUST3053,2026-04-24,C018,CAM017
CUST3054,2026-03-03,C010,CAM038
CUST3055,2026-06-13,C018,CAM018
CUST3056,2026-02-21,C021,CAM025
CUST3057,2026-03-21,C006,CAM008
CUST3058,2026-02-18,C004,CAM020
CUST3059,2026-03-09,C010,CAM038
CUST3060,2026-01-07,C007,CAM037
CUST3061,2026-03-22,C007,CAM028
CUST3062,2026-03-11,C011,CAM003
CUST3063,2026-02-08,C017,CAM029
CUST3064,2026-04-19,C011,CAM009
CUST3065,2026-04-29,C014,CAM014
CUST3066,2026-05-31,C023,CAM005
CUST3067,2026-06-01,C005,CAM022
CUST3068,2026-01-18,C007,CAM036
CUST3069,2026-04-28,C018,CAM017
CUST3070,2026-04-10,C023,CAM010
CUST3071,2026-01-27,C018,CAM039
CUST3072,2026-04-11,C011,CAM009
CUST3073,2026-02-01,C008,CAM033
CUST3074,2026-03-21,C003,CAM011
CUST3075,2026-02-21,C021,CAM025
CUST3076,2026-01-15,C007,CAM037
CUST3077,2026-02-17,C018,CAM031
CUST3078,2026-02-16,C021,CAM025
CUST3079,2026-01-18,C004,CAM040
CUST3080,2026-04-15,C018,CAM017
CUST3081,2026-01-08,C007,CAM037
CUST3082,2026-01-30,C004,CAM040
CUST3083,2026-01-10,C007,CAM036
CUST3084,2026-03-21,C007,CAM028
CUST3085,2026-05-24,C013,CAM019
CUST3086,2026-04-21,C020,CAM026
CUST3087,2026-05-20,C013,CAM019
CUST3088,2026-04-18,C002,CAM027
CUST3089,2026-05-13,C012,CAM024
CUST3090,2026-01-27,C018,CAM039
CUST3091,2026-04-17,C002,CAM002
CUST3092,2026-04-11,C009,CAM035
CUST3093,2026-04-12,C023,CAM010
CUST3094,2026-04-24,C020,CAM026
CUST3095,2026-04-25,C018,CAM017
CUST3096,2026-05-23,C011,CAM015
CUST3097,2026-04-21,C018,CAM017
CUST3098,2026-01-31,C008,CAM033
CUST3099,2026-01-20,C010,CAM012
CUST3100,2026-04-16,C011,CAM009
CUST3101,2026-05-07,C012,CAM024
CUST3102,2026-04-03,C009,CAM030
CUST3103,2026-01-19,C018,CAM016
CUST3104,2026-05-10,C014,CAM014
CUST3105,2026-04-14,C002,CAM002
CUST3106,2026-04-26,C013,CAM006
CUST3107,2026-02-04,C010,CAM012
CUST3108,2026-04-11,C009,CAM035
CUST3109,2026-02-11,C010,CAM012
CUST3110,2026-02-08,C004,CAM020
CUST3111,2026-05-22,C018,CAM004
CUST3112,2026-03-13,C011,CAM003
CUST3113,2026-05-04,C002,CAM027
CUST3114,2026-04-09,C013,CAM006
CUST3115,2026-04-24,C002,CAM027
CUST3116,2026-05-18,C018,CAM004
CUST3117,2026-03-22,C006,CAM008
CUST3118,2026-05-26,C018,CAM004
CUST3119,2026-05-27,C023,CAM005
CUST3120,2026-04-12,C009,CAM035
CUST3121,2026-03-08,C010,CAM038
CUST3122,2026-03-06,C010,CAM038
CUST3123,2026-03-23,C006,CAM008
CUST3124,2026-03-19,C013,CAM032
CUST3125,2026-05-17,C024,CAM013
CUST3126,2026-05-04,C002,CAM027
CUST3127,2026-02-22,C017,CAM029
CUST3128,2026-03-11,C011,CAM003
CUST3129,2026-05-18,C024,CAM013
CUST3130,2026-05-14,C012,CAM024
CUST3131,2026-04-25,C020,CAM026
CUST3132,2026-06-08,C005,CAM022
CUST3133,2026-02-15,C018,CAM031
CUST3134,2026-05-21,C013,CAM019
CUST3135,2026-03-06,C011,CAM001
CUST3136,2026-04-09,C013,CAM023
CUST3137,2026-04-11,C011,CAM009
CUST3138,2026-04-17,C002,CAM027
CUST3139,2026-04-04,C009,CAM030
CUST3140,2026-04-16,C011,CAM009
CUST3141,2026-03-11,C010,CAM038
CUST3142,2026-01-13,C007,CAM036
CUST3143,2026-06-13,C005,CAM022
CUST3144,2026-05-22,C013,CAM019
CUST3145,2026-04-25,C018,CAM017
CUST3146,2026-05-12,C014,CAM014
CUST3147,2026-03-06,C010,CAM038
CUST3148,2026-02-19,C004,CAM020
CUST3149,2026-04-07,C023,CAM010
CUST3150,2026-03-21,C006,CAM008
CUST3151,2026-01-21,C008,CAM007
CUST3152,2026-01-30,C010,CAM012
CUST3153,2026-03-23,C006,CAM008
CUST3154,2026-05-28,C005,CAM021
CUST3155,2026-03-16,C003,CAM011
CUST3156,2026-04-18,C018,CAM017
CUST3157,2026-01-06,C007,CAM037
CUST3158,2026-03-02,C011,CAM001
CUST3159,2026-01-19,C004,CAM040
CUST3160,2026-05-26,C009,CAM034
CUST3161,2026-06-04,C009,CAM034
CUST3162,2026-01-29,C018,CAM039
CUST3163,2026-01-26,C018,CAM016
CUST3164,2026-04-28,C020,CAM026
CUST3165,2026-01-05,C007,CAM037
CUST3166,2026-06-15,C018,CAM018
CUST3167,2026-02-12,C021,CAM025
CUST3168,2026-01-22,C018,CAM039
CUST3169,2026-02-08,C004,CAM040
CUST3170,2026-05-04,C020,CAM026
CUST3171,2026-05-13,C020,CAM026
CUST3172,2026-01-22,C018,CAM016
CUST3173,2026-01-09,C007,CAM036
CUST3174,2026-04-12,C011,CAM009
CUST3175,2026-01-14,C007,CAM037
CUST3176,2026-04-18,C018,CAM017
CUST3177,2026-06-15,C005,CAM021
CUST3178,2026-05-09,C012,CAM024
CUST3179,2026-04-14,C023,CAM010
CUST3180,2026-04-08,C011,CAM009
CUST3181,2026-01-17,C007,CAM036
CUST3182,2026-04-24,C018,CAM017
CUST3183,2026-04-19,C013,CAM006
CUST3184,2026-06-22,C018,CAM018
CUST3185,2026-04-06,C009,CAM030
CUST3186,2026-01-28,C008,CAM033
CUST3187,2026-04-09,C009,CAM035
CUST3188,2026-02-23,C017,CAM029
CUST3189,2026-05-21,C018,CAM004
CUST3190,2026-04-17,C013,CAM023
CUST3191,2026-06-03,C011,CAM015
CUST3192,2026-06-16,C005,CAM021
CUST3193,2026-05-27,C005,CAM021
CUST3194,2026-05-27,C011,CAM015
CUST3195,2026-04-01,C013,CAM032
CUST3196,2026-04-30,C014,CAM014
CUST3197,2026-05-10,C012,CAM024
CUST3198,2026-06-03,C011,CAM015
CUST3199,2026-02-19,C008,CAM033
CUST3200,2026-04-21,C018,CAM017
CUST3201,2026-04-09,C013,CAM006
CUST3202,2026-02-25,C021,CAM025
CUST3203,2026-04-18,C009,CAM035
CUST3204,2026-04-12,C023,CAM010
CUST3205,2026-05-08,C012,CAM024
CUST3206,2026-04-21,C020,CAM026
CUST3207,2026-03-03,C011,CAM001
CUST3208,2026-02-23,C003,CAM011
CUST3209,2026-04-11,C023,CAM010
CUST3210,2026-06-04,C009,CAM034
CUST3211,2026-04-06,C009,CAM035
CUST3212,2026-01-25,C018,CAM016
CUST3213,2026-06-15,C018,CAM018
CUST3214,2026-01-29,C018,CAM039
CUST3215,2026-04-09,C002,CAM002
CUST3216,2026-01-30,C017,CAM029
CUST3217,2026-02-18,C008,CAM033
CUST3218,2026-04-13,C013,CAM023
CUST3219,2026-04-15,C013,CAM023
CUST3220,2026-03-11,C010,CAM038
CUST3221,2026-02-06,C004,CAM040
CUST3222,2026-04-08,C013,CAM006
CUST3223,2026-05-13,C013,CAM019
CUST3224,2026-03-09,C010,CAM038
CUST3225,2026-04-11,C013,CAM006
CUST3226,2026-02-10,C004,CAM020
CUST3227,2026-02-02,C010,CAM012
CUST3228,2026-05-13,C020,CAM026
CUST3229,2026-05-18,C024,CAM013
CUST3230,2026-03-31,C009,CAM030
CUST3231,2026-02-25,C011,CAM001
CUST3232,2026-05-16,C013,CAM019
CUST3233,2026-05-27,C024,CAM013
CUST3234,2026-02-12,C004,CAM020
CUST3235,2026-05-22,C013,CAM019
CUST3236,2026-06-06,C005,CAM022
CUST3237,2026-05-25,C018,CAM004
CUST3238,2026-02-09,C010,CAM012
CUST3239,2026-03-16,C013,CAM032
CUST3240,2026-03-07,C003,CAM011
CUST3241,2026-06-13,C005,CAM022
CUST3242,2026-05-30,C018,CAM018
CUST3243,2026-03-19,C003,CAM011
CUST3244,2026-01-17,C018,CAM016
CUST3245,2026-06-10,C005,CAM021
CUST3246,2026-03-03,C018,CAM031
CUST3247,2026-01-05,C007,CAM037
CUST3248,2026-05-01,C002,CAM027
CUST3249,2026-06-06,C011,CAM015
CUST3250,2026-01-26,C018,CAM039
CUST3251,2026-04-08,C023,CAM010
CUST3252,2026-04-28,C013,CAM006
CUST3253,2026-01-13,C007,CAM037
CUST3254,2026-06-06,C023,CAM005
CUST3255,2026-03-08,C007,CAM028
CUST3256,2026-02-28,C011,CAM001
CUST3257,2026-02-26,C017,CAM029
CUST3258,2026-05-13,C020,CAM026
CUST3259,2026-04-22,C011,CAM009
CUST3260,2026-04-18,C011,CAM009
CUST3261,2026-04-14,C009,CAM035
CUST3262,2026-02-12,C017,CAM029
CUST3263,2026-06-04,C018,CAM018
CUST3264,2026-04-12,C002,CAM027
CUST3265,2026-03-08,C010,CAM038
CUST3266,2026-03-03,C011,CAM001
CUST3267,2026-03-25,C006,CAM008
CUST3268,2026-05-09,C012,CAM024
CUST3269,2026-01-20,C008,CAM007
CUST3270,2026-01-10,C007,CAM037
CUST3271,2026-04-14,C002,CAM027
CUST3272,2026-03-07,C021,CAM025
CUST3273,2026-06-05,C005,CAM022
CUST3274,2026-01-31,C010,CAM012
CUST3275,2026-05-25,C023,CAM005
CUST3276,2026-05-10,C012,CAM024
CUST3277,2026-01-14,C007,CAM036
CUST3278,2026-04-06,C009,CAM030
CUST3279,2026-02-12,C021,CAM025
CUST3280,2026-06-05,C005,CAM021
CUST3281,2026-05-13,C009,CAM034
CUST3282,2026-01-16,C018,CAM016
CUST3283,2026-04-20,C018,CAM017
CUST3284,2026-06-13,C005,CAM021
CUST3285,2026-02-07,C017,CAM029
CUST3286,2026-02-10,C004,CAM020
CUST3287,2026-04-08,C011,CAM009
CUST3288,2026-03-09,C011,CAM003
CUST3289,2026-01-24,C008,CAM007
CUST3290,2026-04-05,C013,CAM023
CUST3291,2026-06-04,C005,CAM022
CUST3292,2026-03-11,C007,CAM028
CUST3293,2026-02-18,C018,CAM031
CUST3294,2026-02-23,C003,CAM011
CUST3295,2026-02-10,C004,CAM020
CUST3296,2026-04-15,C013,CAM006
CUST3297,2026-02-04,C017,CAM029
CUST3298,2026-06-08,C018,CAM018
CUST3299,2026-04-13,C009,CAM035
CUST3300,2026-05-21,C024,CAM013
CUST3301,2026-04-17,C002,CAM027
CUST3302,2026-05-23,C018,CAM004
CUST3303,2026-06-16,C018,CAM018
CUST3304,2026-05-12,C020,CAM026
CUST3305,2026-04-07,C013,CAM006
CUST3306,2026-02-13,C021,CAM025
CUST3307,2026-01-21,C018,CAM016
CUST3308,2026-02-14,C004,CAM020
CUST3309,2026-03-16,C011,CAM003
CUST3310,2026-03-25,C006,CAM008
CUST3311,2026-04-17,C018,CAM017
CUST3312,2026-02-01,C008,CAM033
CUST3313,2026-05-20,C013,CAM019
CUST3314,2026-01-30,C017,CAM029
CUST3315,2026-03-21,C007,CAM028
CUST3316,2026-05-30,C009,CAM034
CUST3317,2026-05-22,C013,CAM019
CUST3318,2026-01-22,C008,CAM007
CUST3319,2026-02-17,C021,CAM025
CUST3320,2026-04-23,C018,CAM017
CUST3321,2026-01-26,C018,CAM039
CUST3322,2026-01-13,C007,CAM037
CUST3323,2026-03-19,C013,CAM032
CUST3324,2026-01-26,C018,CAM039
CUST3325,2026-03-13,C013,CAM032
CUST3326,2026-04-22,C018,CAM017
CUST3327,2026-01-29,C018,CAM039
CUST3328,2026-06-07,C023,CAM005
CUST3329,2026-05-06,C014,CAM014
CUST3330,2026-06-09,C024,CAM013
CUST3331,2026-05-28,C005,CAM021
CUST3332,2026-02-10,C021,CAM025
CUST3333,2026-04-15,C002,CAM027
CUST3334,2026-02-08,C008,CAM033
CUST3335,2026-03-04,C011,CAM001
CUST3336,2026-03-10,C007,CAM028
CUST3337,2026-04-16,C013,CAM023
CUST3338,2026-04-12,C002,CAM002
CUST3339,2026-04-05,C009,CAM030
CUST3340,2026-01-22,C008,CAM007
CUST3341,2026-03-25,C006,CAM008
CUST3342,2026-03-05,C021,CAM025
CUST3343,2026-03-18,C006,CAM008
CUST3344,2026-04-13,C011,CAM009
CUST3345,2026-04-06,C013,CAM023
CUST3346,2026-03-04,C011,CAM001
CUST3347,2026-03-09,C011,CAM001
CUST3348,2026-03-01,C011,CAM001
CUST3349,2026-04-29,C014,CAM014
CUST3350,2026-05-15,C012,CAM024
CUST3351,2026-04-02,C009,CAM030
CUST3352,2026-05-27,C013,CAM019
CUST3353,2026-05-09,C014,CAM014
CUST3354,2026-03-21,C003,CAM011
CUST3355,2026-05-14,C012,CAM024
CUST3356,2026-03-12,C011,CAM001
CUST3357,2026-06-02,C005,CAM022
CUST3358,2026-04-30,C020,CAM026
CUST3359,2026-03-22,C003,CAM011
CUST3360,2026-03-05,C011,CAM001
CUST3361,2026-06-09,C005,CAM022
CUST3362,2026-05-19,C024,CAM013
CUST3363,2026-04-07,C009,CAM030
CUST3364,2026-05-16,C013,CAM019
CUST3365,2026-04-27,C002,CAM027
CUST3366,2026-01-15,C018,CAM016
CUST3367,2026-03-20,C003,CAM011
CUST3368,2026-05-20,C024,CAM013
CUST3369,2026-06-18,C005,CAM022
CUST3370,2026-03-16,C006,CAM008
CUST3371,2026-03-23,C006,CAM008
CUST3372,2026-05-22,C009,CAM034
CUST3373,2026-04-16,C023,CAM010
CUST3374,2026-03-06,C007,CAM028
CUST3375,2026-03-15,C007,CAM028
CUST3376,2026-05-30,C011,CAM015
CUST3377,2026-06-14,C005,CAM021
CUST3378,2026-01-28,C018,CAM039
CUST3379,2026-04-15,C023,CAM010
CUST3380,2026-05-29,C005,CAM021
CUST3381,2026-03-17,C007,CAM028
CUST3382,2026-02-02,C004,CAM040
CUST3383,2026-04-13,C023,CAM010
CUST3384,2026-02-15,C004,CAM020
CUST3385,2026-01-23,C008,CAM007
CUST3386,2026-04-25,C018,CAM017
CUST3387,2026-04-16,C023,CAM010
CUST3388,2026-02-15,C004,CAM020
CUST3389,2026-01-13,C007,CAM037
CUST3390,2026-06-01,C011,CAM015
CUST3391,2026-01-16,C018,CAM016
CUST3392,2026-04-27,C020,CAM026
CUST3393,2026-01-19,C008,CAM007
CUST3394,2026-05-31,C023,CAM005
CUST3395,2026-01-18,C018,CAM016
CUST3396,2026-05-15,C012,CAM024
CUST3397,2026-02-06,C017,CAM029
CUST3398,2026-03-03,C011,CAM001
CUST3399,2026-06-12,C024,CAM013
CUST3400,2026-06-04,C024,CAM013
CUST3401,2026-05-01,C020,CAM026
CUST3402,2026-03-03,C003,CAM011
CUST3403,2026-06-04,C009,CAM034
CUST3404,2026-05-27,C009,CAM034
CUST3405,2026-04-29,C020,CAM026
CUST3406,2026-02-27,C018,CAM031
CUST3407,2026-02-21,C004,CAM020
CUST3408,2026-02-14,C010,CAM012
CUST3409,2026-01-26,C018,CAM016
CUST3410,2026-01-08,C007,CAM036
CUST3411,2026-05-07,C012,CAM024
CUST3412,2026-01-19,C007,CAM036
CUST3413,2026-02-27,C018,CAM031
CUST3414,2026-01-29,C004,CAM040
CUST3415,2026-05-19,C024,CAM013
CUST3416,2026-04-21,C018,CAM017
CUST3417,2026-04-07,C009,CAM030
CUST3418,2026-05-30,C018,CAM018
CUST3419,2026-04-27,C018,CAM017
CUST3420,2026-05-15,C012,CAM024
CUST3421,2026-04-29,C014,CAM014
CUST3422,2026-05-19,C013,CAM019
CUST3423,2026-03-01,C018,CAM031
CUST3424,2026-06-01,C018,CAM018
CUST3425,2026-04-28,C002,CAM027
CUST3426,2026-03-14,C011,CAM003
CUST3427,2026-01-11,C007,CAM037
CUST3428,2026-03-16,C011,CAM003
CUST3429,2026-05-19,C013,CAM019
CUST3430,2026-04-11,C023,CAM010
CUST3431,2026-02-08,C008,CAM033
CUST3432,2026-03-08,C010,CAM038
CUST3433,2026-06-03,C018,CAM018
CUST3434,2026-05-28,C018,CAM004
CUST3435,2026-05-24,C013,CAM019
CUST3436,2026-02-17,C004,CAM020
CUST3437,2026-05-30,C009,CAM034
CUST3438,2026-04-09,C013,CAM006
CUST3439,2026-03-03,C018,CAM031
CUST3440,2026-03-24,C007,CAM028
CUST3441,2026-06-05,C011,CAM015
CUST3442,2026-01-22,C004,CAM040
CUST3443,2026-02-16,C008,CAM033
CUST3444,2026-04-12,C013,CAM023
CUST3445,2026-02-05,C017,CAM029
CUST3446,2026-01-25,C008,CAM007
CUST3447,2026-05-11,C014,CAM014
CUST3448,2026-05-24,C023,CAM005
CUST3449,2026-05-24,C018,CAM004
CUST3450,2026-03-10,C011,CAM003
CUST3451,2026-01-23,C008,CAM007
CUST3452,2026-01-26,C008,CAM007
CUST3453,2026-01-24,C018,CAM039
CUST3454,2026-02-12,C010,CAM012
CUST3455,2026-03-21,C013,CAM032
CUST3456,2026-02-06,C004,CAM020
CUST3457,2026-02-03,C010,CAM012
CUST3458,2026-02-24,C017,CAM029
CUST3459,2026-03-03,C010,CAM038
CUST3460,2026-01-03,C007,CAM036
CUST3461,2026-05-26,C013,CAM019
CUST3462,2026-01-05,C007,CAM037
CUST3463,2026-03-07,C003,CAM011
CUST3464,2026-05-04,C002,CAM027
CUST3465,2026-04-18,C018,CAM017
CUST3466,2026-03-16,C006,CAM008
CUST3467,2026-01-17,C018,CAM016
CUST3468,2026-01-20,C004,CAM040
CUST3469,2026-02-06,C010,CAM012
CUST3470,2026-06-03,C023,CAM005
CUST3471,2026-05-29,C023,CAM005
CUST3472,2026-02-11,C017,CAM029
CUST3473,2026-01-21,C018,CAM016
CUST3474,2026-06-06,C005,CAM021
CUST3475,2026-05-09,C020,CAM026
CUST3476,2026-03-10,C011,CAM001
CUST3477,2026-05-30,C005,CAM021
CUST3478,2026-03-09,C011,CAM003
CUST3479,2026-03-17,C003,CAM011
CUST3480,2026-06-08,C024,CAM013
CUST3481,2026-04-15,C002,CAM002
CUST3482,2026-01-27,C010,CAM012
CUST3483,2026-06-05,C005,CAM021
CUST3484,2026-05-24,C011,CAM015
CUST3485,2026-01-21,C008,CAM007
CUST3486,2026-02-02,C004,CAM040
CUST3487,2026-01-11,C007,CAM037
CUST3488,2026-03-22,C013,CAM032
CUST3489,2026-02-27,C003,CAM011
CUST3490,2026-03-03,C018,CAM031
CUST3491,2026-02-21,C008,CAM033
CUST3492,2026-06-13,C018,CAM018
CUST3493,2026-04-19,C011,CAM009
CUST3494,2026-06-07,C018,CAM018
CUST3495,2026-02-12,C018,CAM031
CUST3496,2026-02-10,C018,CAM031
CUST3497,2026-05-21,C018,CAM004
CUST3498,2026-02-04,C017,CAM029
CUST3499,2026-05-24,C023,CAM005
CUST3500,2026-02-04,C017,CAM029
CUST3501,2026-05-31,C005,CAM022
CUST3502,2026-02-11,C017,CAM029
CUST3503,2026-04-13,C023,CAM010
CUST3504,2026-04-10,C011,CAM009
CUST3505,2026-02-06,C008,CAM033
CUST3506,2026-03-04,C021,CAM025
CUST3507,2026-04-18,C002,CAM002
CUST3508,2026-04-06,C009,CAM030
CUST3509,2026-04-12,C002,CAM002
CUST3510,2026-01-25,C018,CAM039
CUST3511,2026-04-08,C011,CAM009
CUST3512,2026-02-07,C004,CAM020
CUST3513,2026-02-24,C008,CAM033
CUST3514,2026-04-08,C009,CAM030
CUST3515,2026-01-11,C007,CAM037
CUST3516,2026-01-30,C004,CAM040
CUST3517,2026-06-16,C018,CAM018
CUST3518,2026-05-16,C009,CAM034
CUST3519,2026-04-15,C013,CAM023
CUST3520,2026-05-13,C012,CAM024
CUST3521,2026-04-10,C023,CAM010
CUST3522,2026-01-25,C018,CAM039
CUST3523,2026-06-04,C023,CAM005
CUST3524,2026-02-04,C010,CAM012
CUST3525,2026-06-15,C005,CAM021
CUST3526,2026-05-14,C009,CAM034
CUST3527,2026-02-24,C017,CAM029
CUST3528,2026-02-12,C010,CAM012
CUST3529,2026-03-19,C003,CAM011
CUST3530,2026-01-19,C004,CAM040
CUST3531,2026-04-06,C009,CAM035
CUST3532,2026-04-12,C011,CAM009
CUST3533,2026-05-24,C023,CAM005
CUST3534,2026-02-18,C021,CAM025
CUST3535,2026-06-12,C018,CAM018
CUST3536,2026-05-16,C014,CAM014
CUST3537,2026-01-26,C004,CAM040
CUST3538,2026-06-14,C005,CAM021
CUST3539,2026-03-09,C011,CAM003
CUST3540,2026-02-21,C018,CAM031
CUST3541,2026-05-22,C024,CAM013
CUST3542,2026-02-17,C004,CAM020
CUST3543,2026-01-20,C004,CAM040
CUST3544,2026-06-24,C018,CAM018
CUST3545,2026-03-30,C009,CAM030
CUST3546,2026-03-28,C013,CAM032
CUST3547,2026-01-10,C007,CAM037
CUST3548,2026-03-07,C010,CAM038
CUST3549,2026-05-23,C018,CAM004
CUST3550,2026-04-06,C013,CAM023
CUST3551,2026-02-01,C010,CAM012
CUST3552,2026-02-21,C008,CAM033
CUST3553,2026-06-09,C005,CAM022
CUST3554,2026-05-29,C009,CAM034
CUST3555,2026-04-06,C013,CAM023
CUST3556,2026-03-03,C010,CAM038
CUST3557,2026-01-11,C007,CAM037
CUST3558,2026-05-03,C002,CAM027
CUST3559,2026-02-13,C021,CAM025
CUST3560,2026-05-27,C009,CAM034
CUST3561,2026-05-20,C018,CAM004
CUST3562,2026-01-16,C018,CAM016
CUST3563,2026-02-06,C017,CAM029
CUST3564,2026-04-13,C018,CAM017
CUST3565,2026-06-06,C011,CAM015
CUST3566,2026-05-09,C020,CAM026
CUST3567,2026-03-07,C011,CAM001
CUST3568,2026-04-11,C002,CAM027
CUST3569,2026-01-06,C007,CAM036
CUST3570,2026-06-07,C024,CAM013
CUST3571,2026-03-24,C006,CAM008
CUST3572,2026-04-11,C023,CAM010
CUST3573,2026-03-31,C009,CAM030
CUST3574,2026-03-03,C011,CAM001
CUST3575,2026-05-24,C011,CAM015
CUST3576,2026-01-06,C007,CAM036
CUST3577,2026-05-31,C018,CAM018
CUST3578,2026-06-14,C018,CAM018
CUST3579,2026-06-05,C005,CAM022
CUST3580,2026-05-06,C014,CAM014
CUST3581,2026-05-18,C009,CAM034
CUST3582,2026-05-28,C018,CAM004
CUST3583,2026-01-01,C007,CAM036
CUST3584,2026-04-29,C020,CAM026
CUST3585,2026-02-20,C017,CAM029
CUST3586,2026-03-03,C003,CAM011
CUST3587,2026-04-30,C020,CAM026
CUST3588,2026-02-24,C021,CAM025
CUST3589,2026-03-12,C011,CAM003
CUST3590,2026-01-11,C007,CAM037
CUST3591,2026-04-18,C009,CAM035
CUST3592,2026-01-28,C018,CAM039
CUST3593,2026-06-17,C005,CAM021
CUST3594,2026-04-17,C018,CAM017
CUST3595,2026-06-02,C011,CAM015
CUST3596,2026-05-04,C014,CAM014
CUST3597,2026-02-18,C004,CAM020
CUST3598,2026-05-16,C009,CAM034
CUST3599,2026-02-10,C004,CAM040
CUST3600,2026-01-17,C018,CAM016
CUST3601,2026-01-30,C010,CAM012
CUST3602,2026-05-14,C012,CAM024
CUST3603,2026-04-06,C009,CAM030
CUST3604,2026-02-03,C010,CAM012
CUST3605,2026-01-21,C007,CAM036
CUST3606,2026-06-05,C024,CAM013
CUST3607,2026-02-11,C010,CAM012
CUST3608,2026-05-26,C023,CAM005
CUST3609,2026-06-02,C023,CAM005
CUST3610,2026-06-07,C005,CAM022
CUST3611,2026-05-23,C018,CAM004
CUST3612,2026-05-17,C014,CAM014
CUST3613,2026-01-19,C007,CAM036
CUST3614,2026-06-11,C005,CAM021
CUST3615,2026-03-22,C007,CAM028
CUST3616,2026-01-23,C010,CAM012
CUST3617,2026-01-16,C007,CAM036
CUST3618,2026-06-01,C005,CAM022
CUST3619,2026-03-06,C021,CAM025
CUST3620,2026-01-23,C008,CAM007
CUST3621,2026-03-13,C007,CAM028
CUST3622,2026-04-24,C018,CAM017
CUST3623,2026-05-30,C018,CAM018
CUST3624,2026-01-26,C018,CAM039
CUST3625,2026-06-05,C009,CAM034
CUST3626,2026-06-18,C005,CAM022
CUST3627,2026-03-24,C006,CAM008
CUST3628,2026-02-22,C018,CAM031
CUST3629,2026-03-14,C007,CAM028
CUST3630,2026-04-03,C013,CAM006
CUST3631,2026-05-10,C013,CAM019
CUST3632,2026-06-13,C005,CAM022
CUST3633,2026-02-28,C021,CAM025
CUST3634,2026-03-20,C006,CAM008
CUST3635,2026-01-24,C018,CAM016
CUST3636,2026-04-12,C002,CAM027
CUST3637,2026-04-04,C013,CAM006
CUST3638,2026-01-10,C007,CAM037
CUST3639,2026-04-10,C023,CAM010
CUST3640,2026-03-14,C011,CAM003
CUST3641,2026-04-06,C009,CAM030
CUST3642,2026-05-24,C023,CAM005
CUST3643,2026-01-04,C007,CAM036
CUST3644,2026-05-28,C018,CAM018
CUST3645,2026-05-26,C005,CAM021
CUST3646,2026-02-03,C010,CAM012
CUST3647,2026-05-02,C020,CAM026
CUST3648,2026-01-23,C010,CAM012
CUST3649,2026-04-07,C023,CAM010
CUST3650,2026-01-15,C007,CAM037
CUST3651,2026-04-20,C018,CAM017
CUST3652,2026-06-10,C024,CAM013
CUST3653,2026-05-09,C014,CAM014
CUST3654,2026-05-10,C020,CAM026
CUST3655,2026-01-25,C018,CAM039
CUST3656,2026-06-12,C005,CAM022
CUST3657,2026-04-07,C009,CAM030
CUST3658,2026-03-30,C009,CAM030
CUST3659,2026-06-14,C024,CAM013
CUST3660,2026-01-07,C007,CAM037
CUST3661,2026-04-22,C013,CAM006
CUST3662,2026-05-15,C014,CAM014
CUST3663,2026-02-06,C004,CAM040
CUST3664,2026-04-07,C009,CAM035
CUST3665,2026-03-10,C010,CAM038
CUST3666,2026-02-13,C008,CAM033
CUST3667,2026-03-10,C011,CAM003
CUST3668,2026-02-12,C010,CAM012
CUST3669,2026-03-28,C007,CAM028
CUST3670,2026-05-26,C024,CAM013
CUST3671,2026-02-08,C010,CAM012
CUST3672,2026-05-15,C012,CAM024
CUST3673,2026-03-14,C011,CAM003
CUST3674,2026-03-11,C011,CAM001
CUST3675,2026-01-24,C010,CAM012
CUST3676,2026-02-06,C004,CAM040
CUST3677,2026-06-05,C024,CAM013
CUST3678,2026-01-29,C008,CAM033
CUST3679,2026-05-17,C013,CAM019
CUST3680,2026-04-13,C002,CAM027
CUST3681,2026-02-23,C018,CAM031
CUST3682,2026-05-18,C009,CAM034
CUST3683,2026-04-18,C009,CAM035
CUST3684,2026-03-09,C011,CAM003
CUST3685,2026-04-03,C013,CAM023
CUST3686,2026-06-01,C024,CAM013
CUST3687,2026-01-11,C007,CAM037
CUST3688,2026-04-05,C009,CAM030
CUST3689,2026-05-31,C018,CAM018
CUST3690,2026-03-10,C011,CAM003
CUST3691,2026-03-18,C013,CAM032
CUST3692,2026-03-17,C013,CAM032
CUST3693,2026-06-13,C005,CAM022
CUST3694,2026-02-26,C017,CAM029
CUST3695,2026-01-12,C007,CAM037
CUST3696,2026-05-12,C020,CAM026
CUST3697,2026-04-22,C002,CAM027
CUST3698,2026-06-10,C005,CAM022
CUST3699,2026-04-17,C018,CAM017
CUST3700,2026-05-02,C020,CAM026
CUST3701,2026-06-10,C024,CAM013
CUST3702,2026-05-28,C024,CAM013
CUST3703,2026-04-16,C002,CAM027
CUST3704,2026-06-06,C024,CAM013
CUST3705,2026-05-27,C023,CAM005
CUST3706,2026-03-26,C007,CAM028
CUST3707,2026-05-20,C018,CAM004
CUST3708,2026-04-14,C011,CAM009
CUST3709,2026-02-25,C017,CAM029
CUST3710,2026-05-24,C013,CAM019
CUST3711,2026-05-15,C009,CAM034
CUST3712,2026-03-08,C010,CAM038
CUST3713,2026-05-19,C013,CAM019
CUST3714,2026-03-09,C011,CAM001
CUST3715,2026-02-09,C004,CAM020
CUST3716,2026-06-15,C005,CAM021
CUST3717,2026-01-30,C017,CAM029
CUST3718,2026-01-22,C010,CAM012
CUST3719,2026-03-07,C010,CAM038
CUST3720,2026-06-05,C005,CAM022
CUST3721,2026-04-06,C013,CAM023
CUST3722,2026-01-06,C007,CAM036
CUST3723,2026-01-20,C004,CAM040
CUST3724,2026-01-13,C007,CAM036
CUST3725,2026-03-06,C003,CAM011
CUST3726,2026-01-19,C007,CAM036
CUST3727,2026-01-19,C007,CAM036
CUST3728,2026-02-08,C008,CAM033
CUST3729,2026-05-06,C020,CAM026
CUST3730,2026-06-13,C018,CAM018
CUST3731,2026-05-14,C012,CAM024
CUST3732,2026-03-10,C003,CAM011
CUST3733,2026-05-11,C012,CAM024
CUST3734,2026-03-04,C010,CAM038
CUST3735,2026-05-17,C009,CAM034
CUST3736,2026-05-28,C011,CAM015
CUST3737,2026-06-03,C005,CAM022
CUST3738,2026-01-28,C008,CAM033
CUST3739,2026-03-17,C011,CAM003
CUST3740,2026-06-04,C011,CAM015
CUST3741,2026-02-07,C004,CAM020
CUST3742,2026-04-08,C009,CAM035
CUST3743,2026-06-14,C005,CAM021
CUST3744,2026-05-13,C013,CAM019
CUST3745,2026-04-10,C002,CAM002
CUST3746,2026-04-25,C013,CAM006
CUST3747,2026-05-27,C005,CAM021
CUST3748,2026-03-22,C006,CAM008
CUST3749,2026-01-14,C007,CAM036
CUST3750,2026-05-16,C014,CAM014
CUST3751,2026-03-30,C009,CAM030
CUST3752,2026-05-18,C018,CAM004
CUST3753,2026-01-15,C007,CAM036
CUST3754,2026-03-11,C010,CAM038
CUST3755,2026-04-16,C009,CAM035
CUST3756,2026-04-06,C013,CAM023
CUST3757,2026-06-03,C011,CAM015
CUST3758,2026-04-09,C002,CAM027
CUST3759,2026-06-11,C018,CAM018
CUST3760,2026-05-17,C024,CAM013
CUST3761,2026-03-10,C010,CAM038
CUST3762,2026-06-08,C005,CAM021
CUST3763,2026-03-11,C011,CAM003
CUST3764,2026-05-06,C020,CAM026
CUST3765,2026-04-14,C023,CAM010
CUST3766,2026-04-18,C013,CAM006
CUST3767,2026-04-18,C018,CAM017
CUST3768,2026-01-18,C018,CAM016
CUST3769,2026-01-27,C018,CAM039
CUST3770,2026-04-19,C018,CAM017
CUST3771,2026-02-24,C018,CAM031
CUST3772,2026-02-01,C008,CAM033
CUST3773,2026-02-11,C004,CAM020
CUST3774,2026-03-28,C013,CAM032
CUST3775,2026-05-07,C012,CAM024
CUST3776,2026-04-13,C009,CAM035
CUST3777,2026-03-24,C006,CAM008
CUST3778,2026-05-04,C020,CAM026
CUST3779,2026-05-17,C014,CAM014
CUST3780,2026-03-28,C013,CAM032
CUST3781,2026-02-21,C004,CAM020
CUST3782,2026-04-08,C013,CAM023
CUST3783,2026-04-10,C011,CAM009
CUST3784,2026-01-11,C007,CAM036
CUST3785,2026-02-15,C008,CAM033
CUST3786,2026-03-07,C011,CAM001
CUST3787,2026-05-27,C011,CAM015
CUST3788,2026-03-12,C007,CAM028
CUST3789,2026-04-17,C011,CAM009
CUST3790,2026-05-20,C024,CAM013
CUST3791,2026-04-06,C013,CAM023
CUST3792,2026-01-10,C007,CAM037
CUST3793,2026-04-11,C023,CAM010
CUST3794,2026-03-17,C011,CAM003
CUST3795,2026-05-08,C012,CAM024
CUST3796,2026-01-26,C008,CAM007
CUST3797,2026-03-03,C011,CAM001
CUST3798,2026-03-11,C011,CAM001
CUST3799,2026-02-14,C004,CAM020
CUST3800,2026-02-05,C008,CAM033
CUST3801,2026-03-10,C011,CAM003
CUST3802,2026-05-08,C012,CAM024
CUST3803,2026-05-08,C012,CAM024
CUST3804,2026-05-11,C012,CAM024
CUST3805,2026-04-11,C002,CAM002
CUST3806,2026-01-22,C018,CAM039
CUST3807,2026-03-20,C006,CAM008
CUST3808,2026-04-06,C009,CAM030
CUST3809,2026-04-08,C002,CAM027
CUST3810,2026-04-01,C009,CAM030
CUST3811,2026-02-23,C003,CAM011
CUST3812,2026-05-16,C012,CAM024
CUST3813,2026-02-25,C018,CAM031
CUST3814,2026-03-05,C010,CAM038
CUST3815,2026-04-07,C009,CAM035
CUST3816,2026-04-04,C009,CAM030
CUST3817,2026-04-07,C009,CAM035
CUST3818,2026-03-10,C007,CAM028
CUST3819,2026-06-12,C005,CAM021
CUST3820,2026-06-19,C018,CAM018
CUST3821,2026-04-25,C018,CAM017
CUST3822,2026-04-13,C002,CAM002
CUST3823,2026-06-11,C005,CAM022
CUST3824,2026-03-02,C003,CAM011
CUST3825,2026-03-25,C006,CAM008
CUST3826,2026-03-12,C011,CAM003
CUST3827,2026-03-31,C013,CAM032
CUST3828,2026-05-23,C018,CAM004
CUST3829,2026-06-08,C018,CAM018
CUST3830,2026-02-12,C017,CAM029
CUST3831,2026-01-16,C007,CAM036
CUST3832,2026-05-24,C013,CAM019
CUST3833,2026-01-26,C018,CAM039
CUST3834,2026-05-31,C005,CAM022
CUST3835,2026-05-13,C012,CAM024
CUST3836,2026-02-12,C017,CAM029
CUST3837,2026-01-30,C008,CAM033
CUST3838,2026-02-22,C008,CAM033
CUST3839,2026-04-22,C018,CAM017
CUST3840,2026-05-17,C009,CAM034
CUST3841,2026-05-26,C005,CAM021
CUST3842,2026-04-10,C002,CAM002
CUST3843,2026-06-16,C005,CAM022
CUST3844,2026-02-03,C017,CAM029
CUST3845,2026-03-03,C010,CAM038
CUST3846,2026-01-09,C007,CAM036
CUST3847,2026-06-07,C023,CAM005
CUST3848,2026-02-28,C003,CAM011
CUST3849,2026-01-10,C007,CAM037
CUST3850,2026-01-26,C010,CAM012
CUST3851,2026-05-06,C014,CAM014
CUST3852,2026-02-21,C021,CAM025
CUST3853,2026-04-23,C002,CAM027
CUST3854,2026-02-27,C018,CAM031
CUST3855,2026-04-14,C023,CAM010
CUST3856,2026-01-24,C008,CAM007
CUST3857,2026-01-17,C018,CAM016
CUST3858,2026-04-08,C002,CAM002
CUST3859,2026-01-21,C018,CAM016
CUST3860,2026-05-09,C014,CAM014
CUST3861,2026-02-12,C004,CAM020
CUST3862,2026-02-27,C003,CAM011
CUST3863,2026-04-10,C002,CAM002
CUST3864,2026-01-08,C007,CAM037
CUST3865,2026-05-28,C024,CAM013
CUST3866,2026-05-24,C018,CAM004
CUST3867,2026-04-16,C009,CAM035
CUST3868,2026-01-31,C017,CAM029
CUST3869,2026-02-28,C021,CAM025
CUST3870,2026-03-20,C013,CAM032
CUST3871,2026-01-23,C018,CAM039
CUST3872,2026-04-24,C002,CAM027
CUST3873,2026-01-30,C004,CAM040
CUST3874,2026-06-06,C018,CAM018
CUST3875,2026-03-09,C011,CAM003
CUST3876,2026-06-14,C024,CAM013
CUST3877,2026-04-18,C009,CAM035
CUST3878,2026-01-13,C007,CAM037
CUST3879,2026-04-10,C002,CAM027
CUST3880,2026-05-01,C020,CAM026
CUST3881,2026-01-15,C007,CAM037
CUST3882,2026-05-29,C009,CAM034
CUST3883,2026-02-11,C018,CAM031
CUST3884,2026-05-28,C023,CAM005
CUST3885,2026-05-17,C024,CAM013
CUST3886,2026-02-24,C003,CAM011
CUST3887,2026-04-05,C023,CAM010
CUST3888,2026-01-16,C018,CAM016
CUST3889,2026-03-04,C021,CAM025
CUST3890,2026-05-28,C009,CAM034
CUST3891,2026-06-13,C005,CAM021
CUST3892,2026-02-18,C008,CAM033
CUST3893,2026-05-31,C011,CAM015
CUST3894,2026-04-10,C013,CAM006
CUST3895,2026-06-06,C023,CAM005
CUST3896,2026-03-18,C007,CAM028
CUST3897,2026-06-05,C009,CAM034
CUST3898,2026-04-17,C013,CAM006
CUST3899,2026-02-04,C004,CAM040
CUST3900,2026-04-25,C018,CAM017
CUST3901,2026-01-19,C008,CAM007
CUST3902,2026-05-23,C018,CAM004
CUST3903,2026-03-09,C011,CAM001
CUST3904,2026-05-30,C011,CAM015
CUST3905,2026-05-19,C018,CAM004
CUST3906,2026-04-06,C013,CAM023
CUST3907,2026-03-16,C013,CAM032
CUST3908,2026-03-05,C010,CAM038
CUST3909,2026-05-24,C023,CAM005
CUST3910,2026-02-23,C018,CAM031
CUST3911,2026-06-04,C009,CAM034
CUST3912,2026-01-01,C007,CAM036
CUST3913,2026-04-22,C018,CAM017
CUST3914,2026-03-30,C013,CAM032
CUST3915,2026-04-10,C011,CAM009
CUST3916,2026-02-26,C011,CAM001
CUST3917,2026-01-06,C007,CAM036
CUST3918,2026-04-02,C009,CAM030
CUST3919,2026-04-19,C013,CAM006
CUST3920,2026-05-24,C009,CAM034
CUST3921,2026-04-13,C013,CAM023
CUST3922,2026-06-01,C024,CAM013
CUST3923,2026-05-18,C018,CAM004
CUST3924,2026-02-02,C008,CAM033
CUST3925,2026-02-15,C017,CAM029
CUST3926,2026-03-06,C010,CAM038
CUST3927,2026-01-29,C010,CAM012
CUST3928,2026-04-17,C018,CAM017
CUST3929,2026-06-02,C005,CAM022
CUST3930,2026-06-03,C011,CAM015
CUST3931,2026-03-13,C003,CAM011
CUST3932,2026-05-12,C014,CAM014
CUST3933,2026-01-30,C018,CAM039
CUST3934,2026-04-23,C002,CAM027
CUST3935,2026-03-21,C013,CAM032
CUST3936,2026-04-04,C023,CAM010
CUST3937,2026-02-28,C003,CAM011
CUST3938,2026-01-30,C004,CAM040
CUST3939,2026-03-11,C011,CAM003
CUST3940,2026-05-13,C012,CAM024
CUST3941,2026-02-11,C004,CAM020
CUST3942,2026-02-10,C004,CAM020
CUST3943,2026-06-04,C005,CAM022
CUST3944,2026-04-14,C023,CAM010
CUST3945,2026-01-23,C008,CAM007
CUST3946,2026-06-14,C005,CAM021
CUST3947,2026-06-07,C005,CAM022
CUST3948,2026-05-08,C020,CAM026
CUST3949,2026-03-05,C021,CAM025
CUST3950,2026-02-20,C008,CAM033
CUST3951,2026-05-02,C002,CAM027
CUST3952,2026-04-08,C002,CAM027
CUST3953,2026-04-09,C002,CAM002
CUST3954,2026-04-13,C023,CAM010
CUST3955,2026-04-26,C002,CAM027
CUST3956,2026-03-09,C011,CAM003
CUST3957,2026-05-18,C009,CAM034
CUST3958,2026-04-01,C009,CAM030
CUST3959,2026-01-22,C008,CAM007
CUST3960,2026-03-29,C009,CAM030
CUST3961,2026-06-10,C024,CAM013
CUST3962,2026-04-13,C023,CAM010
CUST3963,2026-03-15,C013,CAM032
CUST3964,2026-06-03,C009,CAM034
CUST3965,2026-01-26,C008,CAM007
CUST3966,2026-03-19,C007,CAM028
CUST3967,2026-03-13,C011,CAM003
CUST3968,2026-04-06,C023,CAM010
CUST3969,2026-05-29,C005,CAM021
CUST3970,2026-04-02,C009,CAM030
CUST3971,2026-03-17,C006,CAM008
CUST3972,2026-03-05,C011,CAM001
CUST3973,2026-01-28,C018,CAM039
CUST3974,2026-03-07,C021,CAM025
CUST3975,2026-03-09,C007,CAM028
CUST3976,2026-01-06,C007,CAM037
CUST3977,2026-05-22,C024,CAM013
CUST3978,2026-06-07,C005,CAM022
CUST3979,2026-06-17,C005,CAM021
CUST3980,2026-05-13,C013,CAM019
CUST3981,2026-01-21,C008,CAM007
CUST3982,2026-03-08,C011,CAM001
CUST3983,2026-04-12,C023,CAM010
CUST3984,2026-04-08,C009,CAM035
CUST3985,2026-06-16,C005,CAM021
CUST3986,2026-04-08,C009,CAM030
CUST3987,2026-04-27,C018,CAM017
CUST3988,2026-03-12,C007,CAM028
CUST3989,2026-03-15,C013,CAM032
CUST3990,2026-04-12,C009,CAM035
CUST3991,2026-04-15,C002,CAM002
CUST3992,2026-03-16,C011,CAM003
CUST3993,2026-04-18,C011,CAM009
CUST3994,2026-05-18,C018,CAM004
CUST3995,2026-04-24,C013,CAM006
CUST3996,2026-04-16,C011,CAM009
CUST3997,2026-01-29,C010,CAM012
CUST3998,2026-05-28,C024,CAM013
CUST3999,2026-01-19,C018,CAM016
CUST4000,2026-06-05,C011,CAM015
CUST4001,2026-04-07,C009,CAM035
CUST4002,2026-05-26,C013,CAM019
CUST4003,2026-01-15,C018,CAM016
CUST4004,2026-01-26,C008,CAM007
CUST4005,2026-03-13,C011,CAM003
CUST4006,2026-02-12,C021,CAM025
CUST4007,2026-02-15,C004,CAM020
CUST4008,2026-02-20,C017,CAM029
CUST4009,2026-03-04,C010,CAM038
CUST4010,2026-02-13,C018,CAM031
CUST4011,2026-02-17,C004,CAM020
CUST4012,2026-05-25,C011,CAM015
CUST4013,2026-05-24,C024,CAM013
CUST4014,2026-02-28,C011,CAM001
CUST4015,2026-03-12,C007,CAM028
CUST4016,2026-06-18,C018,CAM018
CUST4017,2026-04-07,C023,CAM010
CUST4018,2026-06-02,C024,CAM013
CUST4019,2026-04-01,C013,CAM032
CUST4020,2026-06-10,C005,CAM021
CUST4021,2026-04-12,C009,CAM035
CUST4022,2026-02-22,C018,CAM031
CUST4023,2026-05-31,C023,CAM005
CUST4024,2026-04-23,C013,CAM006
CUST4025,2026-04-14,C002,CAM002
CUST4026,2026-02-19,C008,CAM033
CUST4027,2026-02-16,C021,CAM025
CUST4028,2026-01-06,C007,CAM037
CUST4029,2026-04-27,C020,CAM026
CUST4030,2026-01-15,C007,CAM037
CUST4031,2026-03-22,C013,CAM032
CUST4032,2026-02-10,C004,CAM040
CUST4033,2026-01-29,C004,CAM040
CUST4034,2026-03-30,C013,CAM032
CUST4035,2026-05-28,C018,CAM004
CUST4036,2026-06-06,C005,CAM022
CUST4037,2026-05-25,C005,CAM021
CUST4038,2026-05-12,C014,CAM014
CUST4039,2026-01-25,C007,CAM036
CUST4040,2026-04-03,C009,CAM030
CUST4041,2026-06-07,C005,CAM022
CUST4042,2026-06-06,C023,CAM005
CUST4043,2026-04-24,C018,CAM017
CUST4044,2026-01-27,C010,CAM012
CUST4045,2026-05-22,C018,CAM004
CUST4046,2026-05-07,C020,CAM026
CUST4047,2026-06-14,C024,CAM013
CUST4048,2026-04-14,C023,CAM010
CUST4049,2026-05-12,C013,CAM019
CUST4050,2026-04-25,C013,CAM006
CUST4051,2026-05-09,C014,CAM014
CUST4052,2026-06-01,C005,CAM021
CUST4053,2026-04-19,C018,CAM017
CUST4054,2026-05-18,C014,CAM014
CUST4055,2026-02-22,C018,CAM031
CUST4056,2026-03-14,C011,CAM003
CUST4057,2026-04-11,C009,CAM035
CUST4058,2026-01-01,C007,CAM036
CUST4059,2026-04-07,C013,CAM006
CUST4060,2026-04-05,C009,CAM030
CUST4061,2026-01-21,C004,CAM040
CUST4062,2026-04-12,C011,CAM009
CUST4063,2026-03-07,C007,CAM028
CUST4064,2026-04-22,C020,CAM026
CUST4065,2026-02-02,C010,CAM012
CUST4066,2026-05-10,C012,CAM024
CUST4067,2026-03-20,C006,CAM008
CUST4068,2026-06-06,C024,CAM013
CUST4069,2026-02-24,C021,CAM025
CUST4070,2026-05-22,C023,CAM005
CUST4071,2026-01-07,C007,CAM036
CUST4072,2026-05-01,C014,CAM014
CUST4073,2026-02-07,C017,CAM029
CUST4074,2026-03-10,C010,CAM038
CUST4075,2026-02-28,C011,CAM001
CUST4076,2026-02-09,C010,CAM012
CUST4077,2026-05-22,C024,CAM013
CUST4078,2026-01-07,C007,CAM037
CUST4079,2026-02-18,C017,CAM029
CUST4080,2026-05-08,C014,CAM014
CUST4081,2026-04-17,C009,CAM035
CUST4082,2026-04-10,C002,CAM002
CUST4083,2026-01-22,C018,CAM039
CUST4084,2026-04-12,C002,CAM027
CUST4085,2026-06-08,C024,CAM013
CUST4086,2026-05-15,C014,CAM014
CUST4087,2026-05-07,C020,CAM026
CUST4088,2026-04-17,C013,CAM023
CUST4089,2026-01-30,C018,CAM039
CUST4090,2026-01-17,C018,CAM016
CUST4091,2026-01-11,C007,CAM036
CUST4092,2026-03-30,C007,CAM028
CUST4093,2026-03-06,C011,CAM001
CUST4094,2026-02-27,C011,CAM001
CUST4095,2026-04-15,C023,CAM010
CUST4096,2026-03-26,C013,CAM032
CUST4097,2026-05-25,C009,CAM034
CUST4098,2026-02-09,C004,CAM040
CUST4099,2026-03-11,C010,CAM038
CUST4100,2026-02-27,C003,CAM011
CUST4101,2026-02-07,C010,CAM012
CUST4102,2026-05-27,C009,CAM034
CUST4103,2026-03-11,C010,CAM038
CUST4104,2026-05-15,C020,CAM026
CUST4105,2026-03-29,C013,CAM032
CUST4106,2026-05-16,C014,CAM014
CUST4107,2026-04-29,C002,CAM027
CUST4108,2026-04-29,C014,CAM014
CUST4109,2026-01-21,C018,CAM039
CUST4110,2026-06-15,C005,CAM021
CUST4111,2026-04-26,C013,CAM006
CUST4112,2026-02-26,C018,CAM031
CUST4113,2026-04-11,C013,CAM006
CUST4114,2026-04-17,C002,CAM027
CUST4115,2026-01-17,C018,CAM016
CUST4116,2026-05-09,C013,CAM019
CUST4117,2026-05-09,C013,CAM019
CUST4118,2026-04-11,C013,CAM006
CUST4119,2026-05-09,C020,CAM026
CUST4120,2026-06-15,C005,CAM022
CUST4121,2026-02-22,C021,CAM025
CUST4122,2026-04-13,C002,CAM002
CUST4123,2026-03-07,C021,CAM025
CUST4124,2026-05-27,C009,CAM034
CUST4125,2026-01-19,C004,CAM040
CUST4126,2026-06-05,C024,CAM013
CUST4127,2026-04-27,C002,CAM027
CUST4128,2026-01-24,C018,CAM016
CUST4129,2026-04-12,C011,CAM009
CUST4130,2026-04-16,C018,CAM017
CUST4131,2026-05-17,C024,CAM013
CUST4132,2026-03-14,C011,CAM001
CUST4133,2026-01-29,C018,CAM039
CUST4134,2026-05-30,C005,CAM021
CUST4135,2026-01-19,C018,CAM016
CUST4136,2026-06-07,C018,CAM018
CUST4137,2026-05-13,C013,CAM019
CUST4138,2026-05-31,C009,CAM034
CUST4139,2026-01-23,C004,CAM040
CUST4140,2026-03-17,C007,CAM028
CUST4141,2026-04-07,C023,CAM010
CUST4142,2026-04-04,C023,CAM010
CUST4143,2026-03-22,C006,CAM008
CUST4144,2026-01-05,C007,CAM037
CUST4145,2026-03-11,C011,CAM003
CUST4146,2026-04-10,C009,CAM035
CUST4147,2026-03-13,C011,CAM003
CUST4148,2026-05-10,C009,CAM034
CUST4149,2026-06-02,C023,CAM005
CUST4150,2026-03-21,C003,CAM011
CUST4151,2026-04-10,C002,CAM002
CUST4152,2026-05-18,C013,CAM019
CUST4153,2026-03-15,C007,CAM028
CUST4154,2026-04-27,C013,CAM006
CUST4155,2026-05-24,C013,CAM019
CUST4156,2026-02-28,C011,CAM001
CUST4157,2026-02-01,C008,CAM033
CUST4158,2026-02-20,C004,CAM020
CUST4159,2026-01-06,C007,CAM037
CUST4160,2026-03-06,C010,CAM038
CUST4161,2026-05-23,C024,CAM013
CUST4162,2026-05-18,C013,CAM019
CUST4163,2026-03-09,C011,CAM003
CUST4164,2026-01-20,C007,CAM036
CUST4165,2026-02-16,C004,CAM020
CUST4166,2026-06-11,C018,CAM018
CUST4167,2026-06-15,C005,CAM022
CUST4168,2026-01-25,C010,CAM012
CUST4169,2026-04-04,C013,CAM023
CUST4170,2026-03-12,C003,CAM011
CUST4171,2026-01-21,C007,CAM036
CUST4172,2026-04-02,C009,CAM030
CUST4173,2026-03-22,C006,CAM008
CUST4174,2026-04-19,C018,CAM017
CUST4175,2026-04-08,C013,CAM023
CUST4176,2026-04-19,C013,CAM006
CUST4177,2026-01-19,C008,CAM007
CUST4178,2026-04-04,C009,CAM030
CUST4179,2026-04-08,C011,CAM009
CUST4180,2026-04-09,C009,CAM035
CUST4181,2026-04-11,C002,CAM002
CUST4182,2026-03-22,C013,CAM032
CUST4183,2026-01-22,C004,CAM040
CUST4184,2026-04-04,C023,CAM010
CUST4185,2026-04-15,C013,CAM023
CUST4186,2026-03-09,C011,CAM001
CUST4187,2026-01-26,C008,CAM007
CUST4188,2026-03-01,C011,CAM001
CUST4189,2026-05-26,C011,CAM015
CUST4190,2026-04-17,C013,CAM023
CUST4191,2026-03-23,C003,CAM011
CUST4192,2026-06-07,C018,CAM018
CUST4193,2026-06-14,C024,CAM013
CUST4194,2026-05-12,C014,CAM014
CUST4195,2026-03-24,C007,CAM028
CUST4196,2026-05-25,C013,CAM019
CUST4197,2026-05-05,C014,CAM014
CUST4198,2026-02-20,C008,CAM033
CUST4199,2026-03-04,C003,CAM011
CUST4200,2026-04-22,C011,CAM009
CUST4201,2026-04-07,C023,CAM010
CUST4202,2026-02-20,C008,CAM033
CUST4203,2026-02-10,C021,CAM025
CUST4204,2026-03-17,C006,CAM008
CUST4205,2026-04-15,C009,CAM035
CUST4206,2026-06-04,C024,CAM013
CUST4207,2026-04-08,C023,CAM010
CUST4208,2026-03-25,C006,CAM008
CUST4209,2026-02-22,C021,CAM025
CUST4210,2026-03-18,C007,CAM028
CUST4211,2026-04-16,C013,CAM023
CUST4212,2026-03-10,C010,CAM038
CUST4213,2026-05-01,C020,CAM026
CUST4214,2026-04-12,C011,CAM009
CUST4215,2026-04-04,C023,CAM010
CUST4216,2026-05-28,C023,CAM005
CUST4217,2026-05-15,C009,CAM034
CUST4218,2026-03-19,C003,CAM011
CUST4219,2026-03-07,C007,CAM028
CUST4220,2026-02-04,C004,CAM040
CUST4221,2026-04-11,C011,CAM009
CUST4222,2026-06-05,C023,CAM005
CUST4223,2026-01-08,C007,CAM036
CUST4224,2026-04-08,C009,CAM030
CUST4225,2026-02-06,C017,CAM029
CUST4226,2026-03-30,C013,CAM032
CUST4227,2026-06-02,C005,CAM021
CUST4228,2026-05-31,C009,CAM034
CUST4229,2026-05-21,C013,CAM019
CUST4230,2026-03-22,C003,CAM011
CUST4231,2026-01-27,C018,CAM016
CUST4232,2026-01-31,C004,CAM040
CUST4233,2026-05-16,C014,CAM014
CUST4234,2026-03-15,C011,CAM003
CUST4235,2026-03-17,C011,CAM003
CUST4236,2026-02-18,C008,CAM033
CUST4237,2026-03-15,C013,CAM032
CUST4238,2026-02-19,C021,CAM025
CUST4239,2026-04-08,C023,CAM010
CUST4240,2026-03-22,C006,CAM008
CUST4241,2026-04-22,C018,CAM017
CUST4242,2026-03-29,C009,CAM030
CUST4243,2026-03-12,C011,CAM003
CUST4244,2026-04-15,C009,CAM035
CUST4245,2026-02-11,C018,CAM031
CUST4246,2026-04-13,C018,CAM017
CUST4247,2026-01-10,C007,CAM037
CUST4248,2026-03-29,C013,CAM032
CUST4249,2026-04-18,C002,CAM002
CUST4250,2026-04-15,C023,CAM010
CUST4251,2026-03-18,C013,CAM032
CUST4252,2026-03-10,C010,CAM038
CUST4253,2026-02-19,C004,CAM020
CUST4254,2026-03-17,C007,CAM028
CUST4255,2026-06-06,C024,CAM013
CUST4256,2026-02-28,C003,CAM011
CUST4257,2026-03-19,C003,CAM011
CUST4258,2026-04-24,C002,CAM027
CUST4259,2026-01-24,C004,CAM040
CUST4260,2026-04-25,C020,CAM026
CUST4261,2026-06-09,C018,CAM018
CUST4262,2026-04-08,C002,CAM002
CUST4263,2026-01-30,C018,CAM039
CUST4264,2026-02-22,C021,CAM025
CUST4265,2026-03-23,C007,CAM028
CUST4266,2026-05-29,C018,CAM018
CUST4267,2026-04-22,C018,CAM017
CUST4268,2026-01-23,C008,CAM007
CUST4269,2026-02-24,C003,CAM011
CUST4270,2026-06-01,C005,CAM021
CUST4271,2026-05-25,C023,CAM005
CUST4272,2026-05-14,C020,CAM026
CUST4273,2026-04-18,C018,CAM017
CUST4274,2026-05-15,C020,CAM026
CUST4275,2026-05-05,C014,CAM014
CUST4276,2026-04-15,C009,CAM035
CUST4277,2026-05-25,C018,CAM004
CUST4278,2026-04-17,C013,CAM006
CUST4279,2026-03-12,C011,CAM003
CUST4280,2026-03-23,C003,CAM011
CUST4281,2026-06-04,C011,CAM015
CUST4282,2026-06-01,C024,CAM013
CUST4283,2026-05-28,C018,CAM004
CUST4284,2026-04-22,C011,CAM009
CUST4285,2026-05-25,C018,CAM004
CUST4286,2026-04-17,C018,CAM017
CUST4287,2026-03-03,C010,CAM038
CUST4288,2026-05-27,C023,CAM005
CUST4289,2026-04-06,C023,CAM010
CUST4290,2026-05-17,C024,CAM013
CUST4291,2026-04-06,C013,CAM006
CUST4292,2026-05-03,C014,CAM014
CUST4293,2026-05-20,C018,CAM004
CUST4294,2026-03-15,C011,CAM003
CUST4295,2026-01-05,C007,CAM037
CUST4296,2026-04-18,C002,CAM002
CUST4297,2026-01-30,C017,CAM029
CUST4298,2026-04-23,C018,CAM017
CUST4299,2026-06-03,C011,CAM015
CUST4300,2026-05-11,C012,CAM024
CUST4301,2026-05-26,C023,CAM005
CUST4302,2026-05-05,C020,CAM026
CUST4303,2026-04-05,C023,CAM010
CUST4304,2026-03-16,C011,CAM003
CUST4305,2026-05-06,C020,CAM026
CUST4306,2026-05-10,C009,CAM034
CUST4307,2026-04-14,C002,CAM002
CUST4308,2026-05-28,C018,CAM004
CUST4309,2026-05-08,C020,CAM026
CUST4310,2026-03-13,C013,CAM032
CUST4311,2026-05-26,C018,CAM004
CUST4312,2026-01-07,C007,CAM037
CUST4313,2026-05-14,C012,CAM024
CUST4314,2026-06-02,C011,CAM015
CUST4315,2026-04-08,C011,CAM009
CUST4316,2026-04-14,C023,CAM010
CUST4317,2026-04-21,C018,CAM017
CUST4318,2026-05-28,C024,CAM013
CUST4319,2026-06-18,C018,CAM018
CUST4320,2026-06-17,C005,CAM022
CUST4321,2026-04-17,C013,CAM023
CUST4322,2026-05-20,C009,CAM034
CUST4323,2026-05-20,C018,CAM004
CUST4324,2026-04-12,C013,CAM023
CUST4325,2026-05-15,C020,CAM026
CUST4326,2026-03-26,C007,CAM028
CUST4327,2026-02-27,C018,CAM031
CUST4328,2026-04-20,C011,CAM009
CUST4329,2026-01-24,C004,CAM040
CUST4330,2026-03-14,C011,CAM003
CUST4331,2026-03-03,C018,CAM031
CUST4332,2026-03-23,C007,CAM028
CUST4333,2026-02-02,C008,CAM033
CUST4334,2026-05-20,C018,CAM004
CUST4335,2026-04-21,C013,CAM006
CUST4336,2026-04-13,C002,CAM002
CUST4337,2026-04-09,C002,CAM002
CUST4338,2026-03-15,C011,CAM003
CUST4339,2026-02-03,C010,CAM012
CUST4340,2026-01-26,C008,CAM007
CUST4341,2026-05-14,C012,CAM024
CUST4342,2026-05-11,C012,CAM024
CUST4343,2026-05-09,C020,CAM026
CUST4344,2026-02-14,C010,CAM012
CUST4345,2026-01-14,C007,CAM037
CUST4346,2026-04-14,C009,CAM035
CUST4347,2026-03-16,C013,CAM032
CUST4348,2026-06-04,C005,CAM021
CUST4349,2026-02-11,C008,CAM033
CUST4350,2026-01-30,C010,CAM012
CUST4351,2026-06-12,C005,CAM022
CUST4352,2026-05-24,C024,CAM013
CUST4353,2026-05-18,C013,CAM019
CUST4354,2026-03-17,C006,CAM008
CUST4355,2026-03-30,C007,CAM028
CUST4356,2026-06-07,C023,CAM005
CUST4357,2026-01-30,C018,CAM039
CUST4358,2026-03-01,C018,CAM031
CUST4359,2026-02-14,C017,CAM029
CUST4360,2026-05-02,C002,CAM027
CUST4361,2026-04-23,C018,CAM017
CUST4362,2026-01-27,C018,CAM039
CUST4363,2026-01-26,C008,CAM007
CUST4364,2026-06-05,C023,CAM005
CUST4365,2026-01-28,C004,CAM040
CUST4366,2026-04-12,C002,CAM002
CUST4367,2026-05-28,C009,CAM034
CUST4368,2026-05-23,C018,CAM004
CUST4369,2026-01-23,C004,CAM040
CUST4370,2026-05-19,C018,CAM004
CUST4371,2026-02-09,C017,CAM029
CUST4372,2026-04-07,C009,CAM030
CUST4373,2026-01-21,C008,CAM007
CUST4374,2026-04-25,C020,CAM026
CUST4375,2026-01-15,C007,CAM037
CUST4376,2026-01-22,C007,CAM036
CUST4377,2026-03-16,C011,CAM003
CUST4378,2026-04-21,C011,CAM009
CUST4379,2026-06-05,C023,CAM005
CUST4380,2026-05-30,C024,CAM013
CUST4381,2026-05-24,C013,CAM019
CUST4382,2026-03-21,C006,CAM008
CUST4383,2026-05-09,C012,CAM024
CUST4384,2026-04-12,C002,CAM027
CUST4385,2026-05-21,C024,CAM013
CUST4386,2026-04-13,C013,CAM023
CUST4387,2026-05-24,C018,CAM004
CUST4388,2026-05-06,C014,CAM014
CUST4389,2026-04-19,C018,CAM017
CUST4390,2026-04-13,C018,CAM017
CUST4391,2026-05-11,C014,CAM014
CUST4392,2026-04-15,C002,CAM002
CUST4393,2026-03-07,C011,CAM001
CUST4394,2026-05-14,C014,CAM014
CUST4395,2026-02-28,C021,CAM025
CUST4396,2026-03-17,C011,CAM003
CUST4397,2026-04-13,C011,CAM009
CUST4398,2026-03-23,C006,CAM008
CUST4399,2026-05-05,C014,CAM014
CUST4400,2026-05-04,C014,CAM014
CUST4401,2026-04-24,C020,CAM026
CUST4402,2026-03-29,C007,CAM028
CUST4403,2026-03-04,C021,CAM025
CUST4404,2026-04-07,C009,CAM030
CUST4405,2026-02-27,C017,CAM029
CUST4406,2026-02-24,C017,CAM029
CUST4407,2026-05-27,C024,CAM013
CUST4408,2026-03-19,C007,CAM028
CUST4409,2026-06-06,C005,CAM022
CUST4410,2026-03-07,C010,CAM038
CUST4411,2026-04-23,C011,CAM009
CUST4412,2026-04-08,C009,CAM035
CUST4413,2026-02-06,C010,CAM012
CUST4414,2026-04-08,C013,CAM006
CUST4415,2026-05-28,C011,CAM015
CUST4416,2026-04-09,C023,CAM010
CUST4417,2026-06-14,C005,CAM021
CUST4418,2026-02-21,C018,CAM031
CUST4419,2026-01-02,C007,CAM036
CUST4420,2026-03-29,C009,CAM030
CUST4421,2026-04-13,C013,CAM023
CUST4422,2026-05-26,C009,CAM034
CUST4423,2026-04-13,C013,CAM023
CUST4424,2026-03-28,C007,CAM028
CUST4425,2026-04-08,C013,CAM023
CUST4426,2026-05-24,C018,CAM004
CUST4427,2026-02-14,C010,CAM012
CUST4428,2026-04-12,C002,CAM002
CUST4429,2026-04-13,C013,CAM023
CUST4430,2026-01-19,C008,CAM007
CUST4431,2026-01-06,C007,CAM036
CUST4432,2026-04-21,C020,CAM026
CUST4433,2026-06-10,C024,CAM013
CUST4434,2026-02-17,C004,CAM020
CUST4435,2026-03-12,C011,CAM003
CUST4436,2026-01-26,C008,CAM007
CUST4437,2026-06-14,C005,CAM022
CUST4438,2026-04-23,C020,CAM026
CUST4439,2026-04-15,C002,CAM002
CUST4440,2026-04-07,C013,CAM006
CUST4441,2026-03-17,C006,CAM008
CUST4442,2026-06-24,C018,CAM018
CUST4443,2026-05-18,C013,CAM019
CUST4444,2026-06-13,C005,CAM022
CUST4445,2026-04-19,C018,CAM017
CUST4446,2026-06-01,C023,CAM005
CUST4447,2026-05-28,C018,CAM004
CUST4448,2026-04-19,C013,CAM006
CUST4449,2026-05-27,C011,CAM015
CUST4450,2026-02-13,C008,CAM033
CUST4451,2026-04-13,C023,CAM010
CUST4452,2026-03-21,C006,CAM008
CUST4453,2026-04-04,C009,CAM030
CUST4454,2026-03-04,C021,CAM025
CUST4455,2026-05-28,C023,CAM005
CUST4456,2026-04-24,C018,CAM017
CUST4457,2026-04-03,C013,CAM006
CUST4458,2026-04-07,C009,CAM035
CUST4459,2026-05-09,C014,CAM014
CUST4460,2026-04-12,C011,CAM009
CUST4461,2026-01-22,C018,CAM016
CUST4462,2026-06-06,C018,CAM018
CUST4463,2026-05-31,C011,CAM015
CUST4464,2026-06-01,C011,CAM015
CUST4465,2026-02-22,C017,CAM029
CUST4466,2026-04-13,C018,CAM017
CUST4467,2026-06-05,C011,CAM015
CUST4468,2026-05-07,C014,CAM014
CUST4469,2026-03-16,C006,CAM008
CUST4470,2026-04-22,C020,CAM026
CUST4471,2026-05-13,C014,CAM014
CUST4472,2026-05-28,C018,CAM018
CUST4473,2026-04-13,C002,CAM002
CUST4474,2026-05-09,C012,CAM024
CUST4475,2026-04-11,C011,CAM009
CUST4476,2026-03-04,C010,CAM038
CUST4477,2026-06-20,C018,CAM018
CUST4478,2026-03-06,C007,CAM028
CUST4479,2026-02-10,C008,CAM033
CUST4480,2026-04-14,C002,CAM002
CUST4481,2026-02-07,C004,CAM020
CUST4482,2026-05-03,C002,CAM027
CUST4483,2026-03-12,C013,CAM032
CUST4484,2026-03-07,C011,CAM001
CUST4485,2026-04-06,C013,CAM023
CUST4486,2026-01-21,C004,CAM040
CUST4487,2026-04-05,C023,CAM010
CUST4488,2026-02-25,C021,CAM025
CUST4489,2026-03-15,C013,CAM032
CUST4490,2026-05-14,C013,CAM019
CUST4491,2026-05-15,C012,CAM024
CUST4492,2026-03-11,C011,CAM001
CUST4493,2026-01-26,C004,CAM040
CUST4494,2026-05-06,C020,CAM026
CUST4495,2026-06-18,C005,CAM022
CUST4496,2026-03-22,C013,CAM032
CUST4497,2026-01-23,C010,CAM012
CUST4498,2026-05-09,C012,CAM024
CUST4499,2026-01-21,C018,CAM039
CUST4500,2026-04-08,C013,CAM023
CUST4501,2026-01-16,C018,CAM016
CUST4502,2026-02-27,C021,CAM025
CUST4503,2026-06-07,C005,CAM022
CUST4504,2026-04-11,C002,CAM002
CUST4505,2026-06-05,C011,CAM015
CUST4506,2026-02-09,C004,CAM040
CUST4507,2026-04-19,C020,CAM026
CUST4508,2026-03-31,C009,CAM030
CUST4509,2026-03-24,C007,CAM028
CUST4510,2026-05-25,C018,CAM004
CUST4511,2026-05-08,C020,CAM026
CUST4512,2026-04-15,C011,CAM009
CUST4513,2026-04-21,C013,CAM006
CUST4514,2026-04-14,C002,CAM002
CUST4515,2026-04-17,C002,CAM027
CUST4516,2026-05-18,C018,CAM004
CUST4517,2026-05-31,C005,CAM021
CUST4518,2026-01-30,C018,CAM039
CUST4519,2026-03-17,C006,CAM008
CUST4520,2026-05-30,C005,CAM022
CUST4521,2026-03-25,C013,CAM032
CUST4522,2026-05-31,C018,CAM018
CUST4523,2026-02-25,C011,CAM001
CUST4524,2026-03-03,C003,CAM011
CUST4525,2026-02-06,C004,CAM040
CUST4526,2026-05-17,C014,CAM014
CUST4527,2026-05-12,C009,CAM034
CUST4528,2026-01-29,C018,CAM039
CUST4529,2026-03-13,C011,CAM001
CUST4530,2026-02-15,C017,CAM029
CUST4531,2026-05-24,C009,CAM034
CUST4532,2026-02-10,C018,CAM031
CUST4533,2026-02-23,C003,CAM011
CUST4534,2026-06-01,C024,CAM013
CUST4535,2026-03-31,C009,CAM030
CUST4536,2026-01-03,C007,CAM036
CUST4537,2026-06-04,C011,CAM015
CUST4538,2026-03-22,C007,CAM028
CUST4539,2026-01-22,C008,CAM007
CUST4540,2026-04-16,C013,CAM006
CUST4541,2026-02-20,C004,CAM020
CUST4542,2026-01-25,C008,CAM007
CUST4543,2026-05-09,C013,CAM019
CUST4544,2026-03-30,C009,CAM030
CUST4545,2026-04-12,C009,CAM035
CUST4546,2026-03-24,C013,CAM032
CUST4547,2026-05-25,C013,CAM019
CUST4548,2026-04-19,C002,CAM027
CUST4549,2026-04-24,C020,CAM026
CUST4550,2026-01-30,C018,CAM039
CUST4551,2026-02-22,C017,CAM029
CUST4552,2026-06-07,C005,CAM021
CUST4553,2026-04-27,C018,CAM017
CUST4554,2026-05-09,C012,CAM024
CUST4555,2026-06-05,C009,CAM034
CUST4556,2026-04-12,C023,CAM010
CUST4557,2026-02-09,C008,CAM033
CUST4558,2026-02-28,C021,CAM025
CUST4559,2026-04-18,C013,CAM006
CUST4560,2026-03-22,C013,CAM032
CUST4561,2026-03-06,C010,CAM038
CUST4562,2026-04-01,C009,CAM030
CUST4563,2026-02-19,C017,CAM029
CUST4564,2026-02-10,C008,CAM033
CUST4565,2026-05-18,C024,CAM013
CUST4566,2026-05-24,C013,CAM019
CUST4567,2026-01-26,C004,CAM040
CUST4568,2026-03-17,C013,CAM032
CUST4569,2026-03-18,C013,CAM032
CUST4570,2026-04-09,C013,CAM023
CUST4571,2026-05-23,C013,CAM019
CUST4572,2026-04-27,C013,CAM006
CUST4573,2026-04-14,C018,CAM017
CUST4574,2026-01-24,C008,CAM007
CUST4575,2026-05-13,C009,CAM034
CUST4576,2026-01-25,C018,CAM039
CUST4577,2026-04-20,C013,CAM006
CUST4578,2026-06-01,C011,CAM015
CUST4579,2026-04-22,C002,CAM027
CUST4580,2026-04-10,C011,CAM009
CUST4581,2026-04-08,C013,CAM023
CUST4582,2026-04-16,C018,CAM017
CUST4583,2026-01-25,C018,CAM016
CUST4584,2026-05-31,C005,CAM021
CUST4585,2026-04-08,C002,CAM002
CUST4586,2026-01-03,C007,CAM036
CUST4587,2026-05-21,C018,CAM004
CUST4588,2026-04-15,C013,CAM023
CUST4589,2026-03-19,C007,CAM028
CUST4590,2026-03-15,C003,CAM011
CUST4591,2026-03-20,C013,CAM032
CUST4592,2026-03-09,C013,CAM032
CUST4593,2026-02-13,C021,CAM025
CUST4594,2026-04-02,C009,CAM030
CUST4595,2026-05-31,C011,CAM015
CUST4596,2026-02-19,C004,CAM020
CUST4597,2026-03-20,C006,CAM008
CUST4598,2026-04-13,C013,CAM006
CUST4599,2026-05-31,C024,CAM013
CUST4600,2026-04-08,C013,CAM023
CUST4601,2026-01-26,C008,CAM007
CUST4602,2026-05-26,C023,CAM005
CUST4603,2026-01-07,C007,CAM037
CUST4604,2026-03-09,C010,CAM038
CUST4605,2026-03-12,C013,CAM032
CUST4606,2026-03-25,C006,CAM008
CUST4607,2026-04-17,C009,CAM035
CUST4608,2026-03-14,C013,CAM032
CUST4609,2026-04-28,C013,CAM006
CUST4610,2026-06-14,C005,CAM022
CUST4611,2026-03-17,C006,CAM008
CUST4612,2026-03-31,C009,CAM030
CUST4613,2026-04-12,C023,CAM010
CUST4614,2026-04-16,C023,CAM010
CUST4615,2026-04-08,C011,CAM009
CUST4616,2026-01-06,C007,CAM037
CUST4617,2026-06-06,C023,CAM005
CUST4618,2026-04-01,C009,CAM030
CUST4619,2026-03-25,C006,CAM008
CUST4620,2026-03-03,C010,CAM038
CUST4621,2026-04-07,C013,CAM006
CUST4622,2026-02-18,C018,CAM031
CUST4623,2026-06-08,C018,CAM018
CUST4624,2026-05-21,C018,CAM004
CUST4625,2026-04-15,C002,CAM002
CUST4626,2026-06-17,C018,CAM018
CUST4627,2026-06-16,C005,CAM022
CUST4628,2026-03-08,C011,CAM001
CUST4629,2026-06-02,C005,CAM021
CUST4630,2026-05-26,C011,CAM015
CUST4631,2026-03-20,C003,CAM011
CUST4632,2026-03-10,C013,CAM032
CUST4633,2026-04-17,C002,CAM027
CUST4634,2026-05-13,C014,CAM014
CUST4635,2026-06-05,C005,CAM022
CUST4636,2026-05-21,C024,CAM013
CUST4637,2026-02-01,C004,CAM040
CUST4638,2026-06-18,C018,CAM018
CUST4639,2026-02-10,C004,CAM040
CUST4640,2026-06-09,C018,CAM018
CUST4641,2026-03-06,C010,CAM038
CUST4642,2026-03-01,C021,CAM025
CUST4643,2026-02-02,C008,CAM033
CUST4644,2026-02-28,C003,CAM011
CUST4645,2026-05-08,C013,CAM019
CUST4646,2026-01-03,C007,CAM036
CUST4647,2026-05-04,C002,CAM027
CUST4648,2026-02-07,C004,CAM020
CUST4649,2026-03-18,C003,CAM011
CUST4650,2026-03-14,C003,CAM011
CUST4651,2026-01-08,C007,CAM036
CUST4652,2026-04-16,C018,CAM017
CUST4653,2026-04-20,C011,CAM009
CUST4654,2026-05-26,C018,CAM004
CUST4655,2026-04-06,C023,CAM010
CUST4656,2026-03-03,C010,CAM038
CUST4657,2026-04-06,C009,CAM030
CUST4658,2026-05-14,C012,CAM024
CUST4659,2026-02-27,C018,CAM031
CUST4660,2026-01-10,C007,CAM037
CUST4661,2026-03-11,C011,CAM001
CUST4662,2026-06-01,C005,CAM021
CUST4663,2026-04-17,C002,CAM002
CUST4664,2026-02-26,C018,CAM031
CUST4665,2026-01-23,C007,CAM036
CUST4666,2026-04-18,C013,CAM006
CUST4667,2026-03-16,C011,CAM003
CUST4668,2026-01-27,C018,CAM039
CUST4669,2026-03-18,C003,CAM011
CUST4670,2026-01-31,C010,CAM012
CUST4671,2026-01-20,C008,CAM007
CUST4672,2026-05-21,C018,CAM004
CUST4673,2026-04-15,C002,CAM027
CUST4674,2026-03-24,C013,CAM032
CUST4675,2026-03-17,C011,CAM003
CUST4676,2026-04-15,C009,CAM035
CUST4677,2026-05-30,C018,CAM018
CUST4678,2026-04-18,C018,CAM017
CUST4679,2026-04-17,C009,CAM035
CUST4680,2026-02-18,C004,CAM020
CUST4681,2026-02-08,C004,CAM040
CUST4682,2026-04-30,C002,CAM027
CUST4683,2026-04-10,C002,CAM027
CUST4684,2026-05-20,C013,CAM019
CUST4685,2026-04-20,C018,CAM017
CUST4686,2026-01-15,C007,CAM037
CUST4687,2026-04-04,C013,CAM006
CUST4688,2026-05-14,C020,CAM026
CUST4689,2026-03-31,C009,CAM030
CUST4690,2026-06-14,C005,CAM021
CUST4691,2026-04-14,C011,CAM009
CUST4692,2026-06-17,C005,CAM021
CUST4693,2026-04-08,C013,CAM023
CUST4694,2026-02-10,C004,CAM040
CUST4695,2026-04-10,C002,CAM027
CUST4696,2026-01-14,C007,CAM036
CUST4697,2026-04-21,C011,CAM009
CUST4698,2026-02-20,C021,CAM025
CUST4699,2026-01-01,C007,CAM036
CUST4700,2026-05-29,C018,CAM018
CUST4701,2026-06-17,C005,CAM021
CUST4702,2026-04-08,C011,CAM009
CUST4703,2026-03-01,C003,CAM011
CUST4704,2026-01-09,C007,CAM037
CUST4705,2026-01-26,C018,CAM016
CUST4706,2026-05-04,C014,CAM014
CUST4707,2026-04-06,C009,CAM035
CUST4708,2026-03-14,C011,CAM001
CUST4709,2026-03-10,C011,CAM003
CUST4710,2026-05-09,C020,CAM026
CUST4711,2026-04-09,C023,CAM010
CUST4712,2026-03-10,C010,CAM038
CUST4713,2026-06-23,C018,CAM018
CUST4714,2026-05-15,C013,CAM019
CUST4715,2026-03-14,C011,CAM003
CUST4716,2026-04-21,C013,CAM006
CUST4717,2026-04-06,C009,CAM035
CUST4718,2026-04-22,C011,CAM009
CUST4719,2026-03-09,C007,CAM028
CUST4720,2026-03-10,C011,CAM003
CUST4721,2026-04-12,C002,CAM002
CUST4722,2026-06-01,C005,CAM022
CUST4723,2026-05-09,C012,CAM024
CUST4724,2026-05-17,C014,CAM014
CUST4725,2026-01-09,C007,CAM037
CUST4726,2026-01-22,C018,CAM039
CUST4727,2026-02-10,C004,CAM040
CUST4728,2026-01-16,C018,CAM016
CUST4729,2026-01-19,C018,CAM016
CUST4730,2026-04-10,C023,CAM010
CUST4731,2026-02-05,C004,CAM040
CUST4732,2026-03-17,C006,CAM008
CUST4733,2026-03-07,C011,CAM001
CUST4734,2026-04-24,C020,CAM026
CUST4735,2026-02-25,C021,CAM025
CUST4736,2026-06-07,C005,CAM022
CUST4737,2026-02-11,C004,CAM020
CUST4738,2026-02-27,C011,CAM001
CUST4739,2026-03-29,C009,CAM030
CUST4740,2026-05-21,C009,CAM034
CUST4741,2026-01-05,C007,CAM037
CUST4742,2026-05-29,C005,CAM021
CUST4743,2026-05-10,C013,CAM019
CUST4744,2026-02-26,C011,CAM001
CUST4745,2026-05-22,C013,CAM019
CUST4746,2026-01-31,C017,CAM029
CUST4747,2026-04-08,C011,CAM009
CUST4748,2026-02-07,C004,CAM040
CUST4749,2026-01-23,C008,CAM007
CUST4750,2026-05-12,C013,CAM019
CUST4751,2026-05-02,C020,CAM026
CUST4752,2026-05-02,C020,CAM026
CUST4753,2026-05-16,C013,CAM019
CUST4754,2026-05-30,C024,CAM013
CUST4755,2026-02-22,C008,CAM033
CUST4756,2026-05-05,C014,CAM014
CUST4757,2026-03-12,C011,CAM003
CUST4758,2026-04-07,C009,CAM035
CUST4759,2026-05-28,C018,CAM004
CUST4760,2026-01-27,C018,CAM016
CUST4761,2026-01-13,C007,CAM037
CUST4762,2026-06-03,C005,CAM022
CUST4763,2026-01-26,C004,CAM040
CUST4764,2026-04-04,C009,CAM030
CUST4765,2026-05-24,C024,CAM013
CUST4766,2026-05-15,C012,CAM024
CUST4767,2026-05-25,C011,CAM015
CUST4768,2026-01-09,C007,CAM037
CUST4769,2026-01-31,C017,CAM029
CUST4770,2026-05-28,C018,CAM018
CUST4771,2026-04-14,C002,CAM027
CUST4772,2026-03-16,C006,CAM008
CUST4773,2026-02-11,C004,CAM040
CUST4774,2026-04-28,C002,CAM027
CUST4775,2026-04-08,C009,CAM030
CUST4776,2026-02-28,C011,CAM001
CUST4777,2026-04-25,C018,CAM017
CUST4778,2026-04-27,C018,CAM017
CUST4779,2026-03-05,C010,CAM038
CUST4780,2026-03-20,C013,CAM032
CUST4781,2026-03-14,C007,CAM028
CUST4782,2026-03-31,C009,CAM030
CUST4783,2026-01-07,C007,CAM037
CUST4784,2026-04-08,C002,CAM002
CUST4785,2026-04-16,C018,CAM017
CUST4786,2026-05-10,C014,CAM014
CUST4787,2026-02-20,C017,CAM029
CUST4788,2026-02-16,C008,CAM033
CUST4789,2026-03-07,C007,CAM028
CUST4790,2026-06-17,C005,CAM021
CUST4791,2026-05-20,C018,CAM004
CUST4792,2026-05-12,C012,CAM024
CUST4793,2026-03-14,C011,CAM003
CUST4794,2026-03-04,C010,CAM038
CUST4795,2026-01-07,C007,CAM036
CUST4796,2026-01-30,C017,CAM029
CUST4797,2026-02-24,C003,CAM011
CUST4798,2026-06-07,C023,CAM005
CUST4799,2026-05-24,C023,CAM005
CUST4800,2026-01-25,C004,CAM040
CUST4801,2026-02-11,C004,CAM020
CUST4802,2026-04-27,C013,CAM006
CUST4803,2026-05-16,C012,CAM024
CUST4804,2026-01-30,C004,CAM040
CUST4805,2026-01-30,C018,CAM039
CUST4806,2026-03-11,C010,CAM038
CUST4807,2026-05-04,C020,CAM026
CUST4808,2026-01-13,C007,CAM037
CUST4809,2026-05-17,C014,CAM014
CUST4810,2026-06-02,C023,CAM005
CUST4811,2026-03-09,C011,CAM001
CUST4812,2026-03-31,C009,CAM030
CUST4813,2026-02-11,C004,CAM020
CUST4814,2026-04-11,C023,CAM010
CUST4815,2026-05-11,C012,CAM024
CUST4816,2026-04-08,C009,CAM035
CUST4817,2026-03-31,C009,CAM030
CUST4818,2026-05-02,C014,CAM014
CUST4819,2026-02-24,C003,CAM011
CUST4820,2026-06-07,C024,CAM013
CUST4821,2026-02-16,C017,CAM029
CUST4822,2026-03-05,C011,CAM001
CUST4823,2026-02-10,C004,CAM020
CUST4824,2026-02-27,C017,CAM029
CUST4825,2026-04-22,C011,CAM009
CUST4826,2026-03-31,C009,CAM030
CUST4827,2026-03-10,C011,CAM001
CUST4828,2026-02-13,C004,CAM020
CUST4829,2026-01-18,C008,CAM007
CUST4830,2026-05-28,C011,CAM015
CUST4831,2026-01-22,C008,CAM007
CUST4832,2026-04-07,C009,CAM030
CUST4833,2026-03-06,C003,CAM011
CUST4834,2026-06-19,C018,CAM018
CUST4835,2026-03-19,C007,CAM028
CUST4836,2026-03-26,C007,CAM028
CUST4837,2026-02-04,C017,CAM029
CUST4838,2026-05-07,C012,CAM024
CUST4839,2026-03-08,C003,CAM011
CUST4840,2026-04-25,C002,CAM027
CUST4841,2026-04-28,C018,CAM017
CUST4842,2026-05-15,C014,CAM014
CUST4843,2026-03-12,C011,CAM003
CUST4844,2026-03-13,C003,CAM011
CUST4845,2026-01-23,C018,CAM016
CUST4846,2026-02-13,C018,CAM031
CUST4847,2026-01-12,C007,CAM037
CUST4848,2026-04-08,C009,CAM030
CUST4849,2026-05-26,C023,CAM005
CUST4850,2026-04-16,C011,CAM009
CUST4851,2026-06-24,C018,CAM018
CUST4852,2026-04-11,C011,CAM009
CUST4853,2026-04-04,C023,CAM010
CUST4854,2026-04-15,C023,CAM010
CUST4855,2026-03-31,C013,CAM032
CUST4856,2026-02-21,C004,CAM020
CUST4857,2026-01-22,C010,CAM012
CUST4858,2026-01-20,C010,CAM012
CUST4859,2026-04-16,C002,CAM002
CUST4860,2026-05-24,C018,CAM004
CUST4861,2026-01-12,C007,CAM037
CUST4862,2026-02-27,C017,CAM029
CUST4863,2026-05-24,C024,CAM013
CUST4864,2026-02-09,C010,CAM012
CUST4865,2026-04-05,C023,CAM010
CUST4866,2026-02-11,C010,CAM012
CUST4867,2026-05-30,C005,CAM022
CUST4868,2026-02-06,C004,CAM040
CUST4869,2026-05-16,C012,CAM024
CUST4870,2026-02-10,C018,CAM031
CUST4871,2026-06-12,C018,CAM018
CUST4872,2026-02-21,C021,CAM025
CUST4873,2026-04-20,C011,CAM009
CUST4874,2026-04-19,C013,CAM006
CUST4875,2026-05-11,C009,CAM034
CUST4876,2026-01-09,C007,CAM037
CUST4877,2026-04-06,C013,CAM023
CUST4878,2026-04-06,C013,CAM023
CUST4879,2026-04-14,C013,CAM006
CUST4880,2026-04-12,C011,CAM009
CUST4881,2026-06-12,C005,CAM022
CUST4882,2026-02-19,C018,CAM031
CUST4883,2026-06-11,C024,CAM013
CUST4884,2026-05-12,C012,CAM024
CUST4885,2026-01-20,C018,CAM016
CUST4886,2026-04-09,C011,CAM009
CUST4887,2026-04-16,C009,CAM035
CUST4888,2026-02-01,C010,CAM012
CUST4889,2026-03-30,C009,CAM030
CUST4890,2026-04-10,C023,CAM010
CUST4891,2026-03-06,C011,CAM001
CUST4892,2026-03-02,C021,CAM025
CUST4893,2026-03-10,C013,CAM032
CUST4894,2026-01-22,C018,CAM039
CUST4895,2026-04-13,C013,CAM023
CUST4896,2026-03-08,C010,CAM038
CUST4897,2026-06-05,C023,CAM005
CUST4898,2026-04-16,C011,CAM009
CUST4899,2026-04-21,C013,CAM006
CUST4900,2026-01-22,C008,CAM007
CUST4901,2026-05-21,C018,CAM004
CUST4902,2026-01-20,C018,CAM016
CUST4903,2026-04-25,C018,CAM017
CUST4904,2026-03-13,C011,CAM001
CUST4905,2026-01-25,C010,CAM012
CUST4906,2026-01-24,C010,CAM012
CUST4907,2026-02-26,C021,CAM025
CUST4908,2026-02-19,C021,CAM025
CUST4909,2026-04-10,C011,CAM009
CUST4910,2026-01-27,C018,CAM039
CUST4911,2026-04-24,C018,CAM017
CUST4912,2026-05-22,C013,CAM019
CUST4913,2026-02-20,C004,CAM020
CUST4914,2026-03-13,C007,CAM028
CUST4915,2026-01-22,C018,CAM039
CUST4916,2026-03-13,C011,CAM003
CUST4917,2026-04-21,C013,CAM006
CUST4918,2026-04-09,C002,CAM002
CUST4919,2026-02-13,C010,CAM012
CUST4920,2026-04-27,C013,CAM006
CUST4921,2026-05-07,C012,CAM024
CUST4922,2026-06-10,C005,CAM022
CUST4923,2026-01-06,C007,CAM037
CUST4924,2026-05-26,C005,CAM021
CUST4925,2026-02-09,C017,CAM029
CUST4926,2026-03-13,C011,CAM003
CUST4927,2026-04-28,C018,CAM017
CUST4928,2026-02-25,C011,CAM001
CUST4929,2026-02-09,C017,CAM029
CUST4930,2026-01-28,C018,CAM039
CUST4931,2026-02-19,C004,CAM020
CUST4932,2026-04-06,C013,CAM023
CUST4933,2026-06-01,C005,CAM021
CUST4934,2026-04-30,C014,CAM014
CUST4935,2026-04-30,C020,CAM026
CUST4936,2026-01-06,C007,CAM037
CUST4937,2026-04-07,C013,CAM006
CUST4938,2026-05-12,C020,CAM026
CUST4939,2026-03-19,C007,CAM028
CUST4940,2026-05-25,C023,CAM005
CUST4941,2026-03-22,C006,CAM008
CUST4942,2026-04-21,C020,CAM026
CUST4943,2026-04-09,C009,CAM035
CUST4944,2026-05-20,C018,CAM004
CUST4945,2026-04-13,C018,CAM017
CUST4946,2026-04-15,C023,CAM010
CUST4947,2026-02-13,C004,CAM020
CUST4948,2026-04-24,C018,CAM017
CUST4949,2026-01-25,C010,CAM012
CUST4950,2026-04-12,C002,CAM027
CUST4951,2026-03-09,C003,CAM011
CUST4952,2026-03-11,C010,CAM038
CUST4953,2026-02-19,C018,CAM031
CUST4954,2026-03-19,C006,CAM008
CUST4955,2026-05-10,C012,CAM024
CUST4956,2026-06-04,C005,CAM021
CUST4957,2026-04-05,C013,CAM006
CUST4958,2026-04-08,C002,CAM002
CUST4959,2026-01-25,C008,CAM007
CUST4960,2026-04-16,C002,CAM002
CUST4961,2026-04-04,C023,CAM010
CUST4962,2026-05-11,C013,CAM019
CUST4963,2026-01-26,C008,CAM007
CUST4964,2026-05-19,C018,CAM004
CUST4965,2026-05-14,C020,CAM026
CUST4966,2026-05-16,C013,CAM019
CUST4967,2026-05-13,C012,CAM024
CUST4968,2026-05-11,C012,CAM024
CUST4969,2026-04-12,C002,CAM027
CUST4970,2026-04-08,C002,CAM027
CUST4971,2026-05-11,C012,CAM024
CUST4972,2026-05-06,C020,CAM026
CUST4973,2026-06-03,C005,CAM022
CUST4974,2026-02-17,C008,CAM033
CUST4975,2026-03-20,C013,CAM032
CUST4976,2026-05-18,C014,CAM014
CUST4977,2026-02-20,C021,CAM025
CUST4978,2026-04-23,C011,CAM009
CUST4979,2026-01-22,C018,CAM039
CUST4980,2026-03-16,C003,CAM011
CUST4981,2026-01-25,C004,CAM040
CUST4982,2026-03-11,C010,CAM038
CUST4983,2026-01-29,C018,CAM039
CUST4984,2026-01-16,C018,CAM016
CUST4985,2026-02-11,C017,CAM029
CUST4986,2026-03-16,C011,CAM003
CUST4987,2026-03-20,C006,CAM008
CUST4988,2026-05-28,C011,CAM015
CUST4989,2026-04-10,C011,CAM009
CUST4990,2026-06-01,C018,CAM018
CUST4991,2026-04-18,C013,CAM006
CUST4992,2026-03-24,C013,CAM032
CUST4993,2026-01-27,C010,CAM012
CUST4994,2026-03-25,C006,CAM008
CUST4995,2026-02-13,C021,CAM025
CUST4996,2026-04-07,C013,CAM023
CUST4997,2026-02-20,C004,CAM020
CUST4998,2026-04-09,C013,CAM023
CUST4999,2026-04-05,C013,CAM023
CUST5000,2026-05-08,C012,CAM024
CUST5001,2026-05-03,C014,CAM014
CUST5002,2026-01-21,C018,CAM039
CUST5003,2026-04-07,C009,CAM030
CUST5004,2026-03-24,C013,CAM032
CUST5005,2026-01-24,C018,CAM039
CUST5006,2026-05-16,C012,CAM024
CUST5007,2026-05-22,C018,CAM004
CUST5008,2026-02-25,C011,CAM001
CUST5009,2026-03-14,C011,CAM003
CUST5010,2026-01-22,C018,CAM039
CUST5011,2026-05-17,C024,CAM013
CUST5012,2026-03-18,C007,CAM028
CUST5013,2026-01-15,C007,CAM037
CUST5014,2026-04-03,C013,CAM006
CUST5015,2026-06-06,C005,CAM021
CUST5016,2026-04-22,C018,CAM017
CUST5017,2026-06-05,C023,CAM005
CUST5018,2026-03-19,C007,CAM028
CUST5019,2026-03-22,C013,CAM032
CUST5020,2026-01-29,C010,CAM012
CUST5021,2026-03-12,C011,CAM003
CUST5022,2026-03-15,C011,CAM003
CUST5023,2026-05-16,C012,CAM024
CUST5024,2026-01-22,C018,CAM039
CUST5025,2026-05-21,C024,CAM013
CUST5026,2026-05-28,C011,CAM015
CUST5027,2026-04-08,C013,CAM023
CUST5028,2026-02-18,C008,CAM033
CUST5029,2026-01-22,C018,CAM039
CUST5030,2026-05-15,C014,CAM014
CUST5031,2026-01-19,C007,CAM036
CUST5032,2026-04-14,C013,CAM006
CUST5033,2026-05-13,C012,CAM024
CUST5034,2026-05-25,C024,CAM013
CUST5035,2026-05-29,C023,CAM005
CUST5036,2026-05-19,C018,CAM004
CUST5037,2026-05-21,C018,CAM004
CUST5038,2026-03-20,C006,CAM008
CUST5039,2026-01-19,C018,CAM016
CUST5040,2026-04-11,C013,CAM023
CUST5041,2026-03-25,C006,CAM008
CUST5042,2026-05-27,C013,CAM019
CUST5043,2026-06-13,C018,CAM018
CUST5044,2026-05-13,C020,CAM026
CUST5045,2026-06-06,C011,CAM015
CUST5046,2026-03-25,C006,CAM008
CUST5047,2026-03-05,C010,CAM038
CUST5048,2026-01-17,C007,CAM036
CUST5049,2026-04-04,C009,CAM030
CUST5050,2026-05-26,C023,CAM005
CUST5051,2026-03-13,C007,CAM028
CUST5052,2026-05-11,C012,CAM024
CUST5053,2026-04-07,C009,CAM030
CUST5054,2026-04-26,C013,CAM006
CUST5055,2026-04-18,C009,CAM035
CUST5056,2026-02-08,C008,CAM033
CUST5057,2026-05-21,C018,CAM004
CUST5058,2026-03-16,C003,CAM011
CUST5059,2026-05-29,C011,CAM015
CUST5060,2026-03-28,C013,CAM032
CUST5061,2026-03-28,C007,CAM028
CUST5062,2026-01-26,C004,CAM040
CUST5063,2026-04-26,C020,CAM026
CUST5064,2026-01-05,C007,CAM037
CUST5065,2026-03-01,C003,CAM011
CUST5066,2026-05-03,C014,CAM014
CUST5067,2026-04-22,C020,CAM026
CUST5068,2026-02-13,C008,CAM033
CUST5069,2026-05-13,C012,CAM024
CUST5070,2026-05-23,C011,CAM015
CUST5071,2026-05-03,C014,CAM014
CUST5072,2026-02-07,C004,CAM020
CUST5073,2026-04-23,C011,CAM009
CUST5074,2026-01-25,C008,CAM007
CUST5075,2026-02-07,C008,CAM033
CUST5076,2026-04-06,C009,CAM030
CUST5077,2026-01-11,C007,CAM037
CUST5078,2026-02-07,C008,CAM033
CUST5079,2026-02-15,C018,CAM031
CUST5080,2026-04-12,C002,CAM027
CUST5081,2026-04-06,C013,CAM023
CUST5082,2026-01-18,C008,CAM007
CUST5083,2026-02-12,C018,CAM031
CUST5084,2026-01-11,C007,CAM037
CUST5085,2026-01-19,C010,CAM012
CUST5086,2026-01-25,C008,CAM007
CUST5087,2026-03-07,C021,CAM025
CUST5088,2026-04-08,C009,CAM030
CUST5089,2026-04-24,C020,CAM026
CUST5090,2026-06-03,C024,CAM013
CUST5091,2026-05-06,C014,CAM014
CUST5092,2026-03-11,C011,CAM003
CUST5093,2026-04-13,C018,CAM017
CUST5094,2026-05-03,C002,CAM027
CUST5095,2026-03-10,C011,CAM001
CUST5096,2026-05-15,C012,CAM024
CUST5097,2026-05-25,C018,CAM004
CUST5098,2026-03-08,C010,CAM038
CUST5099,2026-06-05,C024,CAM013
CUST5100,2026-01-17,C018,CAM016
CUST5101,2026-02-20,C021,CAM025
CUST5102,2026-01-28,C018,CAM016
CUST5103,2026-04-14,C023,CAM010
CUST5104,2026-03-17,C006,CAM008
CUST5105,2026-01-29,C018,CAM039
CUST5106,2026-05-03,C014,CAM014
CUST5107,2026-05-28,C023,CAM005
CUST5108,2026-04-23,C020,CAM026
CUST5109,2026-02-04,C010,CAM012
CUST5110,2026-01-24,C008,CAM007
CUST5111,2026-03-07,C007,CAM028
CUST5112,2026-04-06,C009,CAM035
CUST5113,2026-04-08,C002,CAM002
CUST5114,2026-03-11,C011,CAM003
CUST5115,2026-06-01,C011,CAM015
CUST5116,2026-04-11,C011,CAM009
CUST5117,2026-04-07,C013,CAM006
CUST5118,2026-01-19,C018,CAM016
CUST5119,2026-02-24,C008,CAM033
CUST5120,2026-04-10,C023,CAM010
CUST5121,2026-03-09,C011,CAM001
CUST5122,2026-05-01,C002,CAM027
CUST5123,2026-05-05,C014,CAM014
CUST5124,2026-05-19,C009,CAM034
CUST5125,2026-01-13,C007,CAM037
CUST5126,2026-02-18,C017,CAM029
CUST5127,2026-01-09,C007,CAM037
CUST5128,2026-04-13,C002,CAM002
CUST5129,2026-04-14,C009,CAM035
CUST5130,2026-01-27,C018,CAM016
CUST5131,2026-04-14,C023,CAM010
CUST5132,2026-05-29,C024,CAM013
CUST5133,2026-04-18,C018,CAM017
CUST5134,2026-04-18,C011,CAM009
CUST5135,2026-04-05,C009,CAM030
CUST5136,2026-06-04,C005,CAM022
CUST5137,2026-05-13,C012,CAM024
CUST5138,2026-04-06,C009,CAM035
CUST5139,2026-02-28,C003,CAM011
CUST5140,2026-06-04,C023,CAM005
CUST5141,2026-05-26,C013,CAM019
CUST5142,2026-06-05,C023,CAM005
CUST5143,2026-02-12,C017,CAM029
CUST5144,2026-03-11,C011,CAM003
CUST5145,2026-04-02,C009,CAM030
CUST5146,2026-02-09,C010,CAM012
CUST5147,2026-03-06,C010,CAM038
CUST5148,2026-05-16,C014,CAM014
CUST5149,2026-04-08,C023,CAM010
CUST5150,2026-03-14,C013,CAM032
CUST5151,2026-01-23,C010,CAM012
CUST5152,2026-03-07,C010,CAM038
CUST5153,2026-04-09,C023,CAM010
CUST5154,2026-01-31,C004,CAM040
CUST5155,2026-04-08,C002,CAM027
CUST5156,2026-05-25,C024,CAM013
CUST5157,2026-06-02,C005,CAM021
CUST5158,2026-02-14,C010,CAM012
CUST5159,2026-06-03,C023,CAM005
CUST5160,2026-06-15,C005,CAM022
CUST5161,2026-06-03,C005,CAM021
CUST5162,2026-01-13,C007,CAM036
CUST5163,2026-04-10,C009,CAM035
CUST5164,2026-04-04,C009,CAM030
CUST5165,2026-04-13,C011,CAM009
CUST5166,2026-03-11,C011,CAM003
CUST5167,2026-03-31,C013,CAM032
CUST5168,2026-06-10,C005,CAM021
CUST5169,2026-04-16,C018,CAM017
CUST5170,2026-01-24,C008,CAM007
CUST5171,2026-05-07,C014,CAM014
CUST5172,2026-03-02,C018,CAM031
CUST5173,2026-06-16,C005,CAM022
CUST5174,2026-04-08,C011,CAM009
CUST5175,2026-06-08,C024,CAM013
CUST5176,2026-05-15,C012,CAM024
CUST5177,2026-05-23,C018,CAM004
CUST5178,2026-02-04,C017,CAM029
CUST5179,2026-05-17,C024,CAM013
CUST5180,2026-04-10,C002,CAM002
CUST5181,2026-04-13,C013,CAM023
CUST5182,2026-01-21,C018,CAM039
CUST5183,2026-05-13,C014,CAM014
CUST5184,2026-05-26,C011,CAM015
CUST5185,2026-03-09,C011,CAM001
CUST5186,2026-03-12,C011,CAM001
CUST5187,2026-01-29,C018,CAM039
CUST5188,2026-01-29,C018,CAM039
CUST5189,2026-01-24,C008,CAM007
CUST5190,2026-06-10,C005,CAM021
CUST5191,2026-04-01,C009,CAM030
CUST5192,2026-02-17,C018,CAM031
CUST5193,2026-02-13,C004,CAM020
CUST5194,2026-06-02,C009,CAM034
CUST5195,2026-01-16,C007,CAM036
CUST5196,2026-06-01,C009,CAM034
CUST5197,2026-05-09,C020,CAM026
CUST5198,2026-06-17,C005,CAM022
CUST5199,2026-03-03,C003,CAM011
CUST5200,2026-02-10,C004,CAM020
CUST5201,2026-04-22,C020,CAM026
CUST5202,2026-01-04,C007,CAM036
CUST5203,2026-06-04,C024,CAM013
CUST5204,2026-03-11,C010,CAM038
CUST5205,2026-05-25,C009,CAM034
CUST5206,2026-06-03,C011,CAM015
CUST5207,2026-05-11,C014,CAM014
CUST5208,2026-04-12,C013,CAM023
CUST5209,2026-03-04,C010,CAM038
CUST5210,2026-03-07,C011,CAM001
CUST5211,2026-04-14,C023,CAM010
CUST5212,2026-06-14,C024,CAM013
CUST5213,2026-02-24,C018,CAM031
CUST5214,2026-04-03,C013,CAM023
CUST5215,2026-06-05,C024,CAM013
CUST5216,2026-06-10,C018,CAM018
CUST5217,2026-02-18,C004,CAM020
CUST5218,2026-03-17,C011,CAM003
CUST5219,2026-04-27,C018,CAM017
CUST5220,2026-01-18,C018,CAM016
CUST5221,2026-04-16,C002,CAM002
CUST5222,2026-05-26,C018,CAM004
CUST5223,2026-05-16,C012,CAM024
CUST5224,2026-04-05,C023,CAM010
CUST5225,2026-03-07,C003,CAM011
CUST5226,2026-03-14,C003,CAM011
CUST5227,2026-04-13,C011,CAM009
CUST5228,2026-06-06,C005,CAM022
CUST5229,2026-04-24,C013,CAM006
CUST5230,2026-02-06,C008,CAM033
CUST5231,2026-01-21,C008,CAM007
CUST5232,2026-01-09,C007,CAM036
CUST5233,2026-06-03,C024,CAM013
CUST5234,2026-04-12,C002,CAM027
CUST5235,2026-04-03,C009,CAM030
CUST5236,2026-06-05,C005,CAM022
CUST5237,2026-02-09,C010,CAM012
CUST5238,2026-02-17,C004,CAM020
CUST5239,2026-03-18,C007,CAM028
CUST5240,2026-02-23,C017,CAM029
CUST5241,2026-03-30,C013,CAM032
CUST5242,2026-03-11,C011,CAM001
CUST5243,2026-01-28,C018,CAM039
CUST5244,2026-03-30,C009,CAM030
CUST5245,2026-04-23,C013,CAM006
CUST5246,2026-03-06,C010,CAM038
CUST5247,2026-02-10,C021,CAM025
CUST5248,2026-01-21,C018,CAM039
CUST5249,2026-03-05,C003,CAM011
CUST5250,2026-01-23,C008,CAM007
CUST5251,2026-02-17,C004,CAM020
CUST5252,2026-01-28,C018,CAM039
CUST5253,2026-05-20,C009,CAM034
CUST5254,2026-05-26,C018,CAM018
CUST5255,2026-04-14,C023,CAM010
CUST5256,2026-03-06,C010,CAM038
CUST5257,2026-04-06,C013,CAM006
CUST5258,2026-02-17,C018,CAM031
CUST5259,2026-01-10,C007,CAM036
CUST5260,2026-01-22,C018,CAM039
CUST5261,2026-05-27,C023,CAM005
CUST5262,2026-06-14,C005,CAM022
CUST5263,2026-06-07,C005,CAM021
CUST5264,2026-04-16,C002,CAM027
CUST5265,2026-04-09,C009,CAM035
CUST5266,2026-05-28,C018,CAM004
CUST5267,2026-04-24,C020,CAM026
CUST5268,2026-03-16,C003,CAM011
CUST5269,2026-01-23,C008,CAM007
CUST5270,2026-05-24,C023,CAM005
CUST5271,2026-04-17,C002,CAM002
CUST5272,2026-05-14,C013,CAM019
CUST5273,2026-05-22,C013,CAM019
CUST5274,2026-01-25,C018,CAM039
CUST5275,2026-02-08,C017,CAM029
CUST5276,2026-03-12,C007,CAM028
CUST5277,2026-03-10,C013,CAM032
CUST5278,2026-05-27,C009,CAM034
CUST5279,2026-04-14,C002,CAM002
CUST5280,2026-05-15,C014,CAM014
CUST5281,2026-04-06,C009,CAM035
CUST5282,2026-03-14,C013,CAM032
CUST5283,2026-05-28,C011,CAM015
CUST5284,2026-03-21,C007,CAM028
CUST5285,2026-04-26,C018,CAM017
CUST5286,2026-02-26,C003,CAM011
CUST5287,2026-05-20,C009,CAM034
CUST5288,2026-05-01,C002,CAM027
CUST5289,2026-01-31,C008,CAM033
CUST5290,2026-03-12,C007,CAM028
CUST5291,2026-04-10,C002,CAM027
CUST5292,2026-02-21,C021,CAM025
CUST5293,2026-04-10,C023,CAM010
CUST5294,2026-04-11,C002,CAM002
CUST5295,2026-03-27,C013,CAM032
CUST5296,2026-04-26,C018,CAM017
CUST5297,2026-05-18,C018,CAM004
CUST5298,2026-03-14,C011,CAM001
CUST5299,2026-05-26,C011,CAM015
CUST5300,2026-06-21,C018,CAM018
CUST5301,2026-05-15,C009,CAM034
CUST5302,2026-04-12,C013,CAM006
CUST5303,2026-01-10,C007,CAM036
CUST5304,2026-05-24,C013,CAM019
CUST5305,2026-02-20,C004,CAM020
CUST5306,2026-04-24,C018,CAM017
CUST5307,2026-01-23,C008,CAM007
CUST5308,2026-05-01,C002,CAM027
CUST5309,2026-04-07,C009,CAM030
CUST5310,2026-04-15,C018,CAM017
CUST5311,2026-05-16,C014,CAM014
CUST5312,2026-04-10,C013,CAM023
CUST5313,2026-06-06,C011,CAM015
CUST5314,2026-05-27,C011,CAM015
CUST5315,2026-03-09,C007,CAM028
CUST5316,2026-04-18,C013,CAM006
CUST5317,2026-03-22,C006,CAM008
CUST5318,2026-04-06,C023,CAM010
CUST5319,2026-03-03,C011,CAM001
CUST5320,2026-04-21,C002,CAM027
CUST5321,2026-01-30,C008,CAM033
CUST5322,2026-04-15,C018,CAM017
CUST5323,2026-04-26,C013,CAM006
CUST5324,2026-01-04,C007,CAM036
CUST5325,2026-02-17,C004,CAM020
CUST5326,2026-03-04,C011,CAM001
CUST5327,2026-03-15,C003,CAM011
CUST5328,2026-06-15,C005,CAM022
CUST5329,2026-03-18,C003,CAM011
CUST5330,2026-06-04,C011,CAM015
CUST5331,2026-03-13,C013,CAM032
CUST5332,2026-03-10,C011,CAM003
CUST5333,2026-02-10,C018,CAM031
CUST5334,2026-05-22,C018,CAM004
CUST5335,2026-05-18,C024,CAM013
CUST5336,2026-04-08,C013,CAM023
CUST5337,2026-01-29,C018,CAM039
CUST5338,2026-02-16,C004,CAM020
CUST5339,2026-05-25,C018,CAM004
CUST5340,2026-06-07,C023,CAM005
CUST5341,2026-04-09,C013,CAM023
CUST5342,2026-03-15,C011,CAM003
CUST5343,2026-04-01,C009,CAM030
CUST5344,2026-01-30,C017,CAM029
CUST5345,2026-03-09,C010,CAM038
CUST5346,2026-05-13,C012,CAM024
CUST5347,2026-04-05,C009,CAM030
CUST5348,2026-03-06,C021,CAM025
CUST5349,2026-03-20,C006,CAM008
CUST5350,2026-04-12,C002,CAM027
CUST5351,2026-06-14,C005,CAM022
CUST5352,2026-03-09,C010,CAM038
CUST5353,2026-03-10,C011,CAM001
CUST5354,2026-01-09,C007,CAM037
CUST5355,2026-01-05,C007,CAM037
CUST5356,2026-02-01,C004,CAM040
CUST5357,2026-04-17,C013,CAM023
CUST5358,2026-02-23,C008,CAM033
CUST5359,2026-05-16,C013,CAM019
CUST5360,2026-03-27,C007,CAM028
CUST5361,2026-03-10,C003,CAM011
CUST5362,2026-03-10,C007,CAM028
CUST5363,2026-02-01,C008,CAM033
CUST5364,2026-05-08,C012,CAM024
CUST5365,2026-04-08,C023,CAM010
CUST5366,2026-01-14,C007,CAM037
CUST5367,2026-01-18,C008,CAM007
CUST5368,2026-06-17,C018,CAM018
CUST5369,2026-05-08,C020,CAM026
CUST5370,2026-02-17,C017,CAM029
CUST5371,2026-01-19,C018,CAM016
CUST5372,2026-05-13,C020,CAM026
CUST5373,2026-05-06,C014,CAM014
CUST5374,2026-01-26,C008,CAM007
CUST5375,2026-01-16,C007,CAM036
CUST5376,2026-03-23,C007,CAM028
CUST5377,2026-02-09,C004,CAM020
CUST5378,2026-06-09,C024,CAM013
CUST5379,2026-04-10,C009,CAM035
CUST5380,2026-04-15,C013,CAM023
CUST5381,2026-04-11,C023,CAM010
CUST5382,2026-06-02,C018,CAM018
CUST5383,2026-02-08,C017,CAM029
CUST5384,2026-04-21,C018,CAM017
CUST5385,2026-05-27,C018,CAM004
CUST5386,2026-05-26,C018,CAM004
CUST5387,2026-02-15,C018,CAM031
CUST5388,2026-06-02,C023,CAM005
CUST5389,2026-04-08,C013,CAM006
CUST5390,2026-04-27,C002,CAM027
CUST5391,2026-05-20,C018,CAM004
CUST5392,2026-02-21,C004,CAM020
CUST5393,2026-05-19,C018,CAM004
CUST5394,2026-04-19,C002,CAM027
CUST5395,2026-03-26,C013,CAM032
CUST5396,2026-02-24,C021,CAM025
CUST5397,2026-03-01,C011,CAM001
CUST5398,2026-06-06,C023,CAM005
CUST5399,2026-04-10,C002,CAM002
CUST5400,2026-03-07,C010,CAM038
CUST5401,2026-02-25,C011,CAM001
CUST5402,2026-01-20,C008,CAM007
CUST5403,2026-03-25,C007,CAM028
CUST5404,2026-01-24,C008,CAM007
CUST5405,2026-03-18,C006,CAM008
CUST5406,2026-02-16,C008,CAM033
CUST5407,2026-05-13,C012,CAM024
CUST5408,2026-04-09,C023,CAM010
CUST5409,2026-06-09,C005,CAM022
CUST5410,2026-04-13,C002,CAM002
CUST5411,2026-02-25,C011,CAM001
CUST5412,2026-03-10,C010,CAM038
CUST5413,2026-01-12,C007,CAM037
CUST5414,2026-06-11,C018,CAM018
CUST5415,2026-02-11,C017,CAM029
CUST5416,2026-04-29,C014,CAM014
CUST5417,2026-03-13,C011,CAM003
CUST5418,2026-01-19,C008,CAM007
CUST5419,2026-05-19,C018,CAM004
CUST5420,2026-04-11,C013,CAM006
CUST5421,2026-04-07,C013,CAM006
CUST5422,2026-06-04,C018,CAM018
CUST5423,2026-03-06,C003,CAM011
CUST5424,2026-03-12,C007,CAM028
CUST5425,2026-03-30,C009,CAM030
CUST5426,2026-01-25,C008,CAM007
CUST5427,2026-06-03,C023,CAM005
CUST5428,2026-05-09,C012,CAM024
CUST5429,2026-04-29,C020,CAM026
CUST5430,2026-02-15,C004,CAM020
CUST5431,2026-05-21,C024,CAM013
CUST5432,2026-03-27,C013,CAM032
CUST5433,2026-04-20,C020,CAM026
CUST5434,2026-06-05,C018,CAM018
CUST5435,2026-04-09,C002,CAM002
CUST5436,2026-06-03,C011,CAM015
CUST5437,2026-03-22,C007,CAM028
CUST5438,2026-03-11,C011,CAM001
CUST5439,2026-04-24,C002,CAM027
CUST5440,2026-05-18,C009,CAM034
CUST5441,2026-05-28,C018,CAM004
CUST5442,2026-03-30,C009,CAM030
CUST5443,2026-02-10,C004,CAM020
CUST5444,2026-04-14,C011,CAM009
CUST5445,2026-03-31,C009,CAM030
CUST5446,2026-01-19,C018,CAM016
CUST5447,2026-04-27,C020,CAM026
CUST5448,2026-02-15,C018,CAM031
CUST5449,2026-02-06,C004,CAM020
CUST5450,2026-02-21,C004,CAM020
CUST5451,2026-02-06,C004,CAM020
CUST5452,2026-04-07,C023,CAM010
CUST5453,2026-01-28,C008,CAM033
CUST5454,2026-05-11,C020,CAM026
CUST5455,2026-03-04,C010,CAM038
CUST5456,2026-06-07,C023,CAM005
CUST5457,2026-05-01,C014,CAM014
CUST5458,2026-04-26,C002,CAM027
CUST5459,2026-05-16,C012,CAM024
CUST5460,2026-05-31,C005,CAM021
CUST5461,2026-04-12,C023,CAM010
CUST5462,2026-01-28,C018,CAM039
CUST5463,2026-03-09,C011,CAM001
CUST5464,2026-04-10,C011,CAM009
CUST5465,2026-05-23,C013,CAM019
CUST5466,2026-04-14,C018,CAM017
CUST5467,2026-01-26,C004,CAM040
CUST5468,2026-02-09,C004,CAM020
CUST5469,2026-04-26,C020,CAM026
CUST5470,2026-04-16,C002,CAM002
CUST5471,2026-02-09,C010,CAM012
CUST5472,2026-05-22,C018,CAM004
CUST5473,2026-06-11,C005,CAM021
CUST5474,2026-05-17,C024,CAM013
CUST5475,2026-04-05,C023,CAM010
CUST5476,2026-05-29,C011,CAM015
CUST5477,2026-05-24,C018,CAM004
CUST5478,2026-05-25,C024,CAM013
CUST5479,2026-03-16,C011,CAM003
CUST5480,2026-06-10,C024,CAM013
CUST5481,2026-02-26,C018,CAM031
CUST5482,2026-04-22,C011,CAM009
CUST5483,2026-03-09,C011,CAM003
CUST5484,2026-03-08,C010,CAM038
CUST5485,2026-03-17,C013,CAM032
CUST5486,2026-04-15,C011,CAM009
CUST5487,2026-05-26,C011,CAM015
CUST5488,2026-03-08,C010,CAM038
CUST5489,2026-02-18,C021,CAM025
CUST5490,2026-05-13,C009,CAM034
CUST5491,2026-04-10,C002,CAM027
CUST5492,2026-05-28,C024,CAM013
CUST5493,2026-01-11,C007,CAM037
CUST5494,2026-05-09,C012,CAM024
CUST5495,2026-06-04,C023,CAM005
CUST5496,2026-04-11,C013,CAM023
CUST5497,2026-05-09,C012,CAM024
CUST5498,2026-01-15,C007,CAM037
CUST5499,2026-06-03,C005,CAM022
CUST5500,2026-02-10,C018,CAM031
CUST5501,2026-06-09,C005,CAM022
CUST5502,2026-05-19,C009,CAM034
CUST5503,2026-01-21,C007,CAM036
CUST5504,2026-04-14,C002,CAM002
CUST5505,2026-01-24,C008,CAM007
CUST5506,2026-04-10,C011,CAM009
CUST5507,2026-02-12,C008,CAM033
CUST5508,2026-03-18,C003,CAM011
CUST5509,2026-04-26,C020,CAM026
CUST5510,2026-06-14,C005,CAM022
CUST5511,2026-05-29,C005,CAM021
CUST5512,2026-05-03,C014,CAM014
CUST5513,2026-04-20,C011,CAM009
CUST5514,2026-03-09,C010,CAM038
CUST5515,2026-06-11,C005,CAM022
CUST5516,2026-05-20,C013,CAM019
CUST5517,2026-04-09,C002,CAM002
CUST5518,2026-02-01,C010,CAM012
CUST5519,2026-01-09,C007,CAM036
CUST5520,2026-01-22,C018,CAM016
CUST5521,2026-05-07,C020,CAM026
CUST5522,2026-05-31,C011,CAM015
CUST5523,2026-03-11,C011,CAM003
CUST5524,2026-01-11,C007,CAM037
CUST5525,2026-05-06,C020,CAM026
CUST5526,2026-06-10,C005,CAM022
CUST5527,2026-04-14,C002,CAM002
CUST5528,2026-02-18,C021,CAM025
CUST5529,2026-03-17,C006,CAM008
CUST5530,2026-04-14,C011,CAM009
CUST5531,2026-03-13,C013,CAM032
CUST5532,2026-01-25,C018,CAM016
CUST5533,2026-05-09,C014,CAM014
CUST5534,2026-04-19,C013,CAM006
CUST5535,2026-01-26,C008,CAM007
CUST5536,2026-05-30,C024,CAM013
CUST5537,2026-06-07,C005,CAM022
CUST5538,2026-01-19,C008,CAM007
CUST5539,2026-01-22,C018,CAM039
CUST5540,2026-05-27,C023,CAM005
CUST5541,2026-06-01,C011,CAM015
CUST5542,2026-02-23,C003,CAM011
CUST5543,2026-04-12,C011,CAM009
CUST5544,2026-04-20,C020,CAM026
CUST5545,2026-06-05,C024,CAM013
CUST5546,2026-05-18,C014,CAM014
CUST5547,2026-05-10,C013,CAM019
CUST5548,2026-01-07,C007,CAM036
CUST5549,2026-04-04,C013,CAM023
CUST5550,2026-03-12,C011,CAM001
CUST5551,2026-04-11,C023,CAM010
CUST5552,2026-01-21,C018,CAM039
CUST5553,2026-05-13,C012,CAM024
CUST5554,2026-05-23,C018,CAM004
CUST5555,2026-03-09,C011,CAM003
CUST5556,2026-06-13,C018,CAM018
CUST5557,2026-04-16,C002,CAM002
CUST5558,2026-01-21,C007,CAM036
CUST5559,2026-03-21,C006,CAM008
CUST5560,2026-02-10,C018,CAM031
CUST5561,2026-06-02,C024,CAM013
CUST5562,2026-05-18,C018,CAM004
CUST5563,2026-01-14,C007,CAM037
CUST5564,2026-04-22,C011,CAM009
CUST5565,2026-05-31,C011,CAM015
CUST5566,2026-05-27,C018,CAM004
CUST5567,2026-06-06,C011,CAM015
CUST5568,2026-05-29,C024,CAM013
CUST5569,2026-04-03,C009,CAM030
CUST5570,2026-06-12,C005,CAM022
CUST5571,2026-01-17,C018,CAM016
CUST5572,2026-03-11,C010,CAM038
CUST5573,2026-01-26,C008,CAM007
CUST5574,2026-04-14,C011,CAM009
CUST5575,2026-02-28,C011,CAM001
CUST5576,2026-02-21,C021,CAM025
CUST5577,2026-05-27,C009,CAM034
CUST5578,2026-01-21,C018,CAM016
CUST5579,2026-03-10,C010,CAM038
CUST5580,2026-01-27,C018,CAM039
CUST5581,2026-04-07,C009,CAM030
CUST5582,2026-01-24,C007,CAM036
CUST5583,2026-01-28,C004,CAM040
CUST5584,2026-03-10,C011,CAM003
CUST5585,2026-04-14,C018,CAM017
CUST5586,2026-04-12,C002,CAM002
CUST5587,2026-02-26,C017,CAM029
CUST5588,2026-01-08,C007,CAM036
CUST5589,2026-01-10,C007,CAM036
CUST5590,2026-05-24,C005,CAM021
CUST5591,2026-02-08,C004,CAM020
CUST5592,2026-05-24,C024,CAM013
CUST5593,2026-02-18,C004,CAM020
CUST5594,2026-05-15,C013,CAM019
CUST5595,2026-02-09,C017,CAM029
CUST5596,2026-03-17,C013,CAM032
CUST5597,2026-02-10,C004,CAM020
CUST5598,2026-05-12,C014,CAM014
CUST5599,2026-02-25,C018,CAM031
CUST5600,2026-01-18,C007,CAM036
CUST5601,2026-04-23,C018,CAM017
CUST5602,2026-01-14,C007,CAM037
CUST5603,2026-04-12,C023,CAM010
CUST5604,2026-03-30,C007,CAM028
CUST5605,2026-05-13,C013,CAM019
CUST5606,2026-05-25,C011,CAM015
CUST5607,2026-01-26,C004,CAM040
CUST5608,2026-04-08,C009,CAM035
CUST5609,2026-01-29,C008,CAM033
CUST5610,2026-05-12,C012,CAM024
CUST5611,2026-02-07,C004,CAM040
CUST5612,2026-05-21,C018,CAM004
CUST5613,2026-05-14,C013,CAM019
CUST5614,2026-04-12,C013,CAM006
CUST5615,2026-01-28,C018,CAM039
CUST5616,2026-02-04,C017,CAM029
CUST5617,2026-04-14,C002,CAM002
CUST5618,2026-04-22,C002,CAM027
CUST5619,2026-04-17,C018,CAM017
CUST5620,2026-04-12,C002,CAM027
CUST5621,2026-02-23,C008,CAM033
CUST5622,2026-04-14,C013,CAM023
CUST5623,2026-05-12,C014,CAM014
CUST5624,2026-03-18,C006,CAM008
CUST5625,2026-01-05,C007,CAM037
CUST5626,2026-04-06,C009,CAM035
CUST5627,2026-02-11,C017,CAM029
CUST5628,2026-02-07,C004,CAM020
CUST5629,2026-01-27,C018,CAM016
CUST5630,2026-06-09,C005,CAM021
CUST5631,2026-04-12,C011,CAM009
CUST5632,2026-03-04,C010,CAM038
CUST5633,2026-03-23,C006,CAM008
CUST5634,2026-01-30,C017,CAM029
CUST5635,2026-03-10,C013,CAM032
CUST5636,2026-03-23,C006,CAM008
CUST5637,2026-03-07,C010,CAM038
CUST5638,2026-05-18,C018,CAM004
CUST5639,2026-05-16,C009,CAM034
CUST5640,2026-03-10,C007,CAM028
CUST5641,2026-04-14,C018,CAM017
CUST5642,2026-05-20,C018,CAM004
CUST5643,2026-04-10,C011,CAM009
CUST5644,2026-04-18,C013,CAM006
CUST5645,2026-01-06,C007,CAM037
CUST5646,2026-06-02,C005,CAM021
CUST5647,2026-01-25,C018,CAM039
CUST5648,2026-06-10,C005,CAM021
CUST5649,2026-02-10,C018,CAM031
CUST5650,2026-04-20,C011,CAM009
CUST5651,2026-05-19,C024,CAM013
CUST5652,2026-05-21,C018,CAM004
CUST5653,2026-05-16,C009,CAM034
CUST5654,2026-06-09,C005,CAM022
CUST5655,2026-03-06,C010,CAM038
CUST5656,2026-03-10,C010,CAM038
CUST5657,2026-03-12,C011,CAM003
CUST5658,2026-05-17,C014,CAM014
CUST5659,2026-04-07,C023,CAM010
CUST5660,2026-01-18,C018,CAM016
CUST5661,2026-04-12,C009,CAM035
CUST5662,2026-03-03,C010,CAM038
CUST5663,2026-05-24,C011,CAM015
CUST5664,2026-04-22,C013,CAM006
CUST5665,2026-05-04,C014,CAM014
CUST5666,2026-04-16,C002,CAM002
CUST5667,2026-01-06,C007,CAM037
CUST5668,2026-05-28,C018,CAM004
CUST5669,2026-06-06,C005,CAM021
CUST5670,2026-05-12,C012,CAM024
CUST5671,2026-02-11,C004,CAM020
CUST5672,2026-02-05,C017,CAM029
CUST5673,2026-05-28,C018,CAM004
CUST5674,2026-03-18,C003,CAM011
CUST5675,2026-01-05,C007,CAM037
CUST5676,2026-04-27,C013,CAM006
CUST5677,2026-02-07,C004,CAM020
CUST5678,2026-05-19,C018,CAM004
CUST5679,2026-04-14,C018,CAM017
CUST5680,2026-06-08,C005,CAM022
CUST5681,2026-05-27,C018,CAM018
CUST5682,2026-05-16,C009,CAM034
CUST5683,2026-05-18,C018,CAM004
CUST5684,2026-01-21,C018,CAM039
CUST5685,2026-04-09,C011,CAM009
CUST5686,2026-02-16,C017,CAM029
CUST5687,2026-04-28,C013,CAM006
CUST5688,2026-03-12,C011,CAM003
CUST5689,2026-03-02,C011,CAM001
CUST5690,2026-02-27,C018,CAM031
CUST5691,2026-02-07,C004,CAM040
CUST5692,2026-02-05,C008,CAM033
CUST5693,2026-01-23,C008,CAM007
CUST5694,2026-02-24,C008,CAM033
CUST5695,2026-04-04,C013,CAM006
CUST5696,2026-01-09,C007,CAM036
CUST5697,2026-05-07,C014,CAM014
CUST5698,2026-03-23,C006,CAM008
CUST5699,2026-05-20,C018,CAM004
CUST5700,2026-05-13,C009,CAM034
CUST5701,2026-01-21,C018,CAM016
CUST5702,2026-04-09,C023,CAM010
CUST5703,2026-05-29,C011,CAM015
CUST5704,2026-06-06,C005,CAM021
CUST5705,2026-04-08,C009,CAM035
CUST5706,2026-01-23,C008,CAM007
CUST5707,2026-04-19,C018,CAM017
CUST5708,2026-02-20,C018,CAM031
CUST5709,2026-03-20,C006,CAM008
CUST5710,2026-05-18,C024,CAM013
CUST5711,2026-02-27,C021,CAM025
CUST5712,2026-04-05,C009,CAM030
CUST5713,2026-01-23,C007,CAM036
CUST5714,2026-05-08,C012,CAM024
CUST5715,2026-04-10,C009,CAM035
CUST5716,2026-05-25,C013,CAM019
CUST5717,2026-05-18,C018,CAM004
CUST5718,2026-06-04,C023,CAM005
CUST5719,2026-06-13,C018,CAM018
CUST5720,2026-02-19,C004,CAM020
CUST5721,2026-05-27,C013,CAM019
CUST5722,2026-04-05,C009,CAM030
CUST5723,2026-01-14,C007,CAM036
CUST5724,2026-04-28,C002,CAM027
CUST5725,2026-03-17,C011,CAM003
CUST5726,2026-03-14,C013,CAM032
CUST5727,2026-02-01,C010,CAM012
CUST5728,2026-03-07,C003,CAM011
CUST5729,2026-04-21,C018,CAM017
CUST5730,2026-06-17,C005,CAM022
CUST5731,2026-04-11,C002,CAM002
CUST5732,2026-01-11,C007,CAM036
CUST5733,2026-05-17,C014,CAM014
CUST5734,2026-03-11,C007,CAM028
CUST5735,2026-02-09,C004,CAM020
CUST5736,2026-04-16,C023,CAM010
CUST5737,2026-05-09,C012,CAM024
CUST5738,2026-01-23,C004,CAM040
CUST5739,2026-03-05,C021,CAM025
CUST5740,2026-04-06,C023,CAM010
CUST5741,2026-05-26,C005,CAM021
CUST5742,2026-01-21,C018,CAM039
CUST5743,2026-02-18,C004,CAM020
CUST5744,2026-05-24,C018,CAM004
CUST5745,2026-04-09,C023,CAM010
CUST5746,2026-05-10,C014,CAM014
CUST5747,2026-04-11,C023,CAM010
CUST5748,2026-01-01,C007,CAM036
CUST5749,2026-03-03,C010,CAM038
CUST5750,2026-04-26,C020,CAM026
CUST5751,2026-05-20,C018,CAM004
CUST5752,2026-04-06,C013,CAM023
CUST5753,2026-01-21,C018,CAM039
CUST5754,2026-04-12,C002,CAM027
CUST5755,2026-01-28,C004,CAM040
CUST5756,2026-04-08,C009,CAM030
CUST5757,2026-04-16,C013,CAM006
CUST5758,2026-03-15,C013,CAM032
CUST5759,2026-04-04,C023,CAM010
CUST5760,2026-02-16,C018,CAM031
CUST5761,2026-05-16,C009,CAM034
CUST5762,2026-03-02,C018,CAM031
CUST5763,2026-05-19,C009,CAM034
CUST5764,2026-02-03,C017,CAM029
CUST5765,2026-03-15,C011,CAM003
CUST5766,2026-05-05,C014,CAM014
CUST5767,2026-01-22,C007,CAM036
CUST5768,2026-02-25,C018,CAM031
CUST5769,2026-04-14,C002,CAM002
CUST5770,2026-04-21,C018,CAM017
CUST5771,2026-04-14,C018,CAM017
CUST5772,2026-06-01,C005,CAM022
CUST5773,2026-04-06,C009,CAM030
CUST5774,2026-04-28,C018,CAM017
CUST5775,2026-03-11,C007,CAM028
CUST5776,2026-01-24,C010,CAM012
CUST5777,2026-05-17,C013,CAM019
CUST5778,2026-03-05,C021,CAM025
CUST5779,2026-06-06,C018,CAM018
CUST5780,2026-03-12,C007,CAM028
CUST5781,2026-06-01,C005,CAM021
CUST5782,2026-05-15,C009,CAM034
CUST5783,2026-04-19,C011,CAM009
CUST5784,2026-04-27,C013,CAM006
CUST5785,2026-04-22,C011,CAM009
CUST5786,2026-01-21,C007,CAM036
CUST5787,2026-04-12,C023,CAM010
CUST5788,2026-04-10,C013,CAM023
CUST5789,2026-01-20,C004,CAM040
CUST5790,2026-04-29,C020,CAM026
CUST5791,2026-04-08,C002,CAM002
CUST5792,2026-02-08,C004,CAM020
CUST5793,2026-02-08,C010,CAM012
CUST5794,2026-03-18,C013,CAM032
CUST5795,2026-01-26,C004,CAM040
CUST5796,2026-02-27,C018,CAM031
CUST5797,2026-04-14,C013,CAM006
CUST5798,2026-06-13,C024,CAM013
CUST5799,2026-03-06,C010,CAM038
CUST5800,2026-04-29,C002,CAM027
CUST5801,2026-01-14,C007,CAM037
CUST5802,2026-02-02,C010,CAM012
CUST5803,2026-05-28,C009,CAM034
CUST5804,2026-05-31,C011,CAM015
CUST5805,2026-02-18,C004,CAM020
CUST5806,2026-04-20,C018,CAM017
CUST5807,2026-03-22,C013,CAM032
CUST5808,2026-05-10,C009,CAM034
CUST5809,2026-05-10,C020,CAM026
CUST5810,2026-01-22,C010,CAM012
CUST5811,2026-04-26,C013,CAM006
CUST5812,2026-03-21,C007,CAM028
CUST5813,2026-03-17,C006,CAM008
CUST5814,2026-03-11,C011,CAM001
CUST5815,2026-04-08,C013,CAM023
CUST5816,2026-03-27,C007,CAM028
CUST5817,2026-04-11,C023,CAM010
CUST5818,2026-01-24,C004,CAM040
CUST5819,2026-02-16,C008,CAM033
CUST5820,2026-03-23,C006,CAM008
CUST5821,2026-03-21,C006,CAM008
CUST5822,2026-01-01,C007,CAM036
CUST5823,2026-02-05,C004,CAM040
CUST5824,2026-04-15,C018,CAM017
CUST5825,2026-06-02,C009,CAM034
CUST5826,2026-05-26,C011,CAM015
CUST5827,2026-04-19,C020,CAM026
CUST5828,2026-05-13,C013,CAM019
CUST5829,2026-03-14,C003,CAM011
CUST5830,2026-04-28,C018,CAM017
CUST5831,2026-04-18,C009,CAM035
CUST5832,2026-03-12,C003,CAM011
CUST5833,2026-02-07,C017,CAM029
CUST5834,2026-04-14,C011,CAM009
CUST5835,2026-01-22,C007,CAM036
CUST5836,2026-04-08,C009,CAM030
CUST5837,2026-02-08,C004,CAM040
CUST5838,2026-05-10,C009,CAM034
CUST5839,2026-02-22,C021,CAM025
CUST5840,2026-04-08,C009,CAM035
CUST5841,2026-03-05,C010,CAM038
CUST5842,2026-04-21,C018,CAM017
CUST5843,2026-02-07,C004,CAM020
CUST5844,2026-01-22,C018,CAM039
CUST5845,2026-05-23,C009,CAM034
CUST5846,2026-02-07,C004,CAM040
CUST5847,2026-04-13,C013,CAM023
CUST5848,2026-04-18,C002,CAM002
CUST5849,2026-01-29,C018,CAM016
CUST5850,2026-06-13,C005,CAM021
CUST5851,2026-05-28,C018,CAM004
CUST5852,2026-02-21,C004,CAM020
CUST5853,2026-04-10,C013,CAM023
CUST5854,2026-04-24,C002,CAM027
CUST5855,2026-03-17,C006,CAM008
CUST5856,2026-02-04,C010,CAM012
CUST5857,2026-04-27,C013,CAM006
CUST5858,2026-06-07,C023,CAM005
CUST5859,2026-03-01,C011,CAM001
CUST5860,2026-05-18,C013,CAM019
CUST5861,2026-06-15,C018,CAM018
CUST5862,2026-04-21,C020,CAM026
CUST5863,2026-02-06,C010,CAM012
CUST5864,2026-06-06,C011,CAM015
CUST5865,2026-05-14,C012,CAM024
CUST5866,2026-05-25,C013,CAM019
CUST5867,2026-06-13,C005,CAM022
CUST5868,2026-01-26,C004,CAM040
CUST5869,2026-03-17,C013,CAM032
CUST5870,2026-04-16,C013,CAM023
CUST5871,2026-05-04,C014,CAM014
CUST5872,2026-02-10,C004,CAM020
CUST5873,2026-04-15,C009,CAM035
CUST5874,2026-05-12,C012,CAM024
CUST5875,2026-05-11,C012,CAM024
CUST5876,2026-01-21,C018,CAM039
CUST5877,2026-06-04,C011,CAM015
CUST5878,2026-02-15,C004,CAM020
CUST5879,2026-04-19,C011,CAM009
CUST5880,2026-02-23,C018,CAM031
CUST5881,2026-04-17,C013,CAM006
CUST5882,2026-02-09,C010,CAM012
CUST5883,2026-06-17,C018,CAM018
CUST5884,2026-04-07,C009,CAM030
CUST5885,2026-04-16,C002,CAM002
CUST5886,2026-03-22,C006,CAM008
CUST5887,2026-01-18,C008,CAM007
CUST5888,2026-05-27,C018,CAM004
CUST5889,2026-01-24,C018,CAM016
CUST5890,2026-05-25,C011,CAM015
CUST5891,2026-03-25,C007,CAM028
CUST5892,2026-04-14,C002,CAM002
CUST5893,2026-03-22,C006,CAM008
CUST5894,2026-02-28,C018,CAM031
CUST5895,2026-03-20,C013,CAM032
CUST5896,2026-05-03,C014,CAM014
CUST5897,2026-05-14,C020,CAM026
CUST5898,2026-05-23,C024,CAM013
CUST5899,2026-05-30,C011,CAM015
CUST5900,2026-04-16,C002,CAM002
CUST5901,2026-02-16,C008,CAM033
CUST5902,2026-04-03,C013,CAM023
CUST5903,2026-04-12,C023,CAM010
CUST5904,2026-04-08,C013,CAM023
CUST5905,2026-05-05,C014,CAM014
CUST5906,2026-01-23,C010,CAM012
CUST5907,2026-04-08,C002,CAM027
CUST5908,2026-04-15,C013,CAM006
CUST5909,2026-06-08,C005,CAM022
CUST5910,2026-04-04,C023,CAM010
CUST5911,2026-01-22,C018,CAM039
CUST5912,2026-04-25,C020,CAM026
CUST5913,2026-03-16,C007,CAM028
CUST5914,2026-04-07,C013,CAM006
CUST5915,2026-05-18,C013,CAM019
CUST5916,2026-04-13,C002,CAM027
CUST5917,2026-02-03,C017,CAM029
CUST5918,2026-04-08,C013,CAM006
CUST5919,2026-01-24,C018,CAM016
CUST5920,2026-01-19,C008,CAM007
CUST5921,2026-01-20,C007,CAM036
CUST5922,2026-04-18,C009,CAM035
CUST5923,2026-04-03,C009,CAM030
CUST5924,2026-01-30,C008,CAM033
CUST5925,2026-02-19,C017,CAM029
CUST5926,2026-04-26,C018,CAM017
CUST5927,2026-05-28,C009,CAM034
CUST5928,2026-02-23,C017,CAM029
CUST5929,2026-03-19,C003,CAM011
CUST5930,2026-01-26,C010,CAM012
CUST5931,2026-02-14,C004,CAM020
CUST5932,2026-06-01,C024,CAM013
CUST5933,2026-04-25,C018,CAM017
CUST5934,2026-06-05,C005,CAM022
CUST5935,2026-04-24,C018,CAM017
CUST5936,2026-04-08,C009,CAM030
CUST5937,2026-04-16,C013,CAM023
CUST5938,2026-04-17,C009,CAM035
CUST5939,2026-01-18,C018,CAM016
CUST5940,2026-04-15,C023,CAM010
CUST5941,2026-05-10,C009,CAM034
CUST5942,2026-01-18,C004,CAM040
CUST5943,2026-04-10,C002,CAM002
CUST5944,2026-05-24,C005,CAM021
CUST5945,2026-05-27,C024,CAM013
CUST5946,2026-01-29,C018,CAM039
CUST5947,2026-02-12,C008,CAM033
CUST5948,2026-03-22,C003,CAM011
CUST5949,2026-06-01,C005,CAM021
CUST5950,2026-02-10,C021,CAM025
CUST5951,2026-04-15,C013,CAM023
CUST5952,2026-04-14,C013,CAM006
CUST5953,2026-04-09,C002,CAM002
CUST5954,2026-04-10,C009,CAM035
CUST5955,2026-04-13,C013,CAM023
CUST5956,2026-05-11,C013,CAM019
CUST5957,2026-03-24,C013,CAM032
CUST5958,2026-06-08,C005,CAM022
CUST5959,2026-02-18,C021,CAM025
CUST5960,2026-01-30,C018,CAM039
CUST5961,2026-03-18,C006,CAM008
CUST5962,2026-03-18,C006,CAM008
CUST5963,2026-01-05,C007,CAM037
CUST5964,2026-05-29,C024,CAM013
CUST5965,2026-06-15,C005,CAM021
CUST5966,2026-06-03,C024,CAM013
CUST5967,2026-01-29,C010,CAM012
CUST5968,2026-04-22,C018,CAM017
CUST5969,2026-02-15,C021,CAM025
CUST5970,2026-04-13,C002,CAM002
CUST5971,2026-05-18,C018,CAM004
CUST5972,2026-06-08,C005,CAM022
CUST5973,2026-06-10,C024,CAM013
CUST5974,2026-04-04,C013,CAM006
CUST5975,2026-06-06,C023,CAM005
CUST5976,2026-04-24,C020,CAM026
CUST5977,2026-05-18,C014,CAM014
CUST5978,2026-03-20,C006,CAM008
CUST5979,2026-01-07,C007,CAM036
CUST5980,2026-01-24,C008,CAM007
CUST5981,2026-03-11,C010,CAM038
CUST5982,2026-05-31,C005,CAM022
CUST5983,2026-05-15,C009,CAM034
CUST5984,2026-03-22,C006,CAM008
CUST5985,2026-03-03,C010,CAM038
CUST5986,2026-03-03,C018,CAM031
CUST5987,2026-02-21,C004,CAM020
CUST5988,2026-01-13,C007,CAM037
CUST5989,2026-05-21,C024,CAM013
CUST5990,2026-03-16,C011,CAM003
CUST5991,2026-03-30,C009,CAM030
CUST5992,2026-03-04,C021,CAM025
CUST5993,2026-02-09,C008,CAM033
CUST5994,2026-02-19,C004,CAM020
CUST5995,2026-03-09,C010,CAM038
CUST5996,2026-04-03,C013,CAM023
CUST5997,2026-01-27,C004,CAM040
CUST5998,2026-04-20,C011,CAM009
CUST5999,2026-05-20,C013,CAM019
CUST6000,2026-04-08,C011,CAM009
