order_id,customer_id,creator_id,campaign_id,purchase_date,order_value,product_id
ORD00001,CUST0001,C010,CAM012,2026-01-23,3628,PROD36
ORD00002,CUST0002,C003,CAM011,2026-03-03,3688,PROD39
ORD00003,CUST0003,C018,CAM016,2026-01-18,1832,PROD49
ORD00004,CUST0004,C003,CAM011,2026-03-17,2933,PROD20
ORD00005,CUST0005,C010,CAM038,2026-03-08,931,PROD34
ORD00006,CUST0006,C012,CAM024,2026-05-08,2049,PROD05
ORD00007,CUST0007,C008,CAM033,2026-01-28,7009,PROD15
ORD00008,CUST0008,C004,CAM040,2026-01-25,2248,PROD46
ORD00009,CUST0008,C004,CAM040,2026-03-11,8356,PROD04
ORD00010,CUST0008,C004,CAM040,2026-03-30,3965,PROD05
ORD00011,CUST0009,C009,CAM035,2026-04-11,212,PROD16
ORD00012,CUST0009,C009,CAM035,2026-05-03,5513,PROD43
ORD00013,CUST0009,C009,CAM035,2026-06-08,6518,PROD14
ORD00014,CUST0010,C021,CAM025,2026-02-13,1776,PROD37
ORD00015,CUST0011,C012,CAM024,2026-05-14,4816,PROD31
ORD00016,CUST0012,C020,CAM026,2026-05-02,6565,PROD07
ORD00017,CUST0012,C020,CAM026,2026-06-18,2562,PROD28
ORD00018,CUST0012,C020,CAM026,2026-07-15,878,PROD28
ORD00019,CUST0013,C008,CAM007,2026-01-25,634,PROD04
ORD00020,CUST0014,C014,CAM014,2026-05-02,1608,PROD47
ORD00021,CUST0014,C014,CAM014,2026-05-28,12506,PROD07
ORD00022,CUST0014,C014,CAM014,2026-06-17,5252,PROD13
ORD00023,CUST0015,C007,CAM036,2026-01-18,4519,PROD28
ORD00024,CUST0016,C023,CAM010,2026-04-08,208,PROD05
ORD00025,CUST0016,C023,CAM010,2026-05-11,2203,PROD36
ORD00026,CUST0016,C023,CAM010,2026-05-22,1742,PROD04
ORD00027,CUST0017,C012,CAM024,2026-05-15,5814,PROD06
ORD00028,CUST0018,C021,CAM025,2026-03-08,1994,PROD27
ORD00029,CUST0018,C021,CAM025,2026-04-13,2873,PROD31
ORD00030,CUST0019,C009,CAM030,2026-04-04,1006,PROD11
ORD00031,CUST0020,C018,CAM031,2026-02-10,5225,PROD17
ORD00032,CUST0021,C011,CAM015,2026-06-04,2776,PROD28
ORD00033,CUST0022,C017,CAM029,2026-02-22,3571,PROD36
ORD00034,CUST0023,C013,CAM006,2026-04-25,2731,PROD13
ORD00035,CUST0024,C012,CAM024,2026-05-10,9444,PROD38
ORD00036,CUST0025,C013,CAM019,2026-05-25,2284,PROD21
ORD00037,CUST0025,C013,CAM019,2026-06-02,2492,PROD04
ORD00038,CUST0025,C013,CAM019,2026-07-14,2416,PROD31
ORD00039,CUST0026,C011,CAM009,2026-04-13,2379,PROD33
ORD00040,CUST0026,C011,CAM009,2026-04-23,2782,PROD12
ORD00041,CUST0026,C011,CAM009,2026-05-02,1419,PROD39
ORD00042,CUST0026,C011,CAM009,2026-05-11,10951,PROD44
ORD00043,CUST0026,C011,CAM009,2026-07-10,9116,PROD16
ORD00044,CUST0027,C003,CAM011,2026-02-26,1541,PROD37
ORD00045,CUST0028,C013,CAM019,2026-05-26,1621,PROD40
ORD00046,CUST0029,C009,CAM034,2026-05-23,1596,PROD37
ORD00047,CUST0030,C007,CAM036,2026-01-11,6651,PROD14
ORD00048,CUST0031,C021,CAM025,2026-03-03,3852,PROD17
ORD00049,CUST0031,C021,CAM025,2026-04-02,3995,PROD09
ORD00050,CUST0031,C021,CAM025,2026-05-19,4065,PROD42
ORD00051,CUST0032,C007,CAM036,2026-01-15,3218,PROD49
ORD00052,CUST0033,C017,CAM029,2026-01-30,4844,PROD37
ORD00053,CUST0033,C017,CAM029,2026-02-10,3818,PROD05
ORD00054,CUST0034,C007,CAM037,2026-01-08,6652,PROD09
ORD00055,CUST0035,C018,CAM016,2026-01-29,11963,PROD16
ORD00056,CUST0035,C018,CAM016,2026-02-26,4065,PROD19
ORD00057,CUST0036,C007,CAM028,2026-03-20,5280,PROD46
ORD00058,CUST0037,C002,CAM002,2026-04-17,3170,PROD42
ORD00059,CUST0038,C003,CAM011,2026-02-23,2029,PROD36
ORD00060,CUST0039,C009,CAM035,2026-04-16,8108,PROD09
ORD00061,CUST0039,C009,CAM035,2026-05-07,2982,PROD08
ORD00062,CUST0040,C014,CAM014,2026-05-16,3617,PROD19
ORD00063,CUST0040,C014,CAM014,2026-06-28,7476,PROD14
ORD00064,CUST0041,C011,CAM009,2026-04-18,15000,PROD41
ORD00065,CUST0041,C011,CAM009,2026-06-16,506,PROD17
ORD00066,CUST0042,C017,CAM029,2026-02-14,2483,PROD04
ORD00067,CUST0042,C017,CAM029,2026-02-24,4110,PROD41
ORD00068,CUST0042,C017,CAM029,2026-03-28,3021,PROD18
ORD00069,CUST0043,C002,CAM002,2026-04-08,1129,PROD09
ORD00070,CUST0044,C024,CAM013,2026-05-25,1632,PROD29
ORD00071,CUST0044,C024,CAM013,2026-07-04,3271,PROD46
ORD00072,CUST0044,C024,CAM013,2026-08-05,2863,PROD36
ORD00073,CUST0044,C024,CAM013,2026-08-10,2108,PROD08
ORD00074,CUST0044,C024,CAM013,2026-08-19,3411,PROD45
ORD00075,CUST0045,C004,CAM020,2026-02-07,5164,PROD38
ORD00076,CUST0046,C011,CAM003,2026-03-11,1906,PROD03
ORD00077,CUST0047,C004,CAM020,2026-02-17,2609,PROD03
ORD00078,CUST0048,C018,CAM031,2026-02-16,1651,PROD43
ORD00079,CUST0049,C020,CAM026,2026-04-30,3747,PROD27
ORD00080,CUST0050,C013,CAM006,2026-04-26,5736,PROD16
ORD00081,CUST0050,C013,CAM006,2026-06-25,8643,PROD11
ORD00082,CUST0050,C013,CAM006,2026-08-20,1174,PROD12
ORD00083,CUST0051,C018,CAM039,2026-01-21,1448,PROD22
ORD00084,CUST0052,C023,CAM010,2026-04-10,1280,PROD48
ORD00085,CUST0053,C004,CAM040,2026-01-25,1747,PROD45
ORD00086,CUST0053,C004,CAM040,2026-02-05,3119,PROD25
ORD00087,CUST0053,C004,CAM040,2026-04-06,1881,PROD03
ORD00088,CUST0054,C008,CAM007,2026-01-25,1569,PROD30
ORD00089,CUST0054,C008,CAM007,2026-02-21,1318,PROD20
ORD00090,CUST0054,C008,CAM007,2026-04-19,887,PROD15
ORD00091,CUST0054,C008,CAM007,2026-05-08,8341,PROD02
ORD00092,CUST0054,C008,CAM007,2026-06-24,1502,PROD13
ORD00093,CUST0055,C002,CAM002,2026-04-13,3108,PROD05
ORD00094,CUST0055,C002,CAM002,2026-06-06,2490,PROD18
ORD00095,CUST0055,C002,CAM002,2026-07-03,1626,PROD42
ORD00096,CUST0055,C002,CAM002,2026-08-09,5506,PROD26
ORD00097,CUST0056,C018,CAM018,2026-06-21,1745,PROD02
ORD00098,CUST0057,C018,CAM039,2026-01-25,10582,PROD17
ORD00099,CUST0058,C008,CAM033,2026-01-31,3437,PROD23
ORD00100,CUST0059,C017,CAM029,2026-02-24,4446,PROD39
ORD00101,CUST0059,C017,CAM029,2026-04-02,14531,PROD08
ORD00102,CUST0060,C024,CAM013,2026-06-14,821,PROD17
ORD00103,CUST0061,C010,CAM012,2026-02-10,8558,PROD34
ORD00104,CUST0062,C007,CAM028,2026-03-23,5893,PROD48
ORD00105,CUST0063,C010,CAM012,2026-02-09,2684,PROD28
ORD00106,CUST0064,C011,CAM015,2026-06-02,2564,PROD40
ORD00107,CUST0065,C007,CAM028,2026-03-27,5865,PROD47
ORD00108,CUST0066,C018,CAM004,2026-05-26,15000,PROD27
ORD00109,CUST0066,C018,CAM004,2026-06-20,1207,PROD26
ORD00110,CUST0067,C008,CAM033,2026-02-06,1999,PROD13
ORD00111,CUST0068,C024,CAM013,2026-06-07,3909,PROD44
ORD00112,CUST0069,C021,CAM025,2026-02-14,7092,PROD20
ORD00113,CUST0070,C002,CAM002,2026-04-16,5123,PROD20
ORD00114,CUST0071,C009,CAM035,2026-04-09,1316,PROD38
ORD00115,CUST0072,C024,CAM013,2026-06-06,7113,PROD29
ORD00116,CUST0073,C024,CAM013,2026-06-07,2363,PROD31
ORD00117,CUST0073,C024,CAM013,2026-08-01,4018,PROD48
ORD00118,CUST0073,C024,CAM013,2026-08-16,3895,PROD43
ORD00119,CUST0073,C024,CAM013,2026-08-26,5626,PROD19
ORD00120,CUST0073,C024,CAM013,2026-10-02,3442,PROD43
ORD00121,CUST0074,C018,CAM018,2026-06-14,15000,PROD49
ORD00122,CUST0075,C012,CAM024,2026-05-11,1113,PROD13
ORD00123,CUST0076,C008,CAM033,2026-01-28,3585,PROD31
ORD00124,CUST0076,C008,CAM033,2026-03-13,3793,PROD50
ORD00125,CUST0076,C008,CAM033,2026-03-22,2804,PROD30
ORD00126,CUST0076,C008,CAM033,2026-04-22,3962,PROD41
ORD00127,CUST0077,C009,CAM035,2026-04-09,1452,PROD25
ORD00128,CUST0078,C009,CAM034,2026-05-22,1889,PROD42
ORD00129,CUST0078,C009,CAM034,2026-07-10,2067,PROD01
ORD00130,CUST0079,C023,CAM010,2026-04-16,4258,PROD50
ORD00131,CUST0080,C017,CAM029,2026-02-06,4063,PROD45
ORD00132,CUST0080,C017,CAM029,2026-03-16,5578,PROD30
ORD00133,CUST0080,C017,CAM029,2026-03-24,1922,PROD36
ORD00134,CUST0081,C008,CAM007,2026-01-19,2516,PROD30
ORD00135,CUST0082,C012,CAM024,2026-05-15,2059,PROD39
ORD00136,CUST0083,C008,CAM007,2026-01-25,2362,PROD47
ORD00137,CUST0084,C002,CAM027,2026-04-21,1264,PROD36
ORD00138,CUST0085,C008,CAM033,2026-02-02,520,PROD31
ORD00139,CUST0086,C013,CAM019,2026-05-16,1610,PROD41
ORD00140,CUST0087,C007,CAM028,2026-03-30,2458,PROD32
ORD00141,CUST0088,C011,CAM003,2026-03-12,2187,PROD05
ORD00142,CUST0088,C011,CAM003,2026-05-01,7548,PROD19
ORD00143,CUST0089,C014,CAM014,2026-05-07,1033,PROD35
ORD00144,CUST0090,C006,CAM008,2026-03-18,3834,PROD25
ORD00145,CUST0090,C006,CAM008,2026-05-06,4556,PROD10
ORD00146,CUST0091,C010,CAM038,2026-03-06,5591,PROD27
ORD00147,CUST0091,C010,CAM038,2026-04-01,1308,PROD35
ORD00148,CUST0092,C011,CAM003,2026-03-15,2906,PROD27
ORD00149,CUST0092,C011,CAM003,2026-04-13,5750,PROD50
ORD00150,CUST0093,C020,CAM026,2026-05-11,980,PROD49
ORD00151,CUST0093,C020,CAM026,2026-06-21,1734,PROD25
ORD00152,CUST0093,C020,CAM026,2026-07-26,5163,PROD01
ORD00153,CUST0093,C020,CAM026,2026-08-22,15000,PROD20
ORD00154,CUST0094,C007,CAM036,2026-01-13,7060,PROD27
ORD00155,CUST0095,C018,CAM017,2026-04-20,6893,PROD18
ORD00156,CUST0096,C005,CAM022,2026-06-14,1392,PROD22
ORD00157,CUST0096,C005,CAM022,2026-07-31,3328,PROD44
ORD00158,CUST0097,C014,CAM014,2026-05-11,3833,PROD30
ORD00159,CUST0098,C011,CAM003,2026-03-17,8367,PROD26
ORD00160,CUST0098,C011,CAM003,2026-04-28,1876,PROD37
ORD00161,CUST0098,C011,CAM003,2026-06-14,2397,PROD02
ORD00162,CUST0098,C011,CAM003,2026-06-24,2105,PROD42
ORD00163,CUST0099,C013,CAM032,2026-03-13,2967,PROD12
ORD00164,CUST0100,C005,CAM021,2026-06-01,200,PROD14
ORD00165,CUST0101,C004,CAM040,2026-01-28,8182,PROD25
ORD00166,CUST0102,C018,CAM016,2026-01-27,2104,PROD27
ORD00167,CUST0103,C010,CAM038,2026-03-04,12090,PROD48
ORD00168,CUST0104,C010,CAM012,2026-01-20,6470,PROD23
ORD00169,CUST0105,C014,CAM014,2026-05-01,3468,PROD42
ORD00170,CUST0106,C003,CAM011,2026-03-19,11694,PROD16
ORD00171,CUST0106,C003,CAM011,2026-04-05,3697,PROD02
ORD00172,CUST0106,C003,CAM011,2026-05-19,728,PROD10
ORD00173,CUST0107,C005,CAM021,2026-05-28,874,PROD08
ORD00174,CUST0108,C007,CAM036,2026-01-07,1730,PROD17
ORD00175,CUST0109,C007,CAM028,2026-03-17,3814,PROD39
ORD00176,CUST0109,C007,CAM028,2026-05-08,6472,PROD46
ORD00177,CUST0109,C007,CAM028,2026-05-20,4296,PROD50
ORD00178,CUST0110,C018,CAM031,2026-02-15,3326,PROD07
ORD00179,CUST0111,C018,CAM039,2026-01-21,3388,PROD37
ORD00180,CUST0112,C002,CAM027,2026-04-20,3978,PROD46
ORD00181,CUST0113,C011,CAM009,2026-04-10,948,PROD41
ORD00182,CUST0114,C011,CAM003,2026-03-10,1018,PROD20
ORD00183,CUST0115,C005,CAM022,2026-06-18,516,PROD37
ORD00184,CUST0116,C003,CAM011,2026-02-24,1791,PROD28
ORD00185,CUST0117,C020,CAM026,2026-04-30,2853,PROD42
ORD00186,CUST0117,C020,CAM026,2026-05-26,760,PROD01
ORD00187,CUST0118,C014,CAM014,2026-05-12,3322,PROD07
ORD00188,CUST0119,C013,CAM019,2026-05-19,6478,PROD30
ORD00189,CUST0120,C009,CAM030,2026-03-31,4675,PROD47
ORD00190,CUST0121,C023,CAM005,2026-05-30,4955,PROD35
ORD00191,CUST0122,C012,CAM024,2026-05-14,1571,PROD47
ORD00192,CUST0123,C003,CAM011,2026-03-03,2785,PROD16
ORD00193,CUST0124,C013,CAM006,2026-04-05,1597,PROD29
ORD00194,CUST0125,C011,CAM001,2026-03-11,2439,PROD43
ORD00195,CUST0126,C014,CAM014,2026-05-09,1304,PROD21
ORD00196,CUST0126,C014,CAM014,2026-05-25,6711,PROD32
ORD00197,CUST0126,C014,CAM014,2026-06-12,5743,PROD23
ORD00198,CUST0126,C014,CAM014,2026-08-07,5306,PROD17
ORD00199,CUST0127,C013,CAM006,2026-04-11,5897,PROD45
ORD00200,CUST0128,C023,CAM005,2026-05-22,3560,PROD13
ORD00201,CUST0129,C006,CAM008,2026-03-19,1752,PROD32
ORD00202,CUST0130,C018,CAM039,2026-01-24,3361,PROD42
ORD00203,CUST0131,C002,CAM027,2026-04-23,5002,PROD02
ORD00204,CUST0132,C014,CAM014,2026-05-08,4203,PROD45
ORD00205,CUST0133,C008,CAM033,2026-02-06,4306,PROD24
ORD00206,CUST0134,C018,CAM017,2026-04-24,7499,PROD48
ORD00207,CUST0135,C007,CAM036,2026-01-11,5107,PROD30
ORD00208,CUST0136,C011,CAM001,2026-03-06,6988,PROD08
ORD00209,CUST0136,C011,CAM001,2026-04-26,9427,PROD13
ORD00210,CUST0136,C011,CAM001,2026-05-21,4546,PROD08
ORD00211,CUST0136,C011,CAM001,2026-07-12,9185,PROD35
ORD00212,CUST0137,C008,CAM033,2026-02-19,9378,PROD14
ORD00213,CUST0138,C013,CAM032,2026-03-24,3326,PROD38
ORD00214,CUST0139,C023,CAM010,2026-04-12,4880,PROD07
ORD00215,CUST0140,C008,CAM007,2026-01-21,8877,PROD24
ORD00216,CUST0140,C008,CAM007,2026-02-06,2889,PROD20
ORD00217,CUST0140,C008,CAM007,2026-02-11,4905,PROD46
ORD00218,CUST0141,C014,CAM014,2026-05-03,7440,PROD04
ORD00219,CUST0142,C018,CAM031,2026-02-19,10751,PROD09
ORD00220,CUST0143,C014,CAM014,2026-05-14,5452,PROD01
ORD00221,CUST0143,C014,CAM014,2026-06-24,4067,PROD19
ORD00222,CUST0143,C014,CAM014,2026-07-29,5336,PROD31
ORD00223,CUST0144,C018,CAM017,2026-04-23,3157,PROD04
ORD00224,CUST0144,C018,CAM017,2026-05-14,5641,PROD31
ORD00225,CUST0144,C018,CAM017,2026-05-26,1943,PROD05
ORD00226,CUST0145,C018,CAM039,2026-01-28,2128,PROD41
ORD00227,CUST0145,C018,CAM039,2026-03-17,5328,PROD04
ORD00228,CUST0146,C008,CAM007,2026-01-20,7772,PROD20
ORD00229,CUST0147,C011,CAM009,2026-04-15,6148,PROD49
ORD00230,CUST0147,C011,CAM009,2026-05-16,6219,PROD39
ORD00231,CUST0148,C018,CAM004,2026-05-27,4127,PROD34
ORD00232,CUST0148,C018,CAM004,2026-06-25,3639,PROD29
ORD00233,CUST0149,C002,CAM027,2026-04-17,2715,PROD28
ORD00234,CUST0150,C009,CAM030,2026-04-07,1877,PROD40
ORD00235,CUST0151,C009,CAM030,2026-03-30,1757,PROD14
ORD00236,CUST0152,C018,CAM018,2026-06-01,6568,PROD06
ORD00237,CUST0152,C018,CAM018,2026-06-16,2117,PROD16
ORD00238,CUST0153,C020,CAM026,2026-05-06,1011,PROD01
ORD00239,CUST0153,C020,CAM026,2026-06-06,5375,PROD29
ORD00240,CUST0154,C010,CAM012,2026-02-07,3163,PROD03
ORD00241,CUST0155,C007,CAM036,2026-01-10,8676,PROD45
ORD00242,CUST0156,C009,CAM035,2026-04-13,3465,PROD15
ORD00243,CUST0156,C009,CAM035,2026-05-04,8849,PROD41
ORD00244,CUST0157,C009,CAM035,2026-04-16,3124,PROD13
ORD00245,CUST0158,C011,CAM015,2026-05-24,12225,PROD42
ORD00246,CUST0159,C018,CAM016,2026-01-29,892,PROD10
ORD00247,CUST0159,C018,CAM016,2026-02-07,815,PROD04
ORD00248,CUST0159,C018,CAM016,2026-02-22,1505,PROD20
ORD00249,CUST0160,C013,CAM023,2026-04-14,5146,PROD19
ORD00250,CUST0161,C004,CAM020,2026-02-09,4761,PROD20
ORD00251,CUST0162,C010,CAM012,2026-01-31,2288,PROD33
ORD00252,CUST0163,C009,CAM030,2026-04-05,8729,PROD39
ORD00253,CUST0164,C005,CAM021,2026-06-06,2245,PROD39
ORD00254,CUST0165,C018,CAM017,2026-04-13,333,PROD44
ORD00255,CUST0165,C018,CAM017,2026-06-10,3276,PROD37
ORD00256,CUST0165,C018,CAM017,2026-07-22,5592,PROD02
ORD00257,CUST0166,C007,CAM036,2026-01-22,4324,PROD37
ORD00258,CUST0167,C005,CAM021,2026-06-17,3044,PROD31
ORD00259,CUST0168,C008,CAM007,2026-01-25,2517,PROD12
ORD00260,CUST0169,C013,CAM006,2026-04-16,5246,PROD32
ORD00261,CUST0170,C011,CAM015,2026-05-30,1970,PROD22
ORD00262,CUST0171,C009,CAM034,2026-05-31,6806,PROD11
ORD00263,CUST0171,C009,CAM034,2026-06-26,2468,PROD27
ORD00264,CUST0171,C009,CAM034,2026-08-14,3916,PROD32
ORD00265,CUST0172,C009,CAM030,2026-04-08,4335,PROD49
ORD00266,CUST0173,C005,CAM022,2026-05-31,11715,PROD21
ORD00267,CUST0174,C018,CAM039,2026-01-26,15000,PROD50
ORD00268,CUST0174,C018,CAM039,2026-02-25,9581,PROD33
ORD00269,CUST0174,C018,CAM039,2026-04-23,1307,PROD01
ORD00270,CUST0175,C011,CAM015,2026-06-05,5293,PROD27
ORD00271,CUST0176,C018,CAM039,2026-01-24,665,PROD40
ORD00272,CUST0177,C003,CAM011,2026-03-10,1837,PROD49
ORD00273,CUST0178,C006,CAM008,2026-03-19,1044,PROD09
ORD00274,CUST0178,C006,CAM008,2026-04-11,1189,PROD29
ORD00275,CUST0178,C006,CAM008,2026-05-30,1228,PROD32
ORD00276,CUST0178,C006,CAM008,2026-06-11,3161,PROD02
ORD00277,CUST0179,C010,CAM038,2026-03-06,2497,PROD20
ORD00278,CUST0180,C002,CAM027,2026-04-08,977,PROD06
ORD00279,CUST0181,C021,CAM025,2026-03-07,5443,PROD30
ORD00280,CUST0182,C005,CAM022,2026-06-19,1987,PROD32
ORD00281,CUST0183,C010,CAM038,2026-03-07,10148,PROD18
ORD00282,CUST0184,C013,CAM023,2026-04-16,1813,PROD31
ORD00283,CUST0185,C006,CAM008,2026-03-23,3811,PROD25
ORD00284,CUST0186,C024,CAM013,2026-06-15,2568,PROD48
ORD00285,CUST0187,C003,CAM011,2026-03-22,9558,PROD50
ORD00286,CUST0187,C003,CAM011,2026-05-16,3045,PROD27
ORD00287,CUST0187,C003,CAM011,2026-06-11,1217,PROD33
ORD00288,CUST0188,C009,CAM034,2026-06-05,1134,PROD47
ORD00289,CUST0188,C009,CAM034,2026-06-29,4903,PROD38
ORD00290,CUST0189,C004,CAM040,2026-02-08,1849,PROD10
ORD00291,CUST0190,C017,CAM029,2026-02-16,5841,PROD22
ORD00292,CUST0191,C018,CAM018,2026-06-19,5840,PROD30
ORD00293,CUST0192,C002,CAM027,2026-04-14,3846,PROD16
ORD00294,CUST0193,C006,CAM008,2026-03-22,5251,PROD50
ORD00295,CUST0193,C006,CAM008,2026-04-22,3529,PROD03
ORD00296,CUST0194,C011,CAM015,2026-06-03,6783,PROD25
ORD00297,CUST0195,C006,CAM008,2026-03-18,1455,PROD03
ORD00298,CUST0196,C008,CAM007,2026-01-26,462,PROD22
ORD00299,CUST0197,C018,CAM004,2026-05-19,437,PROD29
ORD00300,CUST0198,C011,CAM009,2026-04-22,8626,PROD10
ORD00301,CUST0198,C011,CAM009,2026-05-23,7869,PROD42
ORD00302,CUST0199,C009,CAM030,2026-03-30,2669,PROD17
ORD00303,CUST0200,C005,CAM022,2026-06-18,1516,PROD42
ORD00304,CUST0201,C007,CAM036,2026-01-11,4878,PROD35
ORD00305,CUST0202,C013,CAM023,2026-04-08,3714,PROD49
ORD00306,CUST0203,C004,CAM040,2026-02-04,5155,PROD05
ORD00307,CUST0203,C004,CAM040,2026-02-24,1669,PROD41
ORD00308,CUST0203,C004,CAM040,2026-04-13,3440,PROD19
ORD00309,CUST0204,C017,CAM029,2026-02-22,1954,PROD07
ORD00310,CUST0204,C017,CAM029,2026-04-16,4089,PROD41
ORD00311,CUST0205,C010,CAM012,2026-01-22,5959,PROD45
ORD00312,CUST0206,C009,CAM034,2026-05-10,6514,PROD04
ORD00313,CUST0206,C009,CAM034,2026-06-02,1607,PROD23
ORD00314,CUST0207,C007,CAM036,2026-01-14,7044,PROD34
ORD00315,CUST0207,C007,CAM036,2026-02-14,2995,PROD37
ORD00316,CUST0208,C011,CAM015,2026-06-04,5751,PROD12
ORD00317,CUST0208,C011,CAM015,2026-06-14,15000,PROD40
ORD00318,CUST0209,C011,CAM009,2026-04-20,5884,PROD16
ORD00319,CUST0210,C018,CAM031,2026-02-28,7186,PROD30
ORD00320,CUST0210,C018,CAM031,2026-04-14,515,PROD17
ORD00321,CUST0210,C018,CAM031,2026-05-18,3851,PROD17
ORD00322,CUST0211,C017,CAM029,2026-01-30,1963,PROD30
ORD00323,CUST0212,C005,CAM021,2026-06-14,15000,PROD05
ORD00324,CUST0213,C018,CAM004,2026-05-23,4960,PROD20
ORD00325,CUST0214,C005,CAM022,2026-06-12,1062,PROD30
ORD00326,CUST0215,C014,CAM014,2026-05-08,7945,PROD25
ORD00327,CUST0216,C013,CAM006,2026-04-18,6306,PROD25
ORD00328,CUST0216,C013,CAM006,2026-05-29,4674,PROD23
ORD00329,CUST0217,C018,CAM018,2026-06-04,5431,PROD19
ORD00330,CUST0218,C018,CAM017,2026-04-25,3164,PROD37
ORD00331,CUST0218,C018,CAM017,2026-06-24,4603,PROD44
ORD00332,CUST0219,C023,CAM005,2026-05-23,560,PROD48
ORD00333,CUST0220,C006,CAM008,2026-03-20,8717,PROD15
ORD00334,CUST0221,C021,CAM025,2026-03-06,3022,PROD41
ORD00335,CUST0222,C010,CAM038,2026-03-07,4723,PROD47
ORD00336,CUST0223,C011,CAM015,2026-06-02,8863,PROD09
ORD00337,CUST0224,C003,CAM011,2026-02-26,2370,PROD42
ORD00338,CUST0225,C007,CAM028,2026-03-15,5146,PROD03
ORD00339,CUST0226,C018,CAM004,2026-05-23,715,PROD06
ORD00340,CUST0227,C020,CAM026,2026-04-29,9234,PROD12
ORD00341,CUST0228,C011,CAM015,2026-05-25,6246,PROD24
ORD00342,CUST0229,C023,CAM010,2026-04-12,9327,PROD11
ORD00343,CUST0230,C009,CAM030,2026-04-05,200,PROD19
ORD00344,CUST0231,C018,CAM004,2026-05-23,3095,PROD30
ORD00345,CUST0232,C018,CAM017,2026-04-17,1035,PROD15
ORD00346,CUST0233,C011,CAM009,2026-04-20,3907,PROD36
ORD00347,CUST0234,C023,CAM010,2026-04-05,8439,PROD01
ORD00348,CUST0235,C024,CAM013,2026-06-03,4746,PROD24
ORD00349,CUST0235,C024,CAM013,2026-07-21,5277,PROD48
ORD00350,CUST0235,C024,CAM013,2026-09-07,8886,PROD17
ORD00351,CUST0235,C024,CAM013,2026-10-19,1044,PROD25
ORD00352,CUST0236,C017,CAM029,2026-02-19,588,PROD07
ORD00353,CUST0237,C004,CAM020,2026-02-13,398,PROD40
ORD00354,CUST0238,C011,CAM009,2026-04-18,785,PROD15
ORD00355,CUST0239,C017,CAM029,2026-02-01,7297,PROD30
ORD00356,CUST0240,C005,CAM022,2026-06-08,6854,PROD08
ORD00357,CUST0241,C013,CAM019,2026-05-09,7043,PROD20
ORD00358,CUST0242,C014,CAM014,2026-05-02,2156,PROD35
ORD00359,CUST0242,C014,CAM014,2026-05-15,780,PROD25
ORD00360,CUST0242,C014,CAM014,2026-06-18,6118,PROD24
ORD00361,CUST0243,C011,CAM015,2026-06-03,3469,PROD35
ORD00362,CUST0244,C009,CAM034,2026-05-28,911,PROD10
ORD00363,CUST0245,C023,CAM010,2026-04-14,2774,PROD32
ORD00364,CUST0245,C023,CAM010,2026-05-28,1190,PROD27
ORD00365,CUST0245,C023,CAM010,2026-06-19,2731,PROD03
ORD00366,CUST0245,C023,CAM010,2026-08-07,3965,PROD24
ORD00367,CUST0246,C020,CAM026,2026-05-03,579,PROD16
ORD00368,CUST0247,C002,CAM002,2026-04-13,4598,PROD44
ORD00369,CUST0247,C002,CAM002,2026-05-11,4994,PROD35
ORD00370,CUST0247,C002,CAM002,2026-06-26,2945,PROD23
ORD00371,CUST0247,C002,CAM002,2026-07-04,1698,PROD26
ORD00372,CUST0248,C020,CAM026,2026-04-25,1917,PROD30
ORD00373,CUST0249,C005,CAM021,2026-06-14,1871,PROD41
ORD00374,CUST0249,C005,CAM021,2026-07-27,2539,PROD02
ORD00375,CUST0249,C005,CAM021,2026-08-04,1451,PROD22
ORD00376,CUST0250,C023,CAM010,2026-04-06,902,PROD14
ORD00377,CUST0251,C007,CAM037,2026-01-13,12151,PROD14
ORD00378,CUST0251,C007,CAM037,2026-03-11,2349,PROD15
ORD00379,CUST0251,C007,CAM037,2026-04-06,3105,PROD50
ORD00380,CUST0251,C007,CAM037,2026-04-20,4780,PROD39
ORD00381,CUST0251,C007,CAM037,2026-04-25,3712,PROD18
ORD00382,CUST0251,C007,CAM037,2026-06-23,9790,PROD10
ORD00383,CUST0252,C007,CAM028,2026-03-23,7768,PROD12
ORD00384,CUST0253,C014,CAM014,2026-04-29,5297,PROD23
ORD00385,CUST0253,C014,CAM014,2026-06-23,814,PROD16
ORD00386,CUST0253,C014,CAM014,2026-08-04,3096,PROD21
ORD00387,CUST0253,C014,CAM014,2026-08-10,3383,PROD12
ORD00388,CUST0254,C020,CAM026,2026-04-20,1085,PROD27
ORD00389,CUST0254,C020,CAM026,2026-05-28,3976,PROD08
ORD00390,CUST0254,C020,CAM026,2026-07-19,2474,PROD05
ORD00391,CUST0255,C008,CAM033,2026-02-11,2300,PROD33
ORD00392,CUST0256,C006,CAM008,2026-03-17,1737,PROD15
ORD00393,CUST0257,C009,CAM030,2026-03-29,1980,PROD43
ORD00394,CUST0258,C024,CAM013,2026-05-26,1210,PROD02
ORD00395,CUST0259,C013,CAM006,2026-04-18,5787,PROD28
ORD00396,CUST0260,C011,CAM009,2026-04-11,1490,PROD29
ORD00397,CUST0261,C006,CAM008,2026-03-17,392,PROD10
ORD00398,CUST0262,C009,CAM034,2026-05-14,1592,PROD41
ORD00399,CUST0262,C009,CAM034,2026-06-25,2335,PROD36
ORD00400,CUST0262,C009,CAM034,2026-08-14,4105,PROD21
ORD00401,CUST0263,C013,CAM019,2026-05-27,6333,PROD30
ORD00402,CUST0264,C007,CAM037,2026-01-14,8798,PROD45
ORD00403,CUST0265,C018,CAM016,2026-01-28,735,PROD50
ORD00404,CUST0266,C010,CAM012,2026-02-11,1185,PROD28
ORD00405,CUST0267,C013,CAM032,2026-03-16,6077,PROD30
ORD00406,CUST0268,C018,CAM004,2026-05-24,1937,PROD21
ORD00407,CUST0269,C009,CAM030,2026-04-03,1119,PROD24
ORD00408,CUST0270,C013,CAM023,2026-04-13,1795,PROD05
ORD00409,CUST0271,C011,CAM001,2026-02-27,6013,PROD07
ORD00410,CUST0271,C011,CAM001,2026-04-20,4268,PROD48
ORD00411,CUST0272,C007,CAM028,2026-03-10,940,PROD38
ORD00412,CUST0273,C018,CAM039,2026-01-29,5892,PROD08
ORD00413,CUST0274,C018,CAM017,2026-04-24,1790,PROD49
ORD00414,CUST0275,C004,CAM020,2026-02-07,6507,PROD39
ORD00415,CUST0276,C011,CAM003,2026-03-14,1724,PROD33
ORD00416,CUST0276,C011,CAM003,2026-04-01,1338,PROD10
ORD00417,CUST0277,C007,CAM028,2026-03-21,2471,PROD07
ORD00418,CUST0278,C023,CAM005,2026-06-02,8128,PROD18
ORD00419,CUST0278,C023,CAM005,2026-07-13,1704,PROD15
ORD00420,CUST0278,C023,CAM005,2026-09-07,1292,PROD28
ORD00421,CUST0278,C023,CAM005,2026-11-05,1022,PROD36
ORD00422,CUST0278,C023,CAM005,2026-12-29,3407,PROD40
ORD00423,CUST0278,C023,CAM005,2027-02-11,3462,PROD44
ORD00424,CUST0279,C002,CAM027,2026-04-25,3829,PROD43
ORD00425,CUST0279,C002,CAM027,2026-06-22,4177,PROD45
ORD00426,CUST0280,C011,CAM015,2026-05-23,2577,PROD45
ORD00427,CUST0280,C011,CAM015,2026-07-15,5137,PROD20
ORD00428,CUST0280,C011,CAM015,2026-08-10,4210,PROD23
ORD00429,CUST0280,C011,CAM015,2026-08-15,781,PROD12
ORD00430,CUST0281,C023,CAM010,2026-04-06,2723,PROD26
ORD00431,CUST0282,C009,CAM035,2026-04-08,1939,PROD02
ORD00432,CUST0283,C023,CAM005,2026-06-07,6116,PROD27
ORD00433,CUST0283,C023,CAM005,2026-07-11,11199,PROD22
ORD00434,CUST0284,C023,CAM010,2026-04-09,1612,PROD21
ORD00435,CUST0284,C023,CAM010,2026-06-02,2590,PROD37
ORD00436,CUST0284,C023,CAM010,2026-07-15,11218,PROD06
ORD00437,CUST0285,C002,CAM002,2026-04-10,6102,PROD40
ORD00438,CUST0285,C002,CAM002,2026-04-18,3735,PROD44
ORD00439,CUST0286,C013,CAM019,2026-05-16,386,PROD28
ORD00440,CUST0287,C017,CAM029,2026-02-18,2690,PROD18
ORD00441,CUST0287,C017,CAM029,2026-03-08,3235,PROD49
ORD00442,CUST0288,C023,CAM010,2026-04-05,5925,PROD08
ORD00443,CUST0288,C023,CAM010,2026-04-28,601,PROD44
ORD00444,CUST0289,C011,CAM003,2026-03-16,1855,PROD20
ORD00445,CUST0290,C018,CAM018,2026-06-02,9406,PROD39
ORD00446,CUST0291,C018,CAM039,2026-01-21,9041,PROD14
ORD00447,CUST0292,C013,CAM019,2026-05-12,1905,PROD19
ORD00448,CUST0293,C005,CAM021,2026-05-27,1452,PROD48
ORD00449,CUST0293,C005,CAM021,2026-06-28,4026,PROD12
ORD00450,CUST0294,C010,CAM012,2026-01-31,1228,PROD15
ORD00451,CUST0295,C023,CAM010,2026-04-12,11469,PROD23
ORD00452,CUST0296,C023,CAM010,2026-04-10,4405,PROD03
ORD00453,CUST0297,C011,CAM001,2026-02-25,3732,PROD05
ORD00454,CUST0298,C003,CAM011,2026-03-05,2910,PROD37
ORD00455,CUST0299,C013,CAM019,2026-05-21,2218,PROD26
ORD00456,CUST0300,C024,CAM013,2026-06-16,200,PROD40
ORD00457,CUST0301,C011,CAM003,2026-03-14,10309,PROD07
ORD00458,CUST0301,C011,CAM003,2026-04-03,7707,PROD28
ORD00459,CUST0302,C005,CAM021,2026-06-05,2268,PROD26
ORD00460,CUST0303,C003,CAM011,2026-03-04,2352,PROD15
ORD00461,CUST0304,C007,CAM036,2026-01-25,6596,PROD33
ORD00462,CUST0304,C007,CAM036,2026-03-11,8228,PROD08
ORD00463,CUST0305,C012,CAM024,2026-05-15,715,PROD50
ORD00464,CUST0306,C018,CAM004,2026-05-23,3705,PROD42
ORD00465,CUST0307,C005,CAM021,2026-05-28,2579,PROD10
ORD00466,CUST0307,C005,CAM021,2026-06-18,3704,PROD13
ORD00467,CUST0307,C005,CAM021,2026-07-04,7817,PROD39
ORD00468,CUST0308,C011,CAM001,2026-02-27,692,PROD50
ORD00469,CUST0308,C011,CAM001,2026-04-13,1492,PROD32
ORD00470,CUST0309,C010,CAM012,2026-02-12,2847,PROD38
ORD00471,CUST0310,C011,CAM001,2026-03-07,700,PROD41
ORD00472,CUST0311,C004,CAM040,2026-01-22,4651,PROD31
ORD00473,CUST0312,C011,CAM009,2026-04-17,3080,PROD38
ORD00474,CUST0313,C024,CAM013,2026-05-28,395,PROD20
ORD00475,CUST0314,C018,CAM016,2026-01-22,3776,PROD24
ORD00476,CUST0314,C018,CAM016,2026-03-21,2785,PROD19
ORD00477,CUST0314,C018,CAM016,2026-03-30,7720,PROD42
ORD00478,CUST0314,C018,CAM016,2026-05-29,8299,PROD06
ORD00479,CUST0315,C018,CAM017,2026-04-25,5412,PROD36
ORD00480,CUST0316,C007,CAM028,2026-03-29,1815,PROD29
ORD00481,CUST0317,C020,CAM026,2026-05-07,8509,PROD21
ORD00482,CUST0318,C010,CAM038,2026-03-10,5107,PROD04
ORD00483,CUST0319,C017,CAM029,2026-02-02,1453,PROD22
ORD00484,CUST0320,C005,CAM022,2026-06-01,1255,PROD12
ORD00485,CUST0321,C013,CAM006,2026-04-10,803,PROD29
ORD00486,CUST0322,C018,CAM031,2026-02-26,4576,PROD24
ORD00487,CUST0323,C011,CAM009,2026-04-17,4332,PROD50
ORD00488,CUST0324,C003,CAM011,2026-03-16,5314,PROD41
ORD00489,CUST0325,C018,CAM016,2026-01-20,5757,PROD07
ORD00490,CUST0325,C018,CAM016,2026-03-01,3314,PROD44
ORD00491,CUST0325,C018,CAM016,2026-03-30,4486,PROD19
ORD00492,CUST0326,C007,CAM028,2026-03-29,492,PROD39
ORD00493,CUST0327,C009,CAM035,2026-04-08,2563,PROD38
ORD00494,CUST0328,C010,CAM012,2026-01-23,6049,PROD20
ORD00495,CUST0329,C008,CAM033,2026-02-19,2859,PROD09
ORD00496,CUST0330,C010,CAM012,2026-02-10,6847,PROD20
ORD00497,CUST0331,C014,CAM014,2026-05-11,4034,PROD22
ORD00498,CUST0332,C011,CAM009,2026-04-12,4747,PROD48
ORD00499,CUST0333,C017,CAM029,2026-02-15,2320,PROD43
ORD00500,CUST0333,C017,CAM029,2026-03-19,1390,PROD33
ORD00501,CUST0333,C017,CAM029,2026-04-16,3304,PROD02
ORD00502,CUST0333,C017,CAM029,2026-05-14,4729,PROD20
ORD00503,CUST0334,C006,CAM008,2026-03-19,3721,PROD50
ORD00504,CUST0335,C023,CAM010,2026-04-07,703,PROD09
ORD00505,CUST0335,C023,CAM010,2026-04-21,4498,PROD05
ORD00506,CUST0335,C023,CAM010,2026-05-14,1731,PROD07
ORD00507,CUST0335,C023,CAM010,2026-06-20,1815,PROD50
ORD00508,CUST0335,C023,CAM010,2026-07-29,3680,PROD48
ORD00509,CUST0336,C013,CAM032,2026-03-10,1273,PROD50
ORD00510,CUST0337,C011,CAM001,2026-03-01,4264,PROD10
ORD00511,CUST0338,C018,CAM004,2026-05-20,6306,PROD50
ORD00512,CUST0339,C024,CAM013,2026-06-11,7323,PROD47
ORD00513,CUST0340,C011,CAM001,2026-02-26,9846,PROD44
ORD00514,CUST0341,C002,CAM002,2026-04-11,1600,PROD40
ORD00515,CUST0342,C008,CAM007,2026-01-25,2406,PROD16
ORD00516,CUST0342,C008,CAM007,2026-02-18,1400,PROD31
ORD00517,CUST0343,C010,CAM012,2026-01-25,3543,PROD37
ORD00518,CUST0344,C017,CAM029,2026-02-13,3514,PROD50
ORD00519,CUST0345,C024,CAM013,2026-06-02,2623,PROD11
ORD00520,CUST0346,C004,CAM040,2026-01-24,2909,PROD09
ORD00521,CUST0347,C011,CAM009,2026-04-16,1410,PROD31
ORD00522,CUST0347,C011,CAM009,2026-06-15,7586,PROD24
ORD00523,CUST0348,C017,CAM029,2026-02-02,1819,PROD34
ORD00524,CUST0349,C018,CAM039,2026-01-22,3153,PROD49
ORD00525,CUST0350,C003,CAM011,2026-03-03,7503,PROD33
ORD00526,CUST0351,C002,CAM027,2026-05-04,1245,PROD15
ORD00527,CUST0352,C018,CAM016,2026-01-22,7419,PROD02
ORD00528,CUST0353,C008,CAM007,2026-01-18,994,PROD24
ORD00529,CUST0354,C003,CAM011,2026-03-07,2549,PROD24
ORD00530,CUST0355,C018,CAM004,2026-05-18,3731,PROD07
ORD00531,CUST0355,C018,CAM004,2026-07-15,2613,PROD46
ORD00532,CUST0355,C018,CAM004,2026-08-30,5498,PROD22
ORD00533,CUST0356,C004,CAM040,2026-01-22,530,PROD19
ORD00534,CUST0356,C004,CAM040,2026-03-21,627,PROD31
ORD00535,CUST0356,C004,CAM040,2026-05-09,4698,PROD09
ORD00536,CUST0357,C013,CAM019,2026-05-23,1266,PROD01
ORD00537,CUST0358,C023,CAM010,2026-04-04,4352,PROD10
ORD00538,CUST0358,C023,CAM010,2026-05-14,2240,PROD47
ORD00539,CUST0359,C005,CAM021,2026-06-09,7791,PROD50
ORD00540,CUST0360,C002,CAM002,2026-04-11,8060,PROD04
ORD00541,CUST0360,C002,CAM002,2026-05-01,2454,PROD27
ORD00542,CUST0360,C002,CAM002,2026-06-15,5784,PROD40
ORD00543,CUST0360,C002,CAM002,2026-07-19,6512,PROD05
ORD00544,CUST0361,C010,CAM012,2026-02-14,849,PROD39
ORD00545,CUST0362,C002,CAM002,2026-04-08,4705,PROD37
ORD00546,CUST0363,C011,CAM003,2026-03-11,2717,PROD01
ORD00547,CUST0363,C011,CAM003,2026-04-24,5288,PROD23
ORD00548,CUST0364,C018,CAM039,2026-01-30,1380,PROD43
ORD00549,CUST0365,C023,CAM005,2026-05-24,5382,PROD24
ORD00550,CUST0366,C010,CAM038,2026-03-11,5880,PROD33
ORD00551,CUST0367,C018,CAM018,2026-05-26,3804,PROD31
ORD00552,CUST0368,C007,CAM028,2026-03-26,12114,PROD24
ORD00553,CUST0369,C018,CAM031,2026-02-10,1075,PROD05
ORD00554,CUST0370,C012,CAM024,2026-05-10,2196,PROD41
ORD00555,CUST0371,C007,CAM037,2026-01-14,1958,PROD22
ORD00556,CUST0372,C017,CAM029,2026-01-31,200,PROD22
ORD00557,CUST0372,C017,CAM029,2026-03-29,3323,PROD42
ORD00558,CUST0372,C017,CAM029,2026-04-14,7025,PROD50
ORD00559,CUST0372,C017,CAM029,2026-06-01,3382,PROD30
ORD00560,CUST0373,C007,CAM036,2026-01-16,7321,PROD09
ORD00561,CUST0374,C009,CAM034,2026-06-01,2878,PROD30
ORD00562,CUST0375,C003,CAM011,2026-03-04,1729,PROD13
ORD00563,CUST0376,C004,CAM040,2026-01-28,5035,PROD33
ORD00564,CUST0377,C017,CAM029,2026-02-25,6791,PROD17
ORD00565,CUST0378,C011,CAM001,2026-03-03,2671,PROD50
ORD00566,CUST0378,C011,CAM001,2026-03-11,3009,PROD42
ORD00567,CUST0378,C011,CAM001,2026-04-06,2446,PROD18
ORD00568,CUST0378,C011,CAM001,2026-04-18,4743,PROD24
ORD00569,CUST0379,C005,CAM022,2026-06-11,9679,PROD25
ORD00570,CUST0380,C020,CAM026,2026-04-24,1653,PROD32
ORD00571,CUST0381,C023,CAM010,2026-04-16,751,PROD06
ORD00572,CUST0382,C005,CAM022,2026-06-12,7680,PROD39
ORD00573,CUST0382,C005,CAM022,2026-08-08,2713,PROD12
ORD00574,CUST0383,C011,CAM003,2026-03-13,2168,PROD06
ORD00575,CUST0384,C002,CAM027,2026-04-29,2201,PROD29
ORD00576,CUST0384,C002,CAM027,2026-06-11,2796,PROD46
ORD00577,CUST0385,C006,CAM008,2026-03-18,5675,PROD23
ORD00578,CUST0386,C021,CAM025,2026-02-10,4439,PROD23
ORD00579,CUST0387,C011,CAM003,2026-03-15,1646,PROD04
ORD00580,CUST0387,C011,CAM003,2026-03-24,4684,PROD43
ORD00581,CUST0388,C007,CAM028,2026-03-18,1152,PROD48
ORD00582,CUST0389,C008,CAM033,2026-02-02,4394,PROD10
ORD00583,CUST0390,C018,CAM031,2026-03-01,2700,PROD29
ORD00584,CUST0391,C005,CAM021,2026-05-28,1370,PROD50
ORD00585,CUST0391,C005,CAM021,2026-07-13,4675,PROD24
ORD00586,CUST0392,C023,CAM005,2026-06-03,619,PROD03
ORD00587,CUST0393,C023,CAM010,2026-04-06,769,PROD24
ORD00588,CUST0394,C011,CAM001,2026-03-11,2331,PROD37
ORD00589,CUST0395,C018,CAM031,2026-02-26,788,PROD21
ORD00590,CUST0396,C011,CAM001,2026-03-05,2432,PROD08
ORD00591,CUST0396,C011,CAM001,2026-03-11,5370,PROD48
ORD00592,CUST0396,C011,CAM001,2026-03-27,9960,PROD32
ORD00593,CUST0397,C007,CAM036,2026-01-13,4586,PROD08
ORD00594,CUST0398,C010,CAM012,2026-02-12,1198,PROD29
ORD00595,CUST0399,C009,CAM034,2026-05-29,1194,PROD32
ORD00596,CUST0399,C009,CAM034,2026-06-15,2436,PROD08
ORD00597,CUST0399,C009,CAM034,2026-06-28,1642,PROD05
ORD00598,CUST0400,C013,CAM019,2026-05-13,1833,PROD29
ORD00599,CUST0401,C009,CAM035,2026-04-18,1642,PROD21
ORD00600,CUST0402,C021,CAM025,2026-02-20,2667,PROD36
ORD00601,CUST0403,C009,CAM030,2026-04-02,3152,PROD11
ORD00602,CUST0404,C005,CAM021,2026-06-15,11317,PROD41
ORD00603,CUST0405,C009,CAM030,2026-04-03,3780,PROD08
ORD00604,CUST0406,C005,CAM022,2026-06-03,9158,PROD32
ORD00605,CUST0406,C005,CAM022,2026-06-09,4063,PROD24
ORD00606,CUST0406,C005,CAM022,2026-07-19,4522,PROD37
ORD00607,CUST0406,C005,CAM022,2026-08-16,1015,PROD30
ORD00608,CUST0406,C005,CAM022,2026-10-11,2769,PROD36
ORD00609,CUST0407,C007,CAM036,2026-01-20,2890,PROD05
ORD00610,CUST0408,C017,CAM029,2026-02-11,301,PROD47
ORD00611,CUST0409,C010,CAM012,2026-02-04,677,PROD27
ORD00612,CUST0410,C002,CAM027,2026-04-26,7826,PROD21
ORD00613,CUST0410,C002,CAM027,2026-06-11,1530,PROD05
ORD00614,CUST0411,C009,CAM035,2026-04-13,1066,PROD23
ORD00615,CUST0412,C021,CAM025,2026-03-07,4542,PROD41
ORD00616,CUST0413,C018,CAM039,2026-01-23,2940,PROD09
ORD00617,CUST0414,C002,CAM002,2026-04-16,4044,PROD04
ORD00618,CUST0415,C018,CAM018,2026-05-29,6549,PROD20
ORD00619,CUST0416,C007,CAM036,2026-01-06,2027,PROD46
ORD00620,CUST0417,C012,CAM024,2026-05-12,11396,PROD34
ORD00621,CUST0418,C007,CAM028,2026-03-08,6634,PROD41
ORD00622,CUST0419,C002,CAM002,2026-04-12,7415,PROD20
ORD00623,CUST0419,C002,CAM002,2026-05-26,2184,PROD35
ORD00624,CUST0419,C002,CAM002,2026-06-05,848,PROD33
ORD00625,CUST0420,C018,CAM039,2026-01-23,4014,PROD38
ORD00626,CUST0421,C018,CAM004,2026-05-20,1722,PROD47
ORD00627,CUST0422,C009,CAM034,2026-05-20,514,PROD37
ORD00628,CUST0423,C005,CAM022,2026-05-30,9501,PROD42
ORD00629,CUST0423,C005,CAM022,2026-07-23,2578,PROD37
ORD00630,CUST0424,C009,CAM034,2026-05-30,6887,PROD37
ORD00631,CUST0424,C009,CAM034,2026-06-30,6547,PROD40
ORD00632,CUST0424,C009,CAM034,2026-08-14,7675,PROD02
ORD00633,CUST0425,C005,CAM022,2026-06-19,5272,PROD42
ORD00634,CUST0426,C004,CAM020,2026-02-21,2815,PROD44
ORD00635,CUST0426,C004,CAM020,2026-03-23,1416,PROD20
ORD00636,CUST0427,C021,CAM025,2026-02-11,1385,PROD11
ORD00637,CUST0428,C018,CAM018,2026-06-08,2023,PROD14
ORD00638,CUST0429,C005,CAM021,2026-06-12,4982,PROD46
ORD00639,CUST0429,C005,CAM021,2026-07-07,6985,PROD47
ORD00640,CUST0429,C005,CAM021,2026-09-05,2600,PROD23
ORD00641,CUST0430,C018,CAM004,2026-05-20,1406,PROD33
ORD00642,CUST0431,C010,CAM012,2026-01-22,14909,PROD30
ORD00643,CUST0432,C004,CAM040,2026-01-26,10513,PROD10
ORD00644,CUST0433,C018,CAM039,2026-01-21,4826,PROD25
ORD00645,CUST0434,C002,CAM027,2026-04-27,6518,PROD11
ORD00646,CUST0435,C007,CAM028,2026-03-16,1367,PROD47
ORD00647,CUST0436,C009,CAM030,2026-04-01,2783,PROD32
ORD00648,CUST0437,C007,CAM028,2026-03-20,2378,PROD20
ORD00649,CUST0438,C010,CAM038,2026-03-03,6839,PROD26
ORD00650,CUST0438,C010,CAM038,2026-04-09,5925,PROD30
ORD00651,CUST0439,C010,CAM038,2026-03-06,6294,PROD04
ORD00652,CUST0440,C007,CAM028,2026-03-15,2630,PROD42
ORD00653,CUST0441,C012,CAM024,2026-05-14,3878,PROD01
ORD00654,CUST0442,C014,CAM014,2026-05-02,6867,PROD17
ORD00655,CUST0443,C018,CAM016,2026-01-20,3898,PROD24
ORD00656,CUST0444,C008,CAM033,2026-02-09,3992,PROD36
ORD00657,CUST0444,C008,CAM033,2026-02-26,2137,PROD24
ORD00658,CUST0445,C023,CAM010,2026-04-08,6239,PROD33
ORD00659,CUST0445,C023,CAM010,2026-05-11,1715,PROD49
ORD00660,CUST0445,C023,CAM010,2026-06-20,2161,PROD18
ORD00661,CUST0446,C018,CAM039,2026-01-30,1674,PROD08
ORD00662,CUST0447,C002,CAM027,2026-04-11,8339,PROD22
ORD00663,CUST0448,C013,CAM019,2026-05-19,2385,PROD13
ORD00664,CUST0449,C011,CAM003,2026-03-17,5391,PROD03
ORD00665,CUST0450,C009,CAM030,2026-03-29,3768,PROD22
ORD00666,CUST0450,C009,CAM030,2026-05-24,1653,PROD31
ORD00667,CUST0450,C009,CAM030,2026-07-01,3186,PROD30
ORD00668,CUST0451,C003,CAM011,2026-03-14,4596,PROD09
ORD00669,CUST0452,C005,CAM021,2026-06-12,6738,PROD26
ORD00670,CUST0452,C005,CAM021,2026-07-26,6019,PROD48
ORD00671,CUST0453,C011,CAM009,2026-04-17,1508,PROD33
ORD00672,CUST0454,C013,CAM023,2026-04-11,838,PROD46
ORD00673,CUST0455,C009,CAM035,2026-04-10,1495,PROD02
ORD00674,CUST0456,C021,CAM025,2026-02-19,4131,PROD27
ORD00675,CUST0457,C017,CAM029,2026-02-08,2494,PROD47
ORD00676,CUST0458,C013,CAM032,2026-03-31,2853,PROD39
ORD00677,CUST0459,C013,CAM006,2026-04-11,5823,PROD50
ORD00678,CUST0460,C011,CAM001,2026-03-04,5574,PROD38
ORD00679,CUST0461,C018,CAM031,2026-02-15,934,PROD47
ORD00680,CUST0462,C023,CAM005,2026-06-03,10246,PROD44
ORD00681,CUST0462,C023,CAM005,2026-06-23,8665,PROD03
ORD00682,CUST0463,C020,CAM026,2026-05-11,5695,PROD02
ORD00683,CUST0463,C020,CAM026,2026-06-13,5450,PROD21
ORD00684,CUST0463,C020,CAM026,2026-07-14,234,PROD10
ORD00685,CUST0464,C007,CAM036,2026-01-23,3608,PROD33
ORD00686,CUST0465,C005,CAM021,2026-06-12,4200,PROD48
ORD00687,CUST0466,C023,CAM005,2026-05-23,2953,PROD34
ORD00688,CUST0467,C010,CAM038,2026-03-11,762,PROD43
ORD00689,CUST0468,C011,CAM003,2026-03-17,2110,PROD12
ORD00690,CUST0469,C011,CAM003,2026-03-17,1919,PROD23
ORD00691,CUST0470,C010,CAM012,2026-02-12,1733,PROD44
ORD00692,CUST0471,C013,CAM019,2026-05-16,1628,PROD13
ORD00693,CUST0472,C009,CAM030,2026-04-02,3384,PROD15
ORD00694,CUST0473,C010,CAM012,2026-02-12,3001,PROD14
ORD00695,CUST0474,C005,CAM021,2026-06-15,3191,PROD31
ORD00696,CUST0475,C011,CAM003,2026-03-17,2859,PROD47
ORD00697,CUST0476,C002,CAM002,2026-04-12,2931,PROD44
ORD00698,CUST0476,C002,CAM002,2026-05-21,3995,PROD25
ORD00699,CUST0476,C002,CAM002,2026-06-20,10375,PROD23
ORD00700,CUST0476,C002,CAM002,2026-08-13,4172,PROD10
ORD00701,CUST0477,C004,CAM020,2026-02-07,1714,PROD46
ORD00702,CUST0477,C004,CAM020,2026-02-17,1956,PROD23
ORD00703,CUST0478,C013,CAM019,2026-05-16,4068,PROD14
ORD00704,CUST0479,C007,CAM028,2026-03-23,5264,PROD36
ORD00705,CUST0480,C018,CAM018,2026-06-03,7531,PROD40
ORD00706,CUST0480,C018,CAM018,2026-07-25,7036,PROD38
ORD00707,CUST0480,C018,CAM018,2026-08-14,1575,PROD16
ORD00708,CUST0481,C009,CAM034,2026-05-31,2872,PROD15
ORD00709,CUST0482,C002,CAM027,2026-04-15,936,PROD27
ORD00710,CUST0482,C002,CAM027,2026-05-11,7172,PROD46
ORD00711,CUST0482,C002,CAM027,2026-06-15,2068,PROD07
ORD00712,CUST0483,C007,CAM036,2026-01-25,4959,PROD36
ORD00713,CUST0483,C007,CAM036,2026-02-09,4379,PROD27
ORD00714,CUST0484,C018,CAM017,2026-04-28,3363,PROD13
ORD00715,CUST0485,C018,CAM016,2026-01-19,3616,PROD42
ORD00716,CUST0486,C017,CAM029,2026-02-23,206,PROD37
ORD00717,CUST0486,C017,CAM029,2026-03-14,3105,PROD35
ORD00718,CUST0486,C017,CAM029,2026-05-05,1760,PROD47
ORD00719,CUST0487,C009,CAM034,2026-05-11,6355,PROD12
ORD00720,CUST0488,C011,CAM001,2026-03-02,3836,PROD03
ORD00721,CUST0489,C018,CAM017,2026-04-25,200,PROD12
ORD00722,CUST0490,C012,CAM024,2026-05-11,1971,PROD01
ORD00723,CUST0491,C009,CAM030,2026-04-07,9193,PROD22
ORD00724,CUST0492,C011,CAM015,2026-05-30,1869,PROD35
ORD00725,CUST0493,C013,CAM006,2026-04-18,2207,PROD09
ORD00726,CUST0494,C002,CAM027,2026-04-24,3381,PROD13
ORD00727,CUST0495,C004,CAM040,2026-01-21,1727,PROD47
ORD00728,CUST0496,C006,CAM008,2026-03-20,1349,PROD01
ORD00729,CUST0497,C005,CAM021,2026-06-03,9201,PROD37
ORD00730,CUST0498,C011,CAM015,2026-06-04,1074,PROD40
ORD00731,CUST0498,C011,CAM015,2026-08-02,5168,PROD41
ORD00732,CUST0499,C005,CAM022,2026-06-12,4111,PROD06
ORD00733,CUST0500,C009,CAM035,2026-04-16,1750,PROD09
ORD00734,CUST0500,C009,CAM035,2026-05-21,3597,PROD21
ORD00735,CUST0500,C009,CAM035,2026-06-10,4068,PROD01
ORD00736,CUST0501,C009,CAM035,2026-04-12,8137,PROD49
ORD00737,CUST0501,C009,CAM035,2026-05-04,2279,PROD22
ORD00738,CUST0502,C005,CAM021,2026-06-11,3517,PROD01
ORD00739,CUST0503,C018,CAM018,2026-06-15,5956,PROD16
ORD00740,CUST0504,C021,CAM025,2026-03-02,7607,PROD20
ORD00741,CUST0504,C021,CAM025,2026-03-17,4426,PROD26
ORD00742,CUST0504,C021,CAM025,2026-05-04,408,PROD33
ORD00743,CUST0505,C007,CAM028,2026-03-30,4669,PROD08
ORD00744,CUST0506,C011,CAM003,2026-03-13,7717,PROD15
ORD00745,CUST0507,C013,CAM032,2026-03-13,4101,PROD30
ORD00746,CUST0508,C013,CAM006,2026-04-22,489,PROD45
ORD00747,CUST0509,C002,CAM002,2026-04-15,7946,PROD43
ORD00748,CUST0510,C018,CAM039,2026-01-24,4814,PROD44
ORD00749,CUST0511,C018,CAM031,2026-03-01,4307,PROD06
ORD00750,CUST0512,C010,CAM012,2026-02-02,1349,PROD24
ORD00751,CUST0513,C018,CAM016,2026-01-29,4391,PROD04
ORD00752,CUST0514,C011,CAM003,2026-03-17,972,PROD13
ORD00753,CUST0515,C005,CAM021,2026-06-10,7972,PROD21
ORD00754,CUST0515,C005,CAM021,2026-08-08,1494,PROD34
ORD00755,CUST0516,C018,CAM017,2026-04-16,1837,PROD46
ORD00756,CUST0517,C021,CAM025,2026-02-24,6727,PROD33
ORD00757,CUST0517,C021,CAM025,2026-03-29,5939,PROD04
ORD00758,CUST0517,C021,CAM025,2026-05-02,5481,PROD09
ORD00759,CUST0518,C018,CAM039,2026-01-27,7129,PROD04
ORD00760,CUST0519,C002,CAM027,2026-04-22,6505,PROD20
ORD00761,CUST0520,C018,CAM031,2026-02-10,897,PROD01
ORD00762,CUST0521,C018,CAM031,2026-02-16,9254,PROD03
ORD00763,CUST0522,C002,CAM002,2026-04-13,1602,PROD35
ORD00764,CUST0523,C010,CAM038,2026-03-04,3356,PROD31
ORD00765,CUST0524,C014,CAM014,2026-05-08,10240,PROD50
ORD00766,CUST0525,C006,CAM008,2026-03-22,1226,PROD25
ORD00767,CUST0526,C018,CAM017,2026-04-25,3412,PROD44
ORD00768,CUST0527,C005,CAM022,2026-06-16,1402,PROD23
ORD00769,CUST0527,C005,CAM022,2026-06-28,4051,PROD12
ORD00770,CUST0528,C010,CAM038,2026-03-09,7412,PROD47
ORD00771,CUST0529,C002,CAM002,2026-04-08,3458,PROD20
ORD00772,CUST0530,C007,CAM037,2026-01-15,7768,PROD28
ORD00773,CUST0531,C012,CAM024,2026-05-13,4015,PROD16
ORD00774,CUST0532,C013,CAM023,2026-04-08,3135,PROD13
ORD00775,CUST0532,C013,CAM023,2026-05-29,3964,PROD49
ORD00776,CUST0533,C006,CAM008,2026-03-16,2859,PROD27
ORD00777,CUST0534,C020,CAM026,2026-05-13,903,PROD02
ORD00778,CUST0535,C021,CAM025,2026-02-15,7144,PROD39
ORD00779,CUST0535,C021,CAM025,2026-02-22,5615,PROD29
ORD00780,CUST0536,C023,CAM010,2026-04-14,8509,PROD04
ORD00781,CUST0537,C014,CAM014,2026-04-30,3840,PROD15
ORD00782,CUST0538,C002,CAM002,2026-04-11,2765,PROD50
ORD00783,CUST0539,C011,CAM015,2026-05-25,2457,PROD19
ORD00784,CUST0540,C004,CAM020,2026-02-16,3760,PROD50
ORD00785,CUST0541,C014,CAM014,2026-05-09,2411,PROD10
ORD00786,CUST0542,C024,CAM013,2026-06-02,3297,PROD20
ORD00787,CUST0542,C024,CAM013,2026-06-24,7801,PROD04
ORD00788,CUST0543,C018,CAM018,2026-06-13,10462,PROD12
ORD00789,CUST0544,C009,CAM035,2026-04-16,1945,PROD32
ORD00790,CUST0545,C018,CAM016,2026-01-20,2847,PROD43
ORD00791,CUST0546,C021,CAM025,2026-03-06,3062,PROD45
ORD00792,CUST0547,C009,CAM035,2026-04-12,3096,PROD25
ORD00793,CUST0547,C009,CAM035,2026-04-28,5865,PROD49
ORD00794,CUST0547,C009,CAM035,2026-06-06,4702,PROD31
ORD00795,CUST0548,C018,CAM031,2026-02-17,6589,PROD46
ORD00796,CUST0548,C018,CAM031,2026-03-03,4891,PROD30
ORD00797,CUST0549,C011,CAM015,2026-05-31,4239,PROD27
ORD00798,CUST0550,C002,CAM027,2026-04-24,5237,PROD16
ORD00799,CUST0550,C002,CAM027,2026-05-15,1880,PROD14
ORD00800,CUST0551,C004,CAM040,2026-02-07,9662,PROD29
ORD00801,CUST0551,C004,CAM040,2026-04-07,6086,PROD24
ORD00802,CUST0551,C004,CAM040,2026-04-17,603,PROD35
ORD00803,CUST0551,C004,CAM040,2026-06-07,8017,PROD13
ORD00804,CUST0551,C004,CAM040,2026-06-15,8040,PROD18
ORD00805,CUST0552,C002,CAM027,2026-04-29,661,PROD03
ORD00806,CUST0553,C020,CAM026,2026-04-21,3667,PROD49
ORD00807,CUST0553,C020,CAM026,2026-06-02,832,PROD47
ORD00808,CUST0554,C004,CAM040,2026-02-04,4913,PROD14
ORD00809,CUST0554,C004,CAM040,2026-04-05,6899,PROD22
ORD00810,CUST0554,C004,CAM040,2026-04-29,5386,PROD01
ORD00811,CUST0554,C004,CAM040,2026-05-17,2965,PROD13
ORD00812,CUST0555,C013,CAM023,2026-04-04,5593,PROD49
ORD00813,CUST0556,C011,CAM015,2026-06-06,7641,PROD39
ORD00814,CUST0556,C011,CAM015,2026-07-26,886,PROD14
ORD00815,CUST0557,C008,CAM033,2026-02-04,7175,PROD50
ORD00816,CUST0558,C007,CAM037,2026-01-11,4705,PROD42
ORD00817,CUST0559,C004,CAM040,2026-01-27,2061,PROD33
ORD00818,CUST0559,C004,CAM040,2026-03-04,6107,PROD30
ORD00819,CUST0560,C018,CAM004,2026-05-25,4600,PROD21
ORD00820,CUST0561,C006,CAM008,2026-03-21,2384,PROD03
ORD00821,CUST0561,C006,CAM008,2026-05-01,738,PROD15
ORD00822,CUST0562,C010,CAM038,2026-03-05,10068,PROD36
ORD00823,CUST0562,C010,CAM038,2026-04-16,5580,PROD38
ORD00824,CUST0563,C007,CAM028,2026-03-19,8891,PROD13
ORD00825,CUST0564,C005,CAM022,2026-06-06,6084,PROD16
ORD00826,CUST0565,C010,CAM038,2026-03-11,2701,PROD44
ORD00827,CUST0566,C004,CAM020,2026-02-14,5572,PROD32
ORD00828,CUST0567,C018,CAM018,2026-06-15,3970,PROD30
ORD00829,CUST0568,C010,CAM038,2026-03-08,4332,PROD47
ORD00830,CUST0568,C010,CAM038,2026-04-16,1488,PROD32
ORD00831,CUST0569,C023,CAM010,2026-04-12,1639,PROD04
ORD00832,CUST0570,C004,CAM040,2026-01-19,2809,PROD05
ORD00833,CUST0571,C006,CAM008,2026-03-16,4968,PROD27
ORD00834,CUST0572,C012,CAM024,2026-05-10,1542,PROD10
ORD00835,CUST0572,C012,CAM024,2026-05-15,3997,PROD14
ORD00836,CUST0573,C007,CAM037,2026-01-12,2910,PROD40
ORD00837,CUST0574,C010,CAM038,2026-03-10,5884,PROD02
ORD00838,CUST0575,C018,CAM031,2026-02-27,570,PROD01
ORD00839,CUST0576,C018,CAM016,2026-01-23,4203,PROD35
ORD00840,CUST0577,C011,CAM009,2026-04-08,1485,PROD45
ORD00841,CUST0578,C020,CAM026,2026-05-02,7443,PROD12
ORD00842,CUST0579,C018,CAM039,2026-01-22,7480,PROD16
ORD00843,CUST0580,C009,CAM035,2026-04-15,4326,PROD23
ORD00844,CUST0581,C004,CAM040,2026-01-30,5098,PROD26
ORD00845,CUST0581,C004,CAM040,2026-03-05,4940,PROD37
ORD00846,CUST0582,C013,CAM006,2026-04-25,955,PROD44
ORD00847,CUST0583,C011,CAM015,2026-06-05,3113,PROD42
ORD00848,CUST0583,C011,CAM015,2026-07-28,6242,PROD03
ORD00849,CUST0583,C011,CAM015,2026-08-07,2554,PROD26
ORD00850,CUST0584,C014,CAM014,2026-05-11,1582,PROD04
ORD00851,CUST0585,C005,CAM022,2026-05-30,2841,PROD06
ORD00852,CUST0586,C021,CAM025,2026-03-08,2150,PROD22
ORD00853,CUST0587,C023,CAM005,2026-05-25,4112,PROD03
ORD00854,CUST0588,C018,CAM017,2026-04-19,5602,PROD45
ORD00855,CUST0589,C010,CAM038,2026-03-10,2175,PROD05
ORD00856,CUST0590,C009,CAM034,2026-05-18,7069,PROD37
ORD00857,CUST0591,C008,CAM007,2026-01-18,2947,PROD21
ORD00858,CUST0591,C008,CAM007,2026-01-24,1207,PROD14
ORD00859,CUST0592,C013,CAM032,2026-03-13,2316,PROD46
ORD00860,CUST0593,C018,CAM018,2026-06-07,12050,PROD20
ORD00861,CUST0594,C018,CAM004,2026-05-27,822,PROD25
ORD00862,CUST0594,C018,CAM004,2026-07-14,5773,PROD35
ORD00863,CUST0595,C023,CAM010,2026-04-10,4352,PROD09
ORD00864,CUST0596,C011,CAM015,2026-06-03,496,PROD33
ORD00865,CUST0597,C008,CAM033,2026-02-08,4365,PROD28
ORD00866,CUST0597,C008,CAM033,2026-02-27,6819,PROD05
ORD00867,CUST0598,C004,CAM020,2026-02-18,5841,PROD21
ORD00868,CUST0599,C023,CAM010,2026-04-14,5229,PROD29
ORD00869,CUST0599,C023,CAM010,2026-05-20,4987,PROD15
ORD00870,CUST0599,C023,CAM010,2026-06-16,2676,PROD36
ORD00871,CUST0600,C013,CAM023,2026-04-09,2836,PROD38
ORD00872,CUST0601,C018,CAM018,2026-06-07,1696,PROD40
ORD00873,CUST0601,C018,CAM018,2026-06-30,5615,PROD16
ORD00874,CUST0601,C018,CAM018,2026-08-19,3844,PROD05
ORD00875,CUST0601,C018,CAM018,2026-08-29,3708,PROD18
ORD00876,CUST0602,C003,CAM011,2026-03-07,1373,PROD41
ORD00877,CUST0603,C009,CAM034,2026-06-02,1999,PROD24
ORD00878,CUST0604,C018,CAM039,2026-01-22,3136,PROD20
ORD00879,CUST0604,C018,CAM039,2026-02-24,13371,PROD24
ORD00880,CUST0605,C013,CAM019,2026-05-16,3455,PROD06
ORD00881,CUST0605,C013,CAM019,2026-06-01,6284,PROD28
ORD00882,CUST0606,C017,CAM029,2026-02-16,15000,PROD27
ORD00883,CUST0607,C013,CAM006,2026-04-03,7628,PROD36
ORD00884,CUST0607,C013,CAM006,2026-04-13,1751,PROD39
ORD00885,CUST0608,C011,CAM009,2026-04-18,5785,PROD01
ORD00886,CUST0609,C010,CAM038,2026-03-09,4145,PROD06
ORD00887,CUST0610,C010,CAM012,2026-02-05,15000,PROD16
ORD00888,CUST0611,C013,CAM032,2026-03-25,8180,PROD25
ORD00889,CUST0611,C013,CAM032,2026-04-09,735,PROD09
ORD00890,CUST0611,C013,CAM032,2026-05-01,2592,PROD20
ORD00891,CUST0611,C013,CAM032,2026-05-23,10950,PROD32
ORD00892,CUST0612,C021,CAM025,2026-02-11,704,PROD18
ORD00893,CUST0612,C021,CAM025,2026-03-14,9458,PROD20
ORD00894,CUST0613,C007,CAM036,2026-01-26,3121,PROD17
ORD00895,CUST0613,C007,CAM036,2026-02-15,3019,PROD47
ORD00896,CUST0613,C007,CAM036,2026-04-01,1754,PROD32
ORD00897,CUST0614,C011,CAM009,2026-04-14,5384,PROD09
ORD00898,CUST0615,C013,CAM032,2026-03-09,5668,PROD22
ORD00899,CUST0616,C002,CAM027,2026-04-27,2506,PROD22
ORD00900,CUST0617,C011,CAM015,2026-05-28,4575,PROD42
ORD00901,CUST0618,C021,CAM025,2026-02-13,1492,PROD39
ORD00902,CUST0618,C021,CAM025,2026-04-03,1554,PROD13
ORD00903,CUST0619,C007,CAM036,2026-01-11,8446,PROD26
ORD00904,CUST0620,C013,CAM023,2026-04-07,3208,PROD41
ORD00905,CUST0621,C008,CAM007,2026-01-21,4398,PROD18
ORD00906,CUST0622,C024,CAM013,2026-06-11,2119,PROD08
ORD00907,CUST0623,C008,CAM033,2026-02-03,200,PROD35
ORD00908,CUST0624,C002,CAM027,2026-04-29,5982,PROD02
ORD00909,CUST0625,C003,CAM011,2026-03-09,4291,PROD14
ORD00910,CUST0626,C005,CAM021,2026-06-02,4864,PROD05
ORD00911,CUST0627,C011,CAM009,2026-04-21,11375,PROD09
ORD00912,CUST0628,C007,CAM036,2026-01-10,1196,PROD43
ORD00913,CUST0629,C021,CAM025,2026-03-03,6446,PROD25
ORD00914,CUST0630,C007,CAM028,2026-03-20,3726,PROD31
ORD00915,CUST0631,C011,CAM001,2026-03-09,4259,PROD45
ORD00916,CUST0632,C004,CAM040,2026-02-04,4722,PROD24
ORD00917,CUST0632,C004,CAM040,2026-03-25,9859,PROD35
ORD00918,CUST0632,C004,CAM040,2026-05-07,2866,PROD41
ORD00919,CUST0633,C004,CAM040,2026-01-21,2310,PROD43
ORD00920,CUST0634,C023,CAM010,2026-04-09,778,PROD40
ORD00921,CUST0634,C023,CAM010,2026-04-16,3877,PROD37
ORD00922,CUST0634,C023,CAM010,2026-06-01,8680,PROD44
ORD00923,CUST0634,C023,CAM010,2026-07-17,12623,PROD26
ORD00924,CUST0634,C023,CAM010,2026-09-08,2282,PROD22
ORD00925,CUST0635,C007,CAM028,2026-03-19,6172,PROD07
ORD00926,CUST0635,C007,CAM028,2026-04-09,1792,PROD15
ORD00927,CUST0636,C013,CAM032,2026-04-01,3671,PROD38
ORD00928,CUST0637,C020,CAM026,2026-05-07,3324,PROD24
ORD00929,CUST0637,C020,CAM026,2026-06-06,1910,PROD30
ORD00930,CUST0637,C020,CAM026,2026-07-30,7953,PROD44
ORD00931,CUST0638,C008,CAM007,2026-01-26,2607,PROD02
ORD00932,CUST0638,C008,CAM007,2026-03-02,1563,PROD07
ORD00933,CUST0639,C018,CAM016,2026-01-21,2215,PROD06
ORD00934,CUST0640,C003,CAM011,2026-03-21,1882,PROD10
ORD00935,CUST0641,C004,CAM020,2026-02-15,2145,PROD14
ORD00936,CUST0642,C013,CAM023,2026-04-10,1115,PROD07
ORD00937,CUST0643,C010,CAM038,2026-03-10,1382,PROD20
ORD00938,CUST0644,C011,CAM003,2026-03-10,986,PROD22
ORD00939,CUST0644,C011,CAM003,2026-04-25,1416,PROD07
ORD00940,CUST0644,C011,CAM003,2026-06-12,8953,PROD11
ORD00941,CUST0645,C004,CAM040,2026-01-25,4064,PROD36
ORD00942,CUST0646,C010,CAM038,2026-03-08,1767,PROD30
ORD00943,CUST0647,C018,CAM017,2026-04-25,3008,PROD12
ORD00944,CUST0648,C018,CAM031,2026-03-03,4147,PROD02
ORD00945,CUST0649,C007,CAM028,2026-03-25,1973,PROD29
ORD00946,CUST0650,C011,CAM009,2026-04-21,2653,PROD46
ORD00947,CUST0651,C003,CAM011,2026-03-01,8639,PROD46
ORD00948,CUST0652,C004,CAM020,2026-02-08,7813,PROD35
ORD00949,CUST0653,C024,CAM013,2026-05-28,3414,PROD30
ORD00950,CUST0654,C002,CAM027,2026-04-16,3500,PROD32
ORD00951,CUST0655,C005,CAM021,2026-06-13,2627,PROD25
ORD00952,CUST0655,C005,CAM021,2026-07-27,5185,PROD26
ORD00953,CUST0655,C005,CAM021,2026-09-07,2175,PROD08
ORD00954,CUST0655,C005,CAM021,2026-10-04,8141,PROD23
ORD00955,CUST0656,C009,CAM030,2026-04-05,3198,PROD44
ORD00956,CUST0657,C010,CAM012,2026-02-13,2350,PROD40
ORD00957,CUST0658,C010,CAM038,2026-03-04,2209,PROD21
ORD00958,CUST0659,C009,CAM035,2026-04-09,3441,PROD12
ORD00959,CUST0659,C009,CAM035,2026-05-07,7551,PROD45
ORD00960,CUST0660,C011,CAM015,2026-05-31,5798,PROD39
ORD00961,CUST0661,C002,CAM002,2026-04-17,4486,PROD12
ORD00962,CUST0662,C013,CAM019,2026-05-25,6239,PROD42
ORD00963,CUST0663,C010,CAM012,2026-02-05,4040,PROD19
ORD00964,CUST0663,C010,CAM012,2026-02-18,5079,PROD12
ORD00965,CUST0663,C010,CAM012,2026-03-15,3013,PROD29
ORD00966,CUST0664,C013,CAM006,2026-04-04,1728,PROD01
ORD00967,CUST0665,C009,CAM035,2026-04-08,10067,PROD25
ORD00968,CUST0665,C009,CAM035,2026-05-18,5282,PROD33
ORD00969,CUST0665,C009,CAM035,2026-07-03,289,PROD32
ORD00970,CUST0666,C011,CAM003,2026-03-16,5839,PROD29
ORD00971,CUST0667,C006,CAM008,2026-03-18,4396,PROD02
ORD00972,CUST0667,C006,CAM008,2026-05-12,5339,PROD49
ORD00973,CUST0667,C006,CAM008,2026-05-31,2362,PROD19
ORD00974,CUST0667,C006,CAM008,2026-06-07,8928,PROD18
ORD00975,CUST0668,C018,CAM039,2026-01-29,5715,PROD50
ORD00976,CUST0669,C024,CAM013,2026-06-04,2895,PROD50
ORD00977,CUST0670,C004,CAM020,2026-02-09,5909,PROD18
ORD00978,CUST0671,C008,CAM007,2026-01-26,9677,PROD24
ORD00979,CUST0672,C009,CAM034,2026-06-05,2935,PROD49
ORD00980,CUST0673,C004,CAM040,2026-02-01,4322,PROD28
ORD00981,CUST0674,C013,CAM019,2026-05-15,5213,PROD03
ORD00982,CUST0675,C009,CAM030,2026-04-02,1659,PROD06
ORD00983,CUST0676,C010,CAM012,2026-01-22,501,PROD16
ORD00984,CUST0677,C010,CAM012,2026-02-13,2024,PROD45
ORD00985,CUST0678,C009,CAM034,2026-06-01,4438,PROD28
ORD00986,CUST0679,C023,CAM005,2026-05-26,6630,PROD14
ORD00987,CUST0680,C009,CAM030,2026-03-29,1950,PROD35
ORD00988,CUST0681,C018,CAM017,2026-04-18,7984,PROD46
ORD00989,CUST0682,C021,CAM025,2026-02-18,756,PROD33
ORD00990,CUST0683,C009,CAM034,2026-06-05,2490,PROD49
ORD00991,CUST0683,C009,CAM034,2026-07-30,1037,PROD27
ORD00992,CUST0684,C013,CAM019,2026-05-16,6305,PROD09
ORD00993,CUST0685,C009,CAM030,2026-03-31,4125,PROD46
ORD00994,CUST0685,C009,CAM030,2026-04-25,4235,PROD16
ORD00995,CUST0686,C018,CAM016,2026-01-28,6210,PROD32
ORD00996,CUST0687,C010,CAM012,2026-02-06,6209,PROD41
ORD00997,CUST0688,C013,CAM019,2026-05-20,3999,PROD41
ORD00998,CUST0689,C013,CAM019,2026-05-10,12697,PROD48
ORD00999,CUST0690,C023,CAM005,2026-06-02,1885,PROD32
ORD01000,CUST0690,C023,CAM005,2026-06-27,6286,PROD38
ORD01001,CUST0690,C023,CAM005,2026-07-02,11504,PROD50
ORD01002,CUST0691,C004,CAM020,2026-02-08,3837,PROD30
ORD01003,CUST0692,C017,CAM029,2026-02-20,3057,PROD05
ORD01004,CUST0693,C013,CAM019,2026-05-25,3221,PROD28
ORD01005,CUST0694,C018,CAM016,2026-01-18,1774,PROD21
ORD01006,CUST0695,C018,CAM004,2026-05-22,3883,PROD37
ORD01007,CUST0696,C007,CAM037,2026-01-14,2595,PROD22
ORD01008,CUST0697,C007,CAM037,2026-01-05,1399,PROD41
ORD01009,CUST0697,C007,CAM037,2026-03-01,2547,PROD30
ORD01010,CUST0698,C002,CAM002,2026-04-09,8538,PROD11
ORD01011,CUST0699,C018,CAM004,2026-05-25,1063,PROD28
ORD01012,CUST0699,C018,CAM004,2026-06-11,6904,PROD45
ORD01013,CUST0700,C013,CAM006,2026-04-23,3515,PROD18
ORD01014,CUST0701,C011,CAM001,2026-03-08,1665,PROD24
ORD01015,CUST0701,C011,CAM001,2026-04-24,3516,PROD42
ORD01016,CUST0702,C013,CAM023,2026-04-03,4193,PROD20
ORD01017,CUST0703,C008,CAM033,2026-02-19,2285,PROD28
ORD01018,CUST0704,C013,CAM019,2026-05-10,2993,PROD01
ORD01019,CUST0705,C012,CAM024,2026-05-14,534,PROD38
ORD01020,CUST0705,C012,CAM024,2026-06-02,9464,PROD34
ORD01021,CUST0706,C013,CAM006,2026-04-17,4480,PROD45
ORD01022,CUST0706,C013,CAM006,2026-05-13,919,PROD08
ORD01023,CUST0706,C013,CAM006,2026-07-12,4907,PROD28
ORD01024,CUST0707,C012,CAM024,2026-05-09,502,PROD15
ORD01025,CUST0708,C014,CAM014,2026-05-01,837,PROD07
ORD01026,CUST0709,C002,CAM027,2026-04-18,3724,PROD20
ORD01027,CUST0710,C006,CAM008,2026-03-22,957,PROD49
ORD01028,CUST0711,C013,CAM006,2026-04-07,794,PROD44
ORD01029,CUST0712,C013,CAM019,2026-05-10,2498,PROD01
ORD01030,CUST0713,C010,CAM038,2026-03-05,792,PROD47
ORD01031,CUST0714,C006,CAM008,2026-03-18,4754,PROD40
ORD01032,CUST0715,C024,CAM013,2026-05-31,2853,PROD06
ORD01033,CUST0716,C007,CAM028,2026-03-10,4257,PROD38
ORD01034,CUST0717,C023,CAM010,2026-04-10,433,PROD28
ORD01035,CUST0717,C023,CAM010,2026-05-05,3420,PROD09
ORD01036,CUST0718,C023,CAM010,2026-04-08,4419,PROD16
ORD01037,CUST0719,C013,CAM006,2026-04-22,1225,PROD39
ORD01038,CUST0720,C002,CAM002,2026-04-08,3827,PROD43
ORD01039,CUST0721,C020,CAM026,2026-04-25,5764,PROD33
ORD01040,CUST0722,C017,CAM029,2026-02-22,1245,PROD42
ORD01041,CUST0722,C017,CAM029,2026-03-02,1282,PROD16
ORD01042,CUST0722,C017,CAM029,2026-04-07,3587,PROD25
ORD01043,CUST0722,C017,CAM029,2026-04-19,1923,PROD16
ORD01044,CUST0722,C017,CAM029,2026-05-25,2900,PROD41
ORD01045,CUST0723,C009,CAM035,2026-04-07,4254,PROD01
ORD01046,CUST0724,C018,CAM039,2026-01-26,4289,PROD37
ORD01047,CUST0724,C018,CAM039,2026-02-26,6348,PROD24
ORD01048,CUST0724,C018,CAM039,2026-04-06,7236,PROD44
ORD01049,CUST0725,C002,CAM027,2026-05-02,1777,PROD50
ORD01050,CUST0726,C013,CAM019,2026-05-08,2099,PROD01
ORD01051,CUST0727,C017,CAM029,2026-02-05,393,PROD04
ORD01052,CUST0727,C017,CAM029,2026-04-01,1813,PROD26
ORD01053,CUST0728,C024,CAM013,2026-05-26,8021,PROD33
ORD01054,CUST0729,C009,CAM035,2026-04-12,2885,PROD26
ORD01055,CUST0730,C012,CAM024,2026-05-15,1889,PROD10
ORD01056,CUST0731,C017,CAM029,2026-02-01,4529,PROD33
ORD01057,CUST0731,C017,CAM029,2026-02-19,9050,PROD10
ORD01058,CUST0731,C017,CAM029,2026-03-30,8584,PROD21
ORD01059,CUST0731,C017,CAM029,2026-04-29,8262,PROD38
ORD01060,CUST0731,C017,CAM029,2026-06-13,1842,PROD49
ORD01061,CUST0732,C010,CAM012,2026-02-08,6352,PROD05
ORD01062,CUST0733,C008,CAM007,2026-01-24,6539,PROD16
ORD01063,CUST0734,C004,CAM020,2026-02-13,4536,PROD28
ORD01064,CUST0734,C004,CAM020,2026-02-25,6613,PROD30
ORD01065,CUST0734,C004,CAM020,2026-04-10,3672,PROD39
ORD01066,CUST0734,C004,CAM020,2026-04-18,4745,PROD20
ORD01067,CUST0735,C011,CAM001,2026-03-02,3064,PROD46
ORD01068,CUST0735,C011,CAM001,2026-03-15,4576,PROD45
ORD01069,CUST0735,C011,CAM001,2026-03-20,8424,PROD11
ORD01070,CUST0736,C014,CAM014,2026-05-10,7712,PROD47
ORD01071,CUST0737,C007,CAM037,2026-01-07,9617,PROD48
ORD01072,CUST0738,C023,CAM010,2026-04-08,3927,PROD08
ORD01073,CUST0739,C011,CAM015,2026-06-06,2929,PROD28
ORD01074,CUST0739,C011,CAM015,2026-06-28,1470,PROD34
ORD01075,CUST0739,C011,CAM015,2026-07-07,7195,PROD17
ORD01076,CUST0739,C011,CAM015,2026-08-26,1371,PROD37
ORD01077,CUST0740,C023,CAM005,2026-05-24,2979,PROD33
ORD01078,CUST0741,C024,CAM013,2026-05-18,2495,PROD37
ORD01079,CUST0742,C018,CAM039,2026-01-26,1740,PROD50
ORD01080,CUST0742,C018,CAM039,2026-02-06,949,PROD37
ORD01081,CUST0743,C011,CAM001,2026-02-28,1619,PROD33
ORD01082,CUST0743,C011,CAM001,2026-03-05,6306,PROD03
ORD01083,CUST0743,C011,CAM001,2026-05-03,4739,PROD01
ORD01084,CUST0743,C011,CAM001,2026-05-23,3700,PROD03
ORD01085,CUST0744,C018,CAM031,2026-02-21,4607,PROD10
ORD01086,CUST0745,C010,CAM038,2026-03-03,2065,PROD46
ORD01087,CUST0746,C018,CAM004,2026-05-28,13146,PROD21
ORD01088,CUST0747,C009,CAM034,2026-05-23,4987,PROD21
ORD01089,CUST0748,C005,CAM021,2026-05-26,3075,PROD08
ORD01090,CUST0749,C004,CAM020,2026-02-07,7583,PROD34
ORD01091,CUST0749,C004,CAM020,2026-02-14,1966,PROD26
ORD01092,CUST0749,C004,CAM020,2026-02-23,1765,PROD30
ORD01093,CUST0749,C004,CAM020,2026-04-24,3235,PROD19
ORD01094,CUST0749,C004,CAM020,2026-06-17,2329,PROD20
ORD01095,CUST0750,C006,CAM008,2026-03-17,3717,PROD01
ORD01096,CUST0751,C023,CAM010,2026-04-07,4001,PROD20
ORD01097,CUST0751,C023,CAM010,2026-05-29,508,PROD40
ORD01098,CUST0751,C023,CAM010,2026-06-18,370,PROD30
ORD01099,CUST0751,C023,CAM010,2026-07-16,2205,PROD38
ORD01100,CUST0752,C017,CAM029,2026-02-23,1874,PROD47
ORD01101,CUST0753,C018,CAM031,2026-02-17,1355,PROD27
ORD01102,CUST0753,C018,CAM031,2026-02-23,9372,PROD15
ORD01103,CUST0753,C018,CAM031,2026-04-03,2543,PROD23
ORD01104,CUST0754,C024,CAM013,2026-06-12,4112,PROD01
ORD01105,CUST0755,C007,CAM028,2026-03-06,6166,PROD25
ORD01106,CUST0756,C002,CAM002,2026-04-12,4690,PROD34
ORD01107,CUST0756,C002,CAM002,2026-05-02,784,PROD27
ORD01108,CUST0756,C002,CAM002,2026-06-07,1452,PROD04
ORD01109,CUST0756,C002,CAM002,2026-06-21,3607,PROD46
ORD01110,CUST0757,C004,CAM040,2026-01-20,1811,PROD15
ORD01111,CUST0757,C004,CAM040,2026-03-20,2785,PROD34
ORD01112,CUST0757,C004,CAM040,2026-04-20,1990,PROD45
ORD01113,CUST0758,C002,CAM027,2026-04-22,3004,PROD06
ORD01114,CUST0759,C007,CAM028,2026-03-09,2027,PROD41
ORD01115,CUST0760,C013,CAM032,2026-03-21,2756,PROD37
ORD01116,CUST0760,C013,CAM032,2026-03-29,2569,PROD28
ORD01117,CUST0760,C013,CAM032,2026-05-15,2915,PROD09
ORD01118,CUST0760,C013,CAM032,2026-06-04,6746,PROD19
ORD01119,CUST0760,C013,CAM032,2026-06-25,6967,PROD21
ORD01120,CUST0761,C007,CAM037,2026-01-11,3280,PROD48
ORD01121,CUST0762,C021,CAM025,2026-02-19,1618,PROD15
ORD01122,CUST0763,C018,CAM039,2026-01-24,2515,PROD50
ORD01123,CUST0763,C018,CAM039,2026-03-07,8027,PROD07
ORD01124,CUST0764,C002,CAM027,2026-04-11,5719,PROD30
ORD01125,CUST0764,C002,CAM027,2026-05-06,3154,PROD27
ORD01126,CUST0765,C008,CAM007,2026-01-26,3834,PROD50
ORD01127,CUST0766,C003,CAM011,2026-03-09,4527,PROD17
ORD01128,CUST0767,C011,CAM015,2026-05-24,1771,PROD44
ORD01129,CUST0767,C011,CAM015,2026-06-17,1891,PROD46
ORD01130,CUST0768,C008,CAM033,2026-02-16,1820,PROD21
ORD01131,CUST0768,C008,CAM033,2026-03-02,561,PROD06
ORD01132,CUST0768,C008,CAM033,2026-04-21,704,PROD16
ORD01133,CUST0768,C008,CAM033,2026-05-18,6685,PROD26
ORD01134,CUST0768,C008,CAM033,2026-06-24,5867,PROD04
ORD01135,CUST0769,C005,CAM021,2026-06-02,7228,PROD12
ORD01136,CUST0769,C005,CAM021,2026-06-08,7675,PROD26
ORD01137,CUST0770,C018,CAM039,2026-01-28,7674,PROD36
ORD01138,CUST0771,C010,CAM038,2026-03-04,304,PROD09
ORD01139,CUST0772,C018,CAM018,2026-05-26,5195,PROD50
ORD01140,CUST0772,C018,CAM018,2026-06-14,1088,PROD09
ORD01141,CUST0772,C018,CAM018,2026-07-01,671,PROD26
ORD01142,CUST0773,C009,CAM034,2026-05-31,3111,PROD42
ORD01143,CUST0774,C023,CAM005,2026-05-30,2708,PROD05
ORD01144,CUST0775,C008,CAM033,2026-01-30,2187,PROD42
ORD01145,CUST0776,C024,CAM013,2026-06-11,3785,PROD22
ORD01146,CUST0776,C024,CAM013,2026-06-23,545,PROD03
ORD01147,CUST0777,C011,CAM009,2026-04-09,2173,PROD37
ORD01148,CUST0777,C011,CAM009,2026-05-11,2994,PROD47
ORD01149,CUST0777,C011,CAM009,2026-06-10,11505,PROD32
ORD01150,CUST0778,C007,CAM036,2026-01-13,5880,PROD12
ORD01151,CUST0779,C007,CAM036,2026-01-07,3064,PROD18
ORD01152,CUST0780,C010,CAM038,2026-03-10,12417,PROD03
ORD01153,CUST0781,C009,CAM035,2026-04-15,653,PROD42
ORD01154,CUST0782,C017,CAM029,2026-02-14,11642,PROD36
ORD01155,CUST0782,C017,CAM029,2026-03-21,2557,PROD04
ORD01156,CUST0783,C011,CAM015,2026-05-27,3982,PROD27
ORD01157,CUST0784,C008,CAM007,2026-01-26,5290,PROD35
ORD01158,CUST0784,C008,CAM007,2026-03-22,2259,PROD02
ORD01159,CUST0784,C008,CAM007,2026-04-20,3162,PROD46
ORD01160,CUST0785,C013,CAM032,2026-03-24,2742,PROD32
ORD01161,CUST0786,C002,CAM002,2026-04-17,1702,PROD25
ORD01162,CUST0787,C013,CAM023,2026-04-05,2361,PROD39
ORD01163,CUST0787,C013,CAM023,2026-04-24,6635,PROD02
ORD01164,CUST0788,C023,CAM005,2026-05-30,7747,PROD31
ORD01165,CUST0788,C023,CAM005,2026-07-07,10162,PROD23
ORD01166,CUST0789,C004,CAM020,2026-02-13,2181,PROD07
ORD01167,CUST0790,C009,CAM030,2026-04-08,1391,PROD35
ORD01168,CUST0790,C009,CAM030,2026-06-04,4223,PROD48
ORD01169,CUST0791,C013,CAM019,2026-05-15,4998,PROD25
ORD01170,CUST0792,C002,CAM002,2026-04-10,3960,PROD38
ORD01171,CUST0792,C002,CAM002,2026-05-05,3650,PROD48
ORD01172,CUST0792,C002,CAM002,2026-06-23,3849,PROD23
ORD01173,CUST0792,C002,CAM002,2026-08-04,1608,PROD02
ORD01174,CUST0793,C014,CAM014,2026-05-10,2284,PROD37
ORD01175,CUST0794,C013,CAM019,2026-05-26,2832,PROD32
ORD01176,CUST0795,C005,CAM021,2026-06-02,3156,PROD03
ORD01177,CUST0795,C005,CAM021,2026-06-12,1351,PROD04
ORD01178,CUST0796,C014,CAM014,2026-05-18,2016,PROD34
ORD01179,CUST0797,C018,CAM016,2026-01-15,1678,PROD40
ORD01180,CUST0798,C013,CAM006,2026-04-28,4289,PROD46
ORD01181,CUST0798,C013,CAM006,2026-05-14,3954,PROD21
ORD01182,CUST0798,C013,CAM006,2026-05-22,1682,PROD02
ORD01183,CUST0798,C013,CAM006,2026-06-05,5268,PROD38
ORD01184,CUST0799,C004,CAM020,2026-02-10,5971,PROD34
ORD01185,CUST0800,C005,CAM022,2026-06-10,2516,PROD24
ORD01186,CUST0801,C007,CAM037,2026-01-15,8286,PROD07
ORD01187,CUST0802,C009,CAM030,2026-04-02,6463,PROD11
ORD01188,CUST0803,C007,CAM036,2026-01-14,1606,PROD32
ORD01189,CUST0804,C013,CAM032,2026-03-19,3320,PROD36
ORD01190,CUST0805,C009,CAM035,2026-04-15,8782,PROD15
ORD01191,CUST0806,C011,CAM009,2026-04-13,7362,PROD47
ORD01192,CUST0807,C008,CAM007,2026-01-22,5767,PROD47
ORD01193,CUST0807,C008,CAM007,2026-01-27,1705,PROD45
ORD01194,CUST0808,C018,CAM031,2026-02-22,976,PROD50
ORD01195,CUST0809,C018,CAM016,2026-01-15,6602,PROD21
ORD01196,CUST0809,C018,CAM016,2026-03-12,8363,PROD40
ORD01197,CUST0810,C007,CAM036,2026-01-21,2941,PROD32
ORD01198,CUST0811,C023,CAM005,2026-06-01,466,PROD16
ORD01199,CUST0812,C010,CAM012,2026-01-29,5521,PROD06
ORD01200,CUST0812,C010,CAM012,2026-03-27,5157,PROD46
ORD01201,CUST0812,C010,CAM012,2026-05-13,14507,PROD41
ORD01202,CUST0813,C006,CAM008,2026-03-21,3418,PROD17
ORD01203,CUST0814,C004,CAM020,2026-02-13,3085,PROD23
ORD01204,CUST0815,C012,CAM024,2026-05-08,1569,PROD04
ORD01205,CUST0816,C023,CAM010,2026-04-11,2186,PROD11
ORD01206,CUST0817,C020,CAM026,2026-05-04,2867,PROD23
ORD01207,CUST0818,C011,CAM015,2026-05-29,3890,PROD31
ORD01208,CUST0818,C011,CAM015,2026-07-23,6303,PROD37
ORD01209,CUST0819,C013,CAM032,2026-03-30,6219,PROD29
ORD01210,CUST0820,C023,CAM005,2026-05-23,2266,PROD21
ORD01211,CUST0820,C023,CAM005,2026-06-13,1942,PROD07
ORD01212,CUST0821,C004,CAM040,2026-01-28,2130,PROD25
ORD01213,CUST0821,C004,CAM040,2026-02-12,2772,PROD47
ORD01214,CUST0821,C004,CAM040,2026-02-21,1221,PROD36
ORD01215,CUST0822,C023,CAM005,2026-06-01,3853,PROD40
ORD01216,CUST0823,C002,CAM027,2026-04-30,1688,PROD42
ORD01217,CUST0823,C002,CAM027,2026-05-15,3380,PROD39
ORD01218,CUST0823,C002,CAM027,2026-06-16,2068,PROD11
ORD01219,CUST0823,C002,CAM027,2026-06-24,7117,PROD07
ORD01220,CUST0824,C023,CAM010,2026-04-07,4576,PROD27
ORD01221,CUST0825,C005,CAM022,2026-06-16,2770,PROD47
ORD01222,CUST0826,C021,CAM025,2026-02-17,7689,PROD20
ORD01223,CUST0827,C006,CAM008,2026-03-17,6194,PROD37
ORD01224,CUST0827,C006,CAM008,2026-04-26,7623,PROD32
ORD01225,CUST0828,C011,CAM003,2026-03-09,2377,PROD28
ORD01226,CUST0829,C004,CAM040,2026-01-27,1980,PROD41
ORD01227,CUST0830,C024,CAM013,2026-06-01,1020,PROD02
ORD01228,CUST0830,C024,CAM013,2026-06-19,1631,PROD11
ORD01229,CUST0830,C024,CAM013,2026-08-03,2948,PROD19
ORD01230,CUST0830,C024,CAM013,2026-08-13,6149,PROD31
ORD01231,CUST0830,C024,CAM013,2026-10-11,4599,PROD08
ORD01232,CUST0830,C024,CAM013,2026-11-04,3800,PROD26
ORD01233,CUST0831,C020,CAM026,2026-05-04,1878,PROD17
ORD01234,CUST0832,C018,CAM039,2026-01-29,2639,PROD24
ORD01235,CUST0833,C018,CAM031,2026-02-21,5035,PROD03
ORD01236,CUST0833,C018,CAM031,2026-03-14,6177,PROD29
ORD01237,CUST0834,C007,CAM036,2026-01-09,2032,PROD18
ORD01238,CUST0835,C023,CAM010,2026-04-04,6793,PROD45
ORD01239,CUST0835,C023,CAM010,2026-05-21,8264,PROD07
ORD01240,CUST0836,C007,CAM036,2026-01-22,3685,PROD35
ORD01241,CUST0837,C023,CAM005,2026-05-29,6514,PROD25
ORD01242,CUST0838,C002,CAM002,2026-04-16,200,PROD35
ORD01243,CUST0839,C011,CAM009,2026-04-23,2213,PROD16
ORD01244,CUST0840,C009,CAM035,2026-04-10,6469,PROD46
ORD01245,CUST0840,C009,CAM035,2026-04-17,1362,PROD33
ORD01246,CUST0841,C007,CAM036,2026-01-17,1635,PROD44
ORD01247,CUST0842,C005,CAM021,2026-05-28,13101,PROD49
ORD01248,CUST0842,C005,CAM021,2026-06-30,2999,PROD12
ORD01249,CUST0843,C018,CAM016,2026-01-18,6116,PROD09
ORD01250,CUST0844,C011,CAM015,2026-05-29,3887,PROD44
ORD01251,CUST0844,C011,CAM015,2026-06-30,2226,PROD13
ORD01252,CUST0844,C011,CAM015,2026-08-26,1785,PROD41
ORD01253,CUST0844,C011,CAM015,2026-09-09,3815,PROD39
ORD01254,CUST0845,C018,CAM016,2026-01-20,4272,PROD05
ORD01255,CUST0846,C018,CAM018,2026-06-07,2404,PROD36
ORD01256,CUST0847,C023,CAM005,2026-05-30,2870,PROD01
ORD01257,CUST0848,C009,CAM034,2026-06-01,1787,PROD34
ORD01258,CUST0849,C018,CAM017,2026-04-26,2110,PROD10
ORD01259,CUST0849,C018,CAM017,2026-05-10,1073,PROD37
ORD01260,CUST0849,C018,CAM017,2026-06-21,7041,PROD38
ORD01261,CUST0849,C018,CAM017,2026-08-13,5728,PROD07
ORD01262,CUST0850,C013,CAM032,2026-03-27,1661,PROD19
ORD01263,CUST0851,C021,CAM025,2026-02-26,8021,PROD27
ORD01264,CUST0852,C009,CAM035,2026-04-12,2761,PROD37
ORD01265,CUST0853,C007,CAM037,2026-01-12,3575,PROD18
ORD01266,CUST0853,C007,CAM037,2026-02-11,5467,PROD10
ORD01267,CUST0853,C007,CAM037,2026-03-27,2840,PROD39
ORD01268,CUST0854,C012,CAM024,2026-05-13,476,PROD22
ORD01269,CUST0854,C012,CAM024,2026-07-01,1477,PROD16
ORD01270,CUST0855,C013,CAM006,2026-04-26,5813,PROD18
ORD01271,CUST0856,C008,CAM007,2026-01-18,2493,PROD20
ORD01272,CUST0857,C023,CAM005,2026-05-30,1802,PROD45
ORD01273,CUST0858,C018,CAM017,2026-04-16,4063,PROD15
ORD01274,CUST0859,C013,CAM023,2026-04-07,2443,PROD29
ORD01275,CUST0860,C013,CAM006,2026-04-13,3149,PROD27
ORD01276,CUST0861,C009,CAM030,2026-04-08,406,PROD29
ORD01277,CUST0861,C009,CAM030,2026-04-26,1434,PROD27
ORD01278,CUST0861,C009,CAM030,2026-06-17,2801,PROD32
ORD01279,CUST0862,C005,CAM021,2026-06-09,1062,PROD04
ORD01280,CUST0863,C011,CAM001,2026-03-02,1066,PROD46
ORD01281,CUST0863,C011,CAM001,2026-04-08,3348,PROD26
ORD01282,CUST0864,C020,CAM026,2026-05-13,2681,PROD37
ORD01283,CUST0865,C008,CAM007,2026-01-20,8369,PROD13
ORD01284,CUST0865,C008,CAM007,2026-03-19,7247,PROD04
ORD01285,CUST0865,C008,CAM007,2026-04-08,1258,PROD03
ORD01286,CUST0865,C008,CAM007,2026-05-12,1965,PROD04
ORD01287,CUST0866,C018,CAM017,2026-04-19,3592,PROD30
ORD01288,CUST0866,C018,CAM017,2026-05-26,5191,PROD26
ORD01289,CUST0866,C018,CAM017,2026-07-10,4652,PROD08
ORD01290,CUST0867,C005,CAM022,2026-05-30,4560,PROD32
ORD01291,CUST0867,C005,CAM022,2026-07-12,3805,PROD29
ORD01292,CUST0868,C007,CAM028,2026-03-21,3844,PROD23
ORD01293,CUST0869,C011,CAM015,2026-05-25,4837,PROD17
ORD01294,CUST0870,C011,CAM001,2026-02-27,3990,PROD25
ORD01295,CUST0870,C011,CAM001,2026-03-07,1447,PROD11
ORD01296,CUST0871,C005,CAM021,2026-06-11,4606,PROD14
ORD01297,CUST0872,C006,CAM008,2026-03-19,607,PROD44
ORD01298,CUST0873,C007,CAM037,2026-01-09,4146,PROD33
ORD01299,CUST0874,C002,CAM002,2026-04-18,6418,PROD09
ORD01300,CUST0874,C002,CAM002,2026-06-03,3748,PROD12
ORD01301,CUST0874,C002,CAM002,2026-07-16,1794,PROD01
ORD01302,CUST0874,C002,CAM002,2026-08-04,4606,PROD17
ORD01303,CUST0875,C011,CAM009,2026-04-17,2513,PROD46
ORD01304,CUST0876,C010,CAM038,2026-03-07,5857,PROD25
ORD01305,CUST0877,C018,CAM017,2026-04-24,9156,PROD14
ORD01306,CUST0878,C007,CAM028,2026-03-15,5674,PROD40
ORD01307,CUST0879,C007,CAM028,2026-03-24,6516,PROD33
ORD01308,CUST0879,C007,CAM028,2026-05-10,6837,PROD24
ORD01309,CUST0880,C007,CAM028,2026-03-26,3807,PROD19
ORD01310,CUST0881,C020,CAM026,2026-05-10,7370,PROD05
ORD01311,CUST0881,C020,CAM026,2026-06-05,1504,PROD18
ORD01312,CUST0881,C020,CAM026,2026-07-20,6447,PROD21
ORD01313,CUST0882,C007,CAM036,2026-01-09,4065,PROD46
ORD01314,CUST0883,C008,CAM007,2026-01-22,991,PROD34
ORD01315,CUST0883,C008,CAM007,2026-03-16,6570,PROD16
ORD01316,CUST0884,C024,CAM013,2026-06-11,2761,PROD39
ORD01317,CUST0885,C006,CAM008,2026-03-21,3171,PROD47
ORD01318,CUST0886,C005,CAM022,2026-06-19,3761,PROD19
ORD01319,CUST0887,C023,CAM005,2026-06-04,3074,PROD48
ORD01320,CUST0887,C023,CAM005,2026-06-11,1882,PROD38
ORD01321,CUST0888,C018,CAM017,2026-04-19,200,PROD46
ORD01322,CUST0889,C009,CAM035,2026-04-16,4520,PROD31
ORD01323,CUST0890,C002,CAM002,2026-04-13,1445,PROD11
ORD01324,CUST0891,C013,CAM023,2026-04-13,5391,PROD12
ORD01325,CUST0892,C004,CAM040,2026-01-21,4957,PROD48
ORD01326,CUST0893,C004,CAM020,2026-02-11,6624,PROD22
ORD01327,CUST0894,C008,CAM033,2026-01-30,7394,PROD15
ORD01328,CUST0895,C011,CAM009,2026-04-17,3954,PROD22
ORD01329,CUST0896,C002,CAM027,2026-04-16,1884,PROD30
ORD01330,CUST0897,C013,CAM023,2026-04-04,9046,PROD41
ORD01331,CUST0898,C004,CAM020,2026-02-08,4644,PROD13
ORD01332,CUST0899,C024,CAM013,2026-05-20,3390,PROD25
ORD01333,CUST0900,C010,CAM012,2026-01-28,3754,PROD10
ORD01334,CUST0901,C004,CAM040,2026-01-24,2507,PROD37
ORD01335,CUST0902,C018,CAM039,2026-01-23,7359,PROD46
ORD01336,CUST0903,C018,CAM004,2026-05-19,10965,PROD41
ORD01337,CUST0904,C013,CAM006,2026-04-13,1124,PROD01
ORD01338,CUST0905,C002,CAM027,2026-04-16,11380,PROD50
ORD01339,CUST0905,C002,CAM027,2026-05-01,2216,PROD37
ORD01340,CUST0906,C008,CAM033,2026-02-02,5155,PROD49
ORD01341,CUST0907,C018,CAM004,2026-05-19,10069,PROD28
ORD01342,CUST0907,C018,CAM004,2026-07-03,526,PROD28
ORD01343,CUST0908,C023,CAM005,2026-06-04,3917,PROD25
ORD01344,CUST0909,C023,CAM010,2026-04-04,4645,PROD47
ORD01345,CUST0910,C011,CAM001,2026-02-25,3083,PROD49
ORD01346,CUST0911,C009,CAM034,2026-05-26,1941,PROD44
ORD01347,CUST0911,C009,CAM034,2026-05-31,3424,PROD41
ORD01348,CUST0911,C009,CAM034,2026-07-21,3256,PROD16
ORD01349,CUST0912,C011,CAM009,2026-04-19,3079,PROD07
ORD01350,CUST0912,C011,CAM009,2026-05-18,4727,PROD33
ORD01351,CUST0912,C011,CAM009,2026-06-29,6951,PROD20
ORD01352,CUST0912,C011,CAM009,2026-07-14,7226,PROD05
ORD01353,CUST0913,C005,CAM022,2026-05-31,4470,PROD19
ORD01354,CUST0913,C005,CAM022,2026-07-04,1017,PROD47
ORD01355,CUST0914,C008,CAM033,2026-02-16,6549,PROD28
ORD01356,CUST0915,C011,CAM009,2026-04-12,388,PROD32
ORD01357,CUST0916,C004,CAM020,2026-02-12,2479,PROD26
ORD01358,CUST0916,C004,CAM020,2026-02-18,2366,PROD15
ORD01359,CUST0917,C005,CAM022,2026-06-03,2304,PROD02
ORD01360,CUST0917,C005,CAM022,2026-07-15,1277,PROD33
ORD01361,CUST0918,C011,CAM015,2026-05-24,5385,PROD42
ORD01362,CUST0919,C023,CAM010,2026-04-04,2555,PROD41
ORD01363,CUST0919,C023,CAM010,2026-04-25,7329,PROD50
ORD01364,CUST0919,C023,CAM010,2026-06-03,2816,PROD40
ORD01365,CUST0920,C013,CAM023,2026-04-12,637,PROD43
ORD01366,CUST0921,C013,CAM019,2026-05-08,3241,PROD08
ORD01367,CUST0921,C013,CAM019,2026-06-08,1446,PROD29
ORD01368,CUST0921,C013,CAM019,2026-07-07,1529,PROD08
ORD01369,CUST0921,C013,CAM019,2026-08-16,3471,PROD17
ORD01370,CUST0922,C005,CAM021,2026-06-15,2707,PROD45
ORD01371,CUST0922,C005,CAM021,2026-08-02,6910,PROD41
ORD01372,CUST0922,C005,CAM021,2026-08-07,1749,PROD20
ORD01373,CUST0923,C023,CAM010,2026-04-14,2341,PROD34
ORD01374,CUST0923,C023,CAM010,2026-05-06,11293,PROD40
ORD01375,CUST0924,C020,CAM026,2026-05-11,4203,PROD07
ORD01376,CUST0924,C020,CAM026,2026-06-17,2689,PROD47
ORD01377,CUST0925,C018,CAM016,2026-01-16,3320,PROD07
ORD01378,CUST0925,C018,CAM016,2026-02-21,3485,PROD13
ORD01379,CUST0926,C024,CAM013,2026-05-23,5190,PROD34
ORD01380,CUST0927,C009,CAM035,2026-04-11,1544,PROD19
ORD01381,CUST0928,C010,CAM012,2026-01-20,14069,PROD14
ORD01382,CUST0929,C005,CAM022,2026-06-14,2375,PROD01
ORD01383,CUST0930,C011,CAM001,2026-02-27,7127,PROD37
ORD01384,CUST0931,C013,CAM006,2026-04-18,6864,PROD06
ORD01385,CUST0931,C013,CAM006,2026-06-11,4576,PROD33
ORD01386,CUST0931,C013,CAM006,2026-06-20,1496,PROD47
ORD01387,CUST0932,C013,CAM006,2026-04-06,1768,PROD42
ORD01388,CUST0933,C018,CAM018,2026-06-09,1136,PROD19
ORD01389,CUST0934,C007,CAM036,2026-01-15,7638,PROD12
ORD01390,CUST0934,C007,CAM036,2026-03-16,2243,PROD03
ORD01391,CUST0935,C003,CAM011,2026-03-04,4299,PROD44
ORD01392,CUST0936,C004,CAM040,2026-01-31,2945,PROD07
ORD01393,CUST0937,C006,CAM008,2026-03-16,5196,PROD09
ORD01394,CUST0937,C006,CAM008,2026-05-02,665,PROD42
ORD01395,CUST0937,C006,CAM008,2026-05-17,925,PROD22
ORD01396,CUST0937,C006,CAM008,2026-06-13,6478,PROD29
ORD01397,CUST0938,C013,CAM006,2026-04-11,2592,PROD06
ORD01398,CUST0939,C023,CAM005,2026-06-01,3861,PROD26
ORD01399,CUST0939,C023,CAM005,2026-07-01,897,PROD30
ORD01400,CUST0940,C009,CAM035,2026-04-12,2692,PROD31
ORD01401,CUST0941,C013,CAM019,2026-05-21,609,PROD11
ORD01402,CUST0942,C018,CAM016,2026-01-17,3085,PROD04
ORD01403,CUST0943,C018,CAM018,2026-05-31,2501,PROD38
ORD01404,CUST0943,C018,CAM018,2026-07-05,1477,PROD37
ORD01405,CUST0944,C013,CAM023,2026-04-10,4034,PROD25
ORD01406,CUST0945,C006,CAM008,2026-03-21,2885,PROD44
ORD01407,CUST0946,C013,CAM019,2026-05-12,612,PROD32
ORD01408,CUST0947,C002,CAM027,2026-04-21,4195,PROD05
ORD01409,CUST0948,C006,CAM008,2026-03-21,4401,PROD44
ORD01410,CUST0948,C006,CAM008,2026-04-28,1911,PROD50
ORD01411,CUST0948,C006,CAM008,2026-06-19,2940,PROD37
ORD01412,CUST0948,C006,CAM008,2026-08-09,4235,PROD37
ORD01413,CUST0948,C006,CAM008,2026-08-28,7483,PROD43
ORD01414,CUST0949,C010,CAM038,2026-03-08,3923,PROD45
ORD01415,CUST0950,C013,CAM019,2026-05-27,1537,PROD43
ORD01416,CUST0950,C013,CAM019,2026-07-17,2353,PROD16
ORD01417,CUST0950,C013,CAM019,2026-08-21,778,PROD23
ORD01418,CUST0950,C013,CAM019,2026-10-07,7970,PROD44
ORD01419,CUST0951,C011,CAM001,2026-03-09,3745,PROD36
ORD01420,CUST0951,C011,CAM001,2026-04-22,1112,PROD04
ORD01421,CUST0952,C009,CAM034,2026-05-30,727,PROD33
ORD01422,CUST0953,C021,CAM025,2026-02-24,5243,PROD11
ORD01423,CUST0954,C010,CAM012,2026-02-12,3296,PROD16
ORD01424,CUST0955,C009,CAM034,2026-05-18,2089,PROD15
ORD01425,CUST0955,C009,CAM034,2026-06-27,876,PROD42
ORD01426,CUST0955,C009,CAM034,2026-07-26,4031,PROD26
ORD01427,CUST0955,C009,CAM034,2026-09-21,4067,PROD16
ORD01428,CUST0956,C018,CAM017,2026-04-27,11333,PROD37
ORD01429,CUST0957,C011,CAM003,2026-03-10,3069,PROD29
ORD01430,CUST0958,C018,CAM031,2026-02-13,3187,PROD48
ORD01431,CUST0959,C013,CAM032,2026-03-09,4078,PROD27
ORD01432,CUST0959,C013,CAM032,2026-03-16,1811,PROD36
ORD01433,CUST0960,C002,CAM027,2026-04-08,3391,PROD39
ORD01434,CUST0961,C018,CAM017,2026-04-22,3021,PROD36
ORD01435,CUST0962,C012,CAM024,2026-05-14,1830,PROD24
ORD01436,CUST0963,C011,CAM001,2026-02-26,2206,PROD30
ORD01437,CUST0964,C004,CAM020,2026-02-21,4177,PROD24
ORD01438,CUST0965,C023,CAM010,2026-04-11,3367,PROD49
ORD01439,CUST0965,C023,CAM010,2026-05-28,2994,PROD15
ORD01440,CUST0966,C018,CAM016,2026-01-20,8244,PROD41
ORD01441,CUST0967,C018,CAM039,2026-01-25,3244,PROD24
ORD01442,CUST0968,C024,CAM013,2026-05-20,6742,PROD11
ORD01443,CUST0968,C024,CAM013,2026-06-25,7963,PROD09
ORD01444,CUST0969,C017,CAM029,2026-02-21,7835,PROD27
ORD01445,CUST0970,C003,CAM011,2026-03-03,645,PROD13
ORD01446,CUST0971,C005,CAM022,2026-06-11,5496,PROD13
ORD01447,CUST0971,C005,CAM022,2026-07-31,11404,PROD22
ORD01448,CUST0972,C023,CAM010,2026-04-16,1954,PROD41
ORD01449,CUST0972,C023,CAM010,2026-06-13,5012,PROD44
ORD01450,CUST0972,C023,CAM010,2026-07-25,4324,PROD08
ORD01451,CUST0972,C023,CAM010,2026-09-17,3633,PROD29
ORD01452,CUST0972,C023,CAM010,2026-10-21,1459,PROD43
ORD01453,CUST0973,C012,CAM024,2026-05-15,5372,PROD32
ORD01454,CUST0973,C012,CAM024,2026-05-20,1984,PROD34
ORD01455,CUST0974,C011,CAM001,2026-02-26,8002,PROD28
ORD01456,CUST0975,C004,CAM040,2026-02-05,2477,PROD33
ORD01457,CUST0976,C024,CAM013,2026-06-15,5451,PROD45
ORD01458,CUST0977,C017,CAM029,2026-02-04,1965,PROD09
ORD01459,CUST0978,C007,CAM036,2026-01-13,5385,PROD39
ORD01460,CUST0979,C006,CAM008,2026-03-24,1870,PROD27
ORD01461,CUST0980,C014,CAM014,2026-05-06,2922,PROD22
ORD01462,CUST0981,C004,CAM040,2026-02-01,3997,PROD09
ORD01463,CUST0982,C008,CAM033,2026-02-16,1942,PROD48
ORD01464,CUST0983,C004,CAM040,2026-01-27,2813,PROD36
ORD01465,CUST0984,C009,CAM030,2026-04-03,3696,PROD36
ORD01466,CUST0985,C013,CAM023,2026-04-06,6999,PROD40
ORD01467,CUST0986,C009,CAM030,2026-04-02,3836,PROD44
ORD01468,CUST0987,C011,CAM009,2026-04-13,2320,PROD45
ORD01469,CUST0988,C003,CAM011,2026-03-05,1889,PROD49
ORD01470,CUST0989,C013,CAM032,2026-03-26,2968,PROD37
ORD01471,CUST0990,C018,CAM031,2026-02-23,3810,PROD35
ORD01472,CUST0991,C008,CAM033,2026-02-24,2661,PROD01
ORD01473,CUST0992,C020,CAM026,2026-04-22,2640,PROD10
ORD01474,CUST0992,C020,CAM026,2026-04-30,6984,PROD43
ORD01475,CUST0993,C012,CAM024,2026-05-10,1829,PROD11
ORD01476,CUST0994,C013,CAM019,2026-05-16,4371,PROD04
ORD01477,CUST0994,C013,CAM019,2026-07-04,2237,PROD19
ORD01478,CUST0994,C013,CAM019,2026-07-22,2087,PROD49
ORD01479,CUST0995,C013,CAM019,2026-05-09,3386,PROD29
ORD01480,CUST0996,C004,CAM020,2026-02-13,2061,PROD36
ORD01481,CUST0997,C007,CAM028,2026-03-13,5962,PROD45
ORD01482,CUST0998,C014,CAM014,2026-04-30,2460,PROD25
ORD01483,CUST0999,C018,CAM039,2026-01-26,4621,PROD04
ORD01484,CUST1000,C012,CAM024,2026-05-11,12194,PROD50
ORD01485,CUST1001,C002,CAM027,2026-04-22,6951,PROD41
ORD01486,CUST1002,C021,CAM025,2026-03-03,2891,PROD49
ORD01487,CUST1003,C013,CAM032,2026-03-26,5635,PROD13
ORD01488,CUST1004,C011,CAM001,2026-03-03,14839,PROD12
ORD01489,CUST1004,C011,CAM001,2026-04-20,3410,PROD05
ORD01490,CUST1004,C011,CAM001,2026-05-06,6073,PROD12
ORD01491,CUST1004,C011,CAM001,2026-06-27,5505,PROD33
ORD01492,CUST1005,C005,CAM022,2026-06-11,5653,PROD18
ORD01493,CUST1005,C005,CAM022,2026-07-21,6424,PROD17
ORD01494,CUST1006,C013,CAM019,2026-05-13,3866,PROD17
ORD01495,CUST1007,C013,CAM032,2026-03-19,5946,PROD10
ORD01496,CUST1008,C024,CAM013,2026-05-21,6016,PROD39
ORD01497,CUST1009,C018,CAM017,2026-04-22,3115,PROD37
ORD01498,CUST1010,C020,CAM026,2026-04-30,785,PROD46
ORD01499,CUST1010,C020,CAM026,2026-05-25,3383,PROD34
ORD01500,CUST1010,C020,CAM026,2026-06-13,9885,PROD12
ORD01501,CUST1010,C020,CAM026,2026-07-21,14013,PROD05
ORD01502,CUST1011,C003,CAM011,2026-03-11,7600,PROD35
ORD01503,CUST1011,C003,CAM011,2026-04-19,1815,PROD26
ORD01504,CUST1012,C004,CAM020,2026-02-17,6155,PROD14
ORD01505,CUST1012,C004,CAM020,2026-04-05,3562,PROD22
ORD01506,CUST1013,C011,CAM015,2026-05-28,1418,PROD49
ORD01507,CUST1013,C011,CAM015,2026-07-11,3591,PROD34
ORD01508,CUST1014,C010,CAM038,2026-03-11,4875,PROD42
ORD01509,CUST1015,C011,CAM015,2026-05-24,3827,PROD29
ORD01510,CUST1016,C013,CAM019,2026-05-27,644,PROD16
ORD01511,CUST1017,C002,CAM027,2026-04-29,6214,PROD25
ORD01512,CUST1018,C018,CAM031,2026-02-13,2173,PROD35
ORD01513,CUST1019,C002,CAM002,2026-04-12,1477,PROD34
ORD01514,CUST1019,C002,CAM002,2026-06-08,3540,PROD50
ORD01515,CUST1019,C002,CAM002,2026-07-06,4924,PROD33
ORD01516,CUST1019,C002,CAM002,2026-08-31,1745,PROD33
ORD01517,CUST1020,C013,CAM032,2026-03-24,10389,PROD42
ORD01518,CUST1020,C013,CAM032,2026-04-10,3540,PROD21
ORD01519,CUST1020,C013,CAM032,2026-05-17,2663,PROD06
ORD01520,CUST1020,C013,CAM032,2026-05-28,2799,PROD11
ORD01521,CUST1020,C013,CAM032,2026-07-21,2179,PROD35
ORD01522,CUST1021,C018,CAM016,2026-01-15,11221,PROD14
ORD01523,CUST1022,C012,CAM024,2026-05-10,3706,PROD28
ORD01524,CUST1023,C007,CAM037,2026-01-06,4152,PROD45
ORD01525,CUST1023,C007,CAM037,2026-02-27,5963,PROD50
ORD01526,CUST1023,C007,CAM037,2026-03-31,8383,PROD42
ORD01527,CUST1024,C011,CAM003,2026-03-10,3292,PROD10
ORD01528,CUST1025,C011,CAM001,2026-03-11,4963,PROD03
ORD01529,CUST1026,C018,CAM016,2026-01-16,4400,PROD17
ORD01530,CUST1026,C018,CAM016,2026-02-25,7990,PROD05
ORD01531,CUST1026,C018,CAM016,2026-04-07,5364,PROD15
ORD01532,CUST1027,C011,CAM009,2026-04-21,4745,PROD41
ORD01533,CUST1028,C002,CAM002,2026-04-14,2324,PROD25
ORD01534,CUST1028,C002,CAM002,2026-06-01,4217,PROD08
ORD01535,CUST1029,C011,CAM015,2026-05-23,7334,PROD40
ORD01536,CUST1030,C002,CAM027,2026-05-02,1345,PROD03
ORD01537,CUST1031,C018,CAM039,2026-01-22,2520,PROD33
ORD01538,CUST1032,C009,CAM030,2026-04-02,4064,PROD20
ORD01539,CUST1033,C017,CAM029,2026-02-01,3554,PROD29
ORD01540,CUST1033,C017,CAM029,2026-03-02,5266,PROD26
ORD01541,CUST1033,C017,CAM029,2026-04-28,2218,PROD43
ORD01542,CUST1033,C017,CAM029,2026-05-04,3369,PROD31
ORD01543,CUST1033,C017,CAM029,2026-05-19,3149,PROD35
ORD01544,CUST1033,C017,CAM029,2026-06-07,1809,PROD09
ORD01545,CUST1034,C009,CAM035,2026-04-12,8538,PROD35
ORD01546,CUST1035,C011,CAM009,2026-04-12,7271,PROD47
ORD01547,CUST1035,C011,CAM009,2026-05-28,2308,PROD24
ORD01548,CUST1036,C007,CAM028,2026-03-23,6390,PROD10
ORD01549,CUST1037,C002,CAM002,2026-04-08,5615,PROD39
ORD01550,CUST1037,C002,CAM002,2026-05-08,4659,PROD35
ORD01551,CUST1038,C013,CAM023,2026-04-04,2767,PROD48
ORD01552,CUST1039,C007,CAM037,2026-01-10,6003,PROD42
ORD01553,CUST1039,C007,CAM037,2026-03-10,2678,PROD33
ORD01554,CUST1039,C007,CAM037,2026-03-24,4357,PROD11
ORD01555,CUST1039,C007,CAM037,2026-04-09,10826,PROD15
ORD01556,CUST1039,C007,CAM037,2026-05-23,5174,PROD17
ORD01557,CUST1040,C011,CAM001,2026-02-28,1502,PROD37
ORD01558,CUST1040,C011,CAM001,2026-04-28,11309,PROD04
ORD01559,CUST1041,C009,CAM035,2026-04-18,1312,PROD36
ORD01560,CUST1042,C005,CAM021,2026-06-13,4937,PROD19
ORD01561,CUST1043,C013,CAM023,2026-04-04,3003,PROD13
ORD01562,CUST1044,C018,CAM039,2026-01-30,3896,PROD22
ORD01563,CUST1045,C006,CAM008,2026-03-18,1979,PROD16
ORD01564,CUST1046,C009,CAM035,2026-04-10,3386,PROD13
ORD01565,CUST1047,C009,CAM034,2026-05-25,3395,PROD40
ORD01566,CUST1048,C024,CAM013,2026-05-26,2120,PROD10
ORD01567,CUST1049,C007,CAM037,2026-01-14,2528,PROD21
ORD01568,CUST1050,C004,CAM040,2026-01-23,5139,PROD16
ORD01569,CUST1050,C004,CAM040,2026-03-19,2140,PROD15
ORD01570,CUST1050,C004,CAM040,2026-05-08,3705,PROD48
ORD01571,CUST1050,C004,CAM040,2026-06-23,3319,PROD28
ORD01572,CUST1051,C018,CAM017,2026-04-24,2115,PROD47
ORD01573,CUST1051,C018,CAM017,2026-05-20,1758,PROD31
ORD01574,CUST1052,C018,CAM016,2026-01-22,5188,PROD20
ORD01575,CUST1053,C005,CAM022,2026-06-16,3037,PROD42
ORD01576,CUST1053,C005,CAM022,2026-07-29,4674,PROD06
ORD01577,CUST1053,C005,CAM022,2026-09-25,8429,PROD18
ORD01578,CUST1053,C005,CAM022,2026-11-23,3271,PROD09
ORD01579,CUST1053,C005,CAM022,2027-01-01,893,PROD13
ORD01580,CUST1054,C006,CAM008,2026-03-17,1916,PROD02
ORD01581,CUST1055,C009,CAM035,2026-04-14,6031,PROD38
ORD01582,CUST1056,C004,CAM040,2026-01-30,2848,PROD14
ORD01583,CUST1057,C002,CAM002,2026-04-16,4836,PROD35
ORD01584,CUST1057,C002,CAM002,2026-05-21,2174,PROD42
ORD01585,CUST1057,C002,CAM002,2026-07-14,2076,PROD10
ORD01586,CUST1057,C002,CAM002,2026-08-11,986,PROD26
ORD01587,CUST1058,C018,CAM017,2026-04-22,4225,PROD33
ORD01588,CUST1058,C018,CAM017,2026-05-29,1517,PROD06
ORD01589,CUST1059,C002,CAM002,2026-04-13,5127,PROD43
ORD01590,CUST1060,C005,CAM021,2026-06-12,6500,PROD49
ORD01591,CUST1061,C003,CAM011,2026-02-27,1788,PROD12
ORD01592,CUST1062,C023,CAM005,2026-05-26,1573,PROD31
ORD01593,CUST1063,C018,CAM016,2026-01-15,252,PROD32
ORD01594,CUST1063,C018,CAM016,2026-02-03,9012,PROD05
ORD01595,CUST1064,C002,CAM027,2026-04-19,10894,PROD43
ORD01596,CUST1064,C002,CAM027,2026-05-07,3579,PROD34
ORD01597,CUST1064,C002,CAM027,2026-07-01,1013,PROD24
ORD01598,CUST1065,C008,CAM033,2026-02-12,3974,PROD03
ORD01599,CUST1066,C020,CAM026,2026-05-09,506,PROD46
ORD01600,CUST1067,C023,CAM005,2026-05-30,1778,PROD17
ORD01601,CUST1068,C018,CAM039,2026-01-29,1823,PROD25
ORD01602,CUST1069,C005,CAM021,2026-06-05,1059,PROD42
ORD01603,CUST1070,C006,CAM008,2026-03-17,3234,PROD25
ORD01604,CUST1071,C008,CAM033,2026-02-13,4893,PROD23
ORD01605,CUST1072,C021,CAM025,2026-03-06,1718,PROD39
ORD01606,CUST1073,C004,CAM020,2026-02-10,4832,PROD15
ORD01607,CUST1074,C002,CAM002,2026-04-16,5839,PROD14
ORD01608,CUST1075,C018,CAM016,2026-01-17,3634,PROD39
ORD01609,CUST1075,C018,CAM016,2026-03-08,5673,PROD08
ORD01610,CUST1075,C018,CAM016,2026-04-24,3529,PROD15
ORD01611,CUST1076,C021,CAM025,2026-03-06,8212,PROD08
ORD01612,CUST1077,C005,CAM021,2026-06-14,788,PROD14
ORD01613,CUST1078,C013,CAM032,2026-03-14,6389,PROD27
ORD01614,CUST1079,C007,CAM036,2026-01-08,5160,PROD37
ORD01615,CUST1079,C007,CAM036,2026-02-19,6895,PROD11
ORD01616,CUST1079,C007,CAM036,2026-03-04,7992,PROD41
ORD01617,CUST1079,C007,CAM036,2026-04-10,5863,PROD03
ORD01618,CUST1080,C023,CAM005,2026-05-26,1245,PROD17
ORD01619,CUST1080,C023,CAM005,2026-06-11,6846,PROD34
ORD01620,CUST1081,C002,CAM002,2026-04-17,1565,PROD41
ORD01621,CUST1082,C020,CAM026,2026-05-12,3027,PROD19
ORD01622,CUST1083,C011,CAM001,2026-03-03,3862,PROD31
ORD01623,CUST1084,C009,CAM035,2026-04-13,3689,PROD27
ORD01624,CUST1084,C009,CAM035,2026-05-26,2448,PROD10
ORD01625,CUST1085,C002,CAM002,2026-04-17,690,PROD12
ORD01626,CUST1086,C002,CAM027,2026-04-29,3764,PROD11
ORD01627,CUST1087,C006,CAM008,2026-03-21,13217,PROD39
ORD01628,CUST1088,C021,CAM025,2026-02-11,2371,PROD25
ORD01629,CUST1088,C021,CAM025,2026-02-24,4382,PROD07
ORD01630,CUST1089,C013,CAM019,2026-05-14,3494,PROD33
ORD01631,CUST1090,C014,CAM014,2026-05-12,1634,PROD39
ORD01632,CUST1091,C005,CAM022,2026-06-04,2884,PROD40
ORD01633,CUST1092,C010,CAM012,2026-01-20,3401,PROD35
ORD01634,CUST1093,C018,CAM039,2026-01-22,3988,PROD43
ORD01635,CUST1093,C018,CAM039,2026-02-04,6495,PROD39
ORD01636,CUST1094,C010,CAM038,2026-03-03,3716,PROD50
ORD01637,CUST1095,C013,CAM006,2026-04-23,3496,PROD27
ORD01638,CUST1096,C007,CAM036,2026-01-02,6129,PROD28
ORD01639,CUST1097,C021,CAM025,2026-03-06,3010,PROD50
ORD01640,CUST1098,C009,CAM035,2026-04-11,6686,PROD48
ORD01641,CUST1099,C006,CAM008,2026-03-25,1326,PROD09
ORD01642,CUST1099,C006,CAM008,2026-04-15,3212,PROD31
ORD01643,CUST1100,C023,CAM005,2026-05-29,3791,PROD06
ORD01644,CUST1101,C013,CAM023,2026-04-12,2852,PROD27
ORD01645,CUST1102,C011,CAM001,2026-03-03,6475,PROD48
ORD01646,CUST1102,C011,CAM001,2026-04-27,2310,PROD01
ORD01647,CUST1102,C011,CAM001,2026-06-07,1678,PROD34
ORD01648,CUST1103,C013,CAM006,2026-04-19,1999,PROD42
ORD01649,CUST1103,C013,CAM006,2026-05-07,1101,PROD45
ORD01650,CUST1104,C011,CAM009,2026-04-18,1617,PROD07
ORD01651,CUST1105,C007,CAM037,2026-01-11,6603,PROD17
ORD01652,CUST1106,C005,CAM022,2026-06-16,1294,PROD24
ORD01653,CUST1107,C018,CAM017,2026-04-21,296,PROD26
ORD01654,CUST1108,C011,CAM015,2026-05-26,1405,PROD36
ORD01655,CUST1109,C002,CAM027,2026-04-13,766,PROD36
ORD01656,CUST1110,C009,CAM034,2026-05-18,6423,PROD37
ORD01657,CUST1111,C013,CAM019,2026-05-20,4723,PROD43
ORD01658,CUST1112,C007,CAM028,2026-03-29,3036,PROD45
ORD01659,CUST1113,C008,CAM007,2026-01-19,2879,PROD26
ORD01660,CUST1113,C008,CAM007,2026-03-15,695,PROD22
ORD01661,CUST1113,C008,CAM007,2026-05-10,2836,PROD36
ORD01662,CUST1113,C008,CAM007,2026-06-23,1577,PROD45
ORD01663,CUST1114,C009,CAM035,2026-04-17,5591,PROD25
ORD01664,CUST1114,C009,CAM035,2026-06-01,1220,PROD01
ORD01665,CUST1115,C009,CAM035,2026-04-07,10495,PROD31
ORD01666,CUST1116,C011,CAM009,2026-04-21,1354,PROD17
ORD01667,CUST1116,C011,CAM009,2026-05-10,6910,PROD24
ORD01668,CUST1117,C002,CAM002,2026-04-17,753,PROD25
ORD01669,CUST1117,C002,CAM002,2026-05-17,2221,PROD40
ORD01670,CUST1118,C010,CAM038,2026-03-11,3367,PROD39
ORD01671,CUST1119,C017,CAM029,2026-02-23,2832,PROD41
ORD01672,CUST1120,C011,CAM015,2026-05-30,1685,PROD43
ORD01673,CUST1120,C011,CAM015,2026-07-25,4424,PROD34
ORD01674,CUST1121,C009,CAM034,2026-05-16,2237,PROD39
ORD01675,CUST1121,C009,CAM034,2026-06-22,3337,PROD34
ORD01676,CUST1122,C020,CAM026,2026-04-26,10907,PROD44
ORD01677,CUST1123,C010,CAM038,2026-03-08,1359,PROD01
ORD01678,CUST1124,C009,CAM034,2026-05-12,4449,PROD50
ORD01679,CUST1125,C018,CAM031,2026-02-21,1489,PROD26
ORD01680,CUST1126,C013,CAM019,2026-05-14,1816,PROD48
ORD01681,CUST1127,C007,CAM037,2026-01-06,4934,PROD36
ORD01682,CUST1128,C013,CAM032,2026-04-01,4127,PROD38
ORD01683,CUST1129,C010,CAM012,2026-01-30,2524,PROD18
ORD01684,CUST1130,C006,CAM008,2026-03-25,753,PROD30
ORD01685,CUST1131,C005,CAM022,2026-06-17,4447,PROD12
ORD01686,CUST1131,C005,CAM022,2026-07-18,3091,PROD33
ORD01687,CUST1131,C005,CAM022,2026-07-29,3082,PROD36
ORD01688,CUST1132,C018,CAM039,2026-01-29,2722,PROD08
ORD01689,CUST1133,C013,CAM023,2026-04-11,641,PROD35
ORD01690,CUST1134,C017,CAM029,2026-02-24,3892,PROD45
ORD01691,CUST1135,C024,CAM013,2026-06-16,1395,PROD31
ORD01692,CUST1136,C010,CAM038,2026-03-06,2773,PROD50
ORD01693,CUST1137,C009,CAM030,2026-04-08,1959,PROD38
ORD01694,CUST1138,C008,CAM033,2026-01-28,2943,PROD17
ORD01695,CUST1139,C008,CAM007,2026-01-24,6997,PROD15
ORD01696,CUST1140,C013,CAM019,2026-05-15,1745,PROD27
ORD01697,CUST1141,C008,CAM007,2026-01-26,3131,PROD45
ORD01698,CUST1142,C005,CAM022,2026-06-07,2291,PROD06
ORD01699,CUST1142,C005,CAM022,2026-07-07,2319,PROD44
ORD01700,CUST1142,C005,CAM022,2026-08-28,5700,PROD22
ORD01701,CUST1142,C005,CAM022,2026-09-06,7709,PROD36
ORD01702,CUST1143,C008,CAM007,2026-01-25,3428,PROD14
ORD01703,CUST1143,C008,CAM007,2026-03-07,-5772,PROD18
ORD01704,CUST1144,C004,CAM040,2026-02-10,5651,PROD13
ORD01705,CUST1145,C007,CAM037,2026-01-08,2186,PROD16
ORD01706,CUST1145,C007,CAM037,2026-03-09,493,PROD17
ORD01707,CUST1146,C008,CAM033,2026-02-04,3060,PROD16
ORD01708,CUST1147,C013,CAM019,2026-05-27,1191,PROD50
ORD01709,CUST1148,C011,CAM009,2026-04-11,1619,PROD44
ORD01710,CUST1149,C021,CAM025,2026-02-24,4266,PROD49
ORD01711,CUST1150,C007,CAM037,2026-01-13,1008,PROD31
ORD01712,CUST1151,C024,CAM013,2026-06-05,10994,PROD37
ORD01713,CUST1151,C024,CAM013,2026-08-04,1145,PROD18
ORD01714,CUST1152,C018,CAM018,2026-05-31,4536,PROD33
ORD01715,CUST1153,C011,CAM009,2026-04-20,232,PROD37
ORD01716,CUST1153,C011,CAM009,2026-05-03,2557,PROD04
ORD01717,CUST1153,C011,CAM009,2026-06-10,8145,PROD28
ORD01718,CUST1153,C011,CAM009,2026-07-15,2739,PROD35
ORD01719,CUST1154,C010,CAM038,2026-03-11,2099,PROD44
ORD01720,CUST1155,C011,CAM001,2026-03-02,4446,PROD08
ORD01721,CUST1156,C024,CAM013,2026-06-02,3293,PROD45
ORD01722,CUST1157,C013,CAM032,2026-03-09,2329,PROD25
ORD01723,CUST1158,C024,CAM013,2026-05-20,1206,PROD40
ORD01724,CUST1159,C017,CAM029,2026-02-07,3198,PROD17
ORD01725,CUST1159,C017,CAM029,2026-02-27,1836,PROD18
ORD01726,CUST1160,C005,CAM021,2026-06-12,5176,PROD12
ORD01727,CUST1161,C002,CAM027,2026-04-21,1918,PROD45
ORD01728,CUST1161,C002,CAM027,2026-06-13,3697,PROD24
ORD01729,CUST1162,C013,CAM019,2026-05-20,2192,PROD12
ORD01730,CUST1163,C002,CAM002,2026-04-10,15000,PROD44
ORD01731,CUST1164,C018,CAM031,2026-02-13,2994,PROD16
ORD01732,CUST1165,C021,CAM025,2026-02-22,775,PROD13
ORD01733,CUST1166,C011,CAM015,2026-06-04,12875,PROD10
ORD01734,CUST1167,C018,CAM016,2026-01-27,1803,PROD27
ORD01735,CUST1167,C018,CAM016,2026-03-04,3096,PROD09
ORD01736,CUST1168,C018,CAM017,2026-04-23,2179,PROD20
ORD01737,CUST1169,C007,CAM028,2026-03-23,7127,PROD04
ORD01738,CUST1170,C006,CAM008,2026-03-17,1928,PROD04
ORD01739,CUST1171,C011,CAM015,2026-06-05,2753,PROD41
ORD01740,CUST1171,C011,CAM015,2026-06-16,5447,PROD29
ORD01741,CUST1171,C011,CAM015,2026-08-07,4813,PROD22
ORD01742,CUST1171,C011,CAM015,2026-08-28,4361,PROD24
ORD01743,CUST1172,C023,CAM005,2026-05-30,8485,PROD27
ORD01744,CUST1172,C023,CAM005,2026-06-11,3294,PROD23
ORD01745,CUST1172,C023,CAM005,2026-08-10,804,PROD44
ORD01746,CUST1173,C004,CAM020,2026-02-12,4622,PROD42
ORD01747,CUST1174,C002,CAM002,2026-04-16,7205,PROD50
ORD01748,CUST1174,C002,CAM002,2026-05-09,2769,PROD23
ORD01749,CUST1174,C002,CAM002,2026-06-03,997,PROD44
ORD01750,CUST1175,C009,CAM035,2026-04-13,3933,PROD29
ORD01751,CUST1176,C009,CAM030,2026-04-04,5779,PROD30
ORD01752,CUST1177,C011,CAM001,2026-03-01,4962,PROD41
ORD01753,CUST1178,C005,CAM021,2026-06-03,5620,PROD40
ORD01754,CUST1179,C011,CAM015,2026-05-29,7451,PROD05
ORD01755,CUST1180,C005,CAM021,2026-05-29,3060,PROD21
ORD01756,CUST1181,C010,CAM012,2026-02-08,5847,PROD18
ORD01757,CUST1182,C004,CAM040,2026-02-07,2350,PROD29
ORD01758,CUST1183,C018,CAM031,2026-02-21,2353,PROD34
ORD01759,CUST1184,C008,CAM033,2026-02-10,6326,PROD02
ORD01760,CUST1184,C008,CAM033,2026-02-23,2983,PROD47
ORD01761,CUST1185,C018,CAM018,2026-06-16,3480,PROD48
ORD01762,CUST1185,C018,CAM018,2026-08-04,6726,PROD48
ORD01763,CUST1186,C002,CAM002,2026-04-11,1947,PROD07
ORD01764,CUST1186,C002,CAM002,2026-04-22,11504,PROD05
ORD01765,CUST1187,C009,CAM030,2026-04-06,4528,PROD50
ORD01766,CUST1187,C009,CAM030,2026-05-06,3723,PROD34
ORD01767,CUST1188,C017,CAM029,2026-02-01,8974,PROD40
ORD01768,CUST1188,C017,CAM029,2026-02-15,1257,PROD06
ORD01769,CUST1188,C017,CAM029,2026-04-02,277,PROD25
ORD01770,CUST1189,C005,CAM022,2026-06-06,5076,PROD19
ORD01771,CUST1189,C005,CAM022,2026-07-09,230,PROD41
ORD01772,CUST1190,C002,CAM027,2026-04-12,8964,PROD11
ORD01773,CUST1191,C024,CAM013,2026-05-18,3901,PROD21
ORD01774,CUST1192,C008,CAM007,2026-01-25,1203,PROD35
ORD01775,CUST1193,C023,CAM005,2026-06-05,7735,PROD45
ORD01776,CUST1193,C023,CAM005,2026-07-14,2850,PROD12
ORD01777,CUST1194,C021,CAM025,2026-02-28,4612,PROD48
ORD01778,CUST1195,C005,CAM021,2026-06-11,1127,PROD41
ORD01779,CUST1196,C013,CAM019,2026-05-25,354,PROD23
ORD01780,CUST1197,C013,CAM023,2026-04-11,5034,PROD06
ORD01781,CUST1198,C004,CAM020,2026-02-15,8669,PROD17
ORD01782,CUST1199,C004,CAM040,2026-01-27,3246,PROD34
ORD01783,CUST1199,C004,CAM040,2026-03-25,4901,PROD49
ORD01784,CUST1199,C004,CAM040,2026-05-23,1301,PROD09
ORD01785,CUST1199,C004,CAM040,2026-06-19,3636,PROD19
ORD01786,CUST1200,C008,CAM033,2026-02-14,2922,PROD32
ORD01787,CUST1200,C008,CAM033,2026-04-08,7446,PROD31
ORD01788,CUST1200,C008,CAM033,2026-05-02,1829,PROD01
ORD01789,CUST1201,C010,CAM012,2026-02-01,5255,PROD39
ORD01790,CUST1202,C004,CAM020,2026-02-06,2162,PROD13
ORD01791,CUST1203,C002,CAM002,2026-04-16,5450,PROD16
ORD01792,CUST1204,C007,CAM028,2026-03-28,6176,PROD25
ORD01793,CUST1205,C002,CAM002,2026-04-14,8358,PROD06
ORD01794,CUST1205,C002,CAM002,2026-05-16,2174,PROD41
ORD01795,CUST1206,C011,CAM003,2026-03-17,3224,PROD40
ORD01796,CUST1207,C013,CAM032,2026-03-31,618,PROD19
ORD01797,CUST1208,C007,CAM028,2026-03-29,1646,PROD18
ORD01798,CUST1209,C023,CAM005,2026-05-28,9115,PROD12
ORD01799,CUST1210,C009,CAM034,2026-05-19,1099,PROD30
ORD01800,CUST1210,C009,CAM034,2026-07-02,4139,PROD29
ORD01801,CUST1211,C017,CAM029,2026-02-21,6532,PROD13
ORD01802,CUST1212,C017,CAM029,2026-01-30,397,PROD35
ORD01803,CUST1212,C017,CAM029,2026-02-05,960,PROD12
ORD01804,CUST1213,C003,CAM011,2026-03-04,7967,PROD46
ORD01805,CUST1214,C004,CAM020,2026-02-06,9574,PROD10
ORD01806,CUST1214,C004,CAM020,2026-02-11,4754,PROD32
ORD01807,CUST1214,C004,CAM020,2026-03-01,9586,PROD22
ORD01808,CUST1214,C004,CAM020,2026-04-01,2969,PROD20
ORD01809,CUST1214,C004,CAM020,2026-05-26,2550,PROD32
ORD01810,CUST1215,C021,CAM025,2026-02-23,1316,PROD03
ORD01811,CUST1216,C002,CAM027,2026-04-10,7236,PROD10
ORD01812,CUST1217,C008,CAM007,2026-01-22,3773,PROD05
ORD01813,CUST1218,C002,CAM002,2026-04-15,916,PROD17
ORD01814,CUST1218,C002,CAM002,2026-06-11,4638,PROD25
ORD01815,CUST1218,C002,CAM002,2026-08-08,3059,PROD01
ORD01816,CUST1219,C007,CAM037,2026-01-08,3331,PROD29
ORD01817,CUST1220,C011,CAM003,2026-03-09,517,PROD48
ORD01818,CUST1220,C011,CAM003,2026-05-02,14927,PROD07
ORD01819,CUST1221,C004,CAM020,2026-02-12,3114,PROD44
ORD01820,CUST1222,C009,CAM035,2026-04-11,2007,PROD47
ORD01821,CUST1222,C009,CAM035,2026-04-18,2452,PROD48
ORD01822,CUST1222,C009,CAM035,2026-05-28,3003,PROD34
ORD01823,CUST1222,C009,CAM035,2026-06-09,1913,PROD17
ORD01824,CUST1223,C011,CAM015,2026-06-02,8600,PROD24
ORD01825,CUST1223,C011,CAM015,2026-06-10,3075,PROD43
ORD01826,CUST1224,C007,CAM036,2026-01-04,3867,PROD28
ORD01827,CUST1225,C023,CAM010,2026-04-04,1862,PROD18
ORD01828,CUST1225,C023,CAM010,2026-05-16,5328,PROD08
ORD01829,CUST1225,C023,CAM010,2026-06-15,3881,PROD16
ORD01830,CUST1225,C023,CAM010,2026-06-20,5819,PROD03
ORD01831,CUST1226,C010,CAM038,2026-03-10,3187,PROD10
ORD01832,CUST1227,C009,CAM030,2026-03-30,2769,PROD32
ORD01833,CUST1227,C009,CAM030,2026-04-09,3309,PROD44
ORD01834,CUST1228,C003,CAM011,2026-03-05,1731,PROD49
ORD01835,CUST1229,C012,CAM024,2026-05-07,3044,PROD42
ORD01836,CUST1229,C012,CAM024,2026-05-21,3463,PROD45
ORD01837,CUST1229,C012,CAM024,2026-06-29,1247,PROD07
ORD01838,CUST1230,C014,CAM014,2026-05-14,5979,PROD36
ORD01839,CUST1231,C023,CAM010,2026-04-14,4558,PROD29
ORD01840,CUST1232,C011,CAM003,2026-03-12,5193,PROD25
ORD01841,CUST1232,C011,CAM003,2026-04-08,2676,PROD47
ORD01842,CUST1233,C017,CAM029,2026-02-07,8002,PROD32
ORD01843,CUST1234,C007,CAM036,2026-01-15,2210,PROD35
ORD01844,CUST1235,C012,CAM024,2026-05-14,4452,PROD12
ORD01845,CUST1236,C002,CAM002,2026-04-13,3677,PROD30
ORD01846,CUST1237,C004,CAM020,2026-02-11,7557,PROD10
ORD01847,CUST1237,C004,CAM020,2026-03-16,6813,PROD19
ORD01848,CUST1237,C004,CAM020,2026-05-12,1821,PROD17
ORD01849,CUST1237,C004,CAM020,2026-06-20,5432,PROD24
ORD01850,CUST1238,C014,CAM014,2026-04-29,1256,PROD33
ORD01851,CUST1239,C011,CAM009,2026-04-13,4024,PROD40
ORD01852,CUST1240,C010,CAM012,2026-01-30,3437,PROD16
ORD01853,CUST1241,C008,CAM033,2026-02-20,6633,PROD35
ORD01854,CUST1241,C008,CAM033,2026-04-18,2583,PROD25
ORD01855,CUST1241,C008,CAM033,2026-05-05,4651,PROD34
ORD01856,CUST1242,C018,CAM004,2026-05-25,1327,PROD10
ORD01857,CUST1243,C017,CAM029,2026-02-08,4159,PROD42
ORD01858,CUST1243,C017,CAM029,2026-03-05,5287,PROD08
ORD01859,CUST1244,C017,CAM029,2026-02-15,6038,PROD03
ORD01860,CUST1245,C007,CAM036,2026-01-05,2719,PROD03
ORD01861,CUST1246,C013,CAM019,2026-05-11,2992,PROD07
ORD01862,CUST1247,C013,CAM023,2026-04-12,2370,PROD25
ORD01863,CUST1248,C007,CAM036,2026-01-16,2045,PROD45
ORD01864,CUST1249,C023,CAM010,2026-04-08,10028,PROD15
ORD01865,CUST1249,C023,CAM010,2026-05-21,3109,PROD46
ORD01866,CUST1249,C023,CAM010,2026-05-30,3816,PROD01
ORD01867,CUST1250,C021,CAM025,2026-03-01,4610,PROD06
ORD01868,CUST1251,C013,CAM032,2026-03-29,1340,PROD36
ORD01869,CUST1251,C013,CAM032,2026-05-20,2134,PROD27
ORD01870,CUST1251,C013,CAM032,2026-07-16,201,PROD24
ORD01871,CUST1251,C013,CAM032,2026-09-09,3908,PROD46
ORD01872,CUST1252,C013,CAM006,2026-04-22,2246,PROD03
ORD01873,CUST1253,C023,CAM010,2026-04-05,4267,PROD05
ORD01874,CUST1254,C011,CAM001,2026-03-13,5938,PROD47
ORD01875,CUST1254,C011,CAM001,2026-04-01,1041,PROD35
ORD01876,CUST1255,C004,CAM020,2026-02-12,4451,PROD43
ORD01877,CUST1255,C004,CAM020,2026-03-04,3690,PROD37
ORD01878,CUST1256,C011,CAM015,2026-05-25,6128,PROD36
ORD01879,CUST1257,C020,CAM026,2026-05-12,942,PROD41
ORD01880,CUST1257,C020,CAM026,2026-06-22,1689,PROD23
ORD01881,CUST1257,C020,CAM026,2026-08-09,1612,PROD30
ORD01882,CUST1258,C013,CAM023,2026-04-13,6699,PROD07
ORD01883,CUST1259,C012,CAM024,2026-05-09,1051,PROD33
ORD01884,CUST1260,C007,CAM036,2026-01-22,4091,PROD39
ORD01885,CUST1260,C007,CAM036,2026-02-24,3330,PROD23
ORD01886,CUST1260,C007,CAM036,2026-03-21,1908,PROD36
ORD01887,CUST1261,C010,CAM012,2026-01-30,2808,PROD41
ORD01888,CUST1262,C005,CAM022,2026-06-09,1554,PROD37
ORD01889,CUST1263,C017,CAM029,2026-02-05,5581,PROD36
ORD01890,CUST1263,C017,CAM029,2026-03-29,2715,PROD17
ORD01891,CUST1263,C017,CAM029,2026-04-26,1608,PROD29
ORD01892,CUST1263,C017,CAM029,2026-05-29,3911,PROD26
ORD01893,CUST1264,C018,CAM017,2026-04-14,1040,PROD39
ORD01894,CUST1265,C007,CAM036,2026-01-17,3049,PROD20
ORD01895,CUST1265,C007,CAM036,2026-01-22,1021,PROD20
ORD01896,CUST1266,C018,CAM017,2026-04-19,5448,PROD02
ORD01897,CUST1267,C013,CAM023,2026-04-16,1197,PROD18
ORD01898,CUST1268,C012,CAM024,2026-05-15,3786,PROD37
ORD01899,CUST1269,C011,CAM003,2026-03-10,5425,PROD23
ORD01900,CUST1269,C011,CAM003,2026-03-24,6192,PROD09
ORD01901,CUST1269,C011,CAM003,2026-04-14,3439,PROD24
ORD01902,CUST1269,C011,CAM003,2026-05-26,3787,PROD16
ORD01903,CUST1269,C011,CAM003,2026-06-14,1490,PROD17
ORD01904,CUST1270,C018,CAM031,2026-02-19,1303,PROD26
ORD01905,CUST1270,C018,CAM031,2026-04-01,1296,PROD14
ORD01906,CUST1271,C023,CAM005,2026-05-24,2497,PROD31
ORD01907,CUST1272,C007,CAM037,2026-01-12,3761,PROD45
ORD01908,CUST1273,C024,CAM013,2026-06-04,3789,PROD07
ORD01909,CUST1274,C008,CAM033,2026-02-17,2077,PROD47
ORD01910,CUST1275,C009,CAM035,2026-04-15,7126,PROD50
ORD01911,CUST1276,C009,CAM035,2026-04-18,904,PROD28
ORD01912,CUST1277,C011,CAM003,2026-03-10,646,PROD15
ORD01913,CUST1278,C020,CAM026,2026-05-09,1439,PROD01
ORD01914,CUST1279,C023,CAM010,2026-04-16,6435,PROD04
ORD01915,CUST1280,C013,CAM019,2026-05-24,952,PROD35
ORD01916,CUST1280,C013,CAM019,2026-07-04,8500,PROD10
ORD01917,CUST1280,C013,CAM019,2026-07-29,856,PROD33
ORD01918,CUST1281,C017,CAM029,2026-02-06,4982,PROD44
ORD01919,CUST1281,C017,CAM029,2026-03-29,5285,PROD26
ORD01920,CUST1282,C009,CAM034,2026-06-03,537,PROD33
ORD01921,CUST1283,C023,CAM005,2026-05-29,4498,PROD26
ORD01922,CUST1283,C023,CAM005,2026-06-12,8429,PROD09
ORD01923,CUST1284,C002,CAM002,2026-04-09,2264,PROD48
ORD01924,CUST1285,C013,CAM006,2026-04-20,3863,PROD06
ORD01925,CUST1286,C008,CAM033,2026-02-13,4116,PROD45
ORD01926,CUST1287,C006,CAM008,2026-03-18,6817,PROD13
ORD01927,CUST1288,C023,CAM010,2026-04-10,11161,PROD13
ORD01928,CUST1289,C009,CAM034,2026-05-29,303,PROD34
ORD01929,CUST1290,C018,CAM031,2026-02-17,3617,PROD50
ORD01930,CUST1290,C018,CAM031,2026-03-21,2122,PROD21
ORD01931,CUST1290,C018,CAM031,2026-05-08,5162,PROD37
ORD01932,CUST1291,C018,CAM039,2026-01-22,7793,PROD28
ORD01933,CUST1292,C007,CAM037,2026-01-10,3104,PROD23
ORD01934,CUST1292,C007,CAM037,2026-02-22,1727,PROD42
ORD01935,CUST1292,C007,CAM037,2026-02-28,2468,PROD50
ORD01936,CUST1293,C018,CAM039,2026-01-23,12935,PROD40
ORD01937,CUST1294,C011,CAM001,2026-03-11,4357,PROD29
ORD01938,CUST1295,C010,CAM012,2026-02-14,13466,PROD44
ORD01939,CUST1296,C005,CAM022,2026-06-03,3974,PROD06
ORD01940,CUST1297,C003,CAM011,2026-03-18,5345,PROD40
ORD01941,CUST1297,C003,CAM011,2026-04-01,2019,PROD19
ORD01942,CUST1297,C003,CAM011,2026-04-06,9240,PROD22
ORD01943,CUST1298,C021,CAM025,2026-03-06,11183,PROD29
ORD01944,CUST1298,C021,CAM025,2026-04-10,2534,PROD02
ORD01945,CUST1299,C013,CAM023,2026-04-06,1629,PROD14
ORD01946,CUST1300,C005,CAM021,2026-06-10,5117,PROD17
ORD01947,CUST1301,C004,CAM020,2026-02-21,2849,PROD10
ORD01948,CUST1302,C011,CAM001,2026-02-25,1343,PROD43
ORD01949,CUST1303,C011,CAM001,2026-02-26,4834,PROD04
ORD01950,CUST1303,C011,CAM001,2026-03-21,3956,PROD13
ORD01951,CUST1304,C018,CAM016,2026-01-26,7455,PROD04
ORD01952,CUST1305,C017,CAM029,2026-02-19,5599,PROD05
ORD01953,CUST1306,C004,CAM020,2026-02-14,4772,PROD43
ORD01954,CUST1307,C018,CAM018,2026-06-22,2106,PROD19
ORD01955,CUST1307,C018,CAM018,2026-08-21,1325,PROD42
ORD01956,CUST1307,C018,CAM018,2026-09-19,5782,PROD15
ORD01957,CUST1307,C018,CAM018,2026-10-18,538,PROD33
ORD01958,CUST1307,C018,CAM018,2026-12-07,3556,PROD07
ORD01959,CUST1308,C010,CAM038,2026-03-10,14423,PROD35
ORD01960,CUST1309,C008,CAM007,2026-01-20,4849,PROD30
ORD01961,CUST1309,C008,CAM007,2026-03-01,4656,PROD46
ORD01962,CUST1310,C005,CAM021,2026-05-25,3789,PROD34
ORD01963,CUST1310,C005,CAM021,2026-06-18,1514,PROD22
ORD01964,CUST1310,C005,CAM021,2026-07-24,7879,PROD26
ORD01965,CUST1310,C005,CAM021,2026-09-14,8666,PROD11
ORD01966,CUST1311,C008,CAM033,2026-02-08,6958,PROD23
ORD01967,CUST1312,C004,CAM040,2026-01-27,3331,PROD33
ORD01968,CUST1312,C004,CAM040,2026-02-18,14004,PROD04
ORD01969,CUST1312,C004,CAM040,2026-04-04,3213,PROD17
ORD01970,CUST1313,C018,CAM004,2026-05-18,7111,PROD18
ORD01971,CUST1314,C010,CAM038,2026-03-05,9402,PROD26
ORD01972,CUST1315,C009,CAM030,2026-03-31,2865,PROD25
ORD01973,CUST1315,C009,CAM030,2026-05-08,1482,PROD44
ORD01974,CUST1316,C007,CAM028,2026-03-26,3709,PROD27
ORD01975,CUST1317,C011,CAM003,2026-03-11,10493,PROD20
ORD01976,CUST1318,C004,CAM020,2026-02-16,2842,PROD09
ORD01977,CUST1319,C003,CAM011,2026-03-15,11390,PROD35
ORD01978,CUST1319,C003,CAM011,2026-05-02,1668,PROD13
ORD01979,CUST1319,C003,CAM011,2026-07-01,5982,PROD09
ORD01980,CUST1319,C003,CAM011,2026-07-25,5268,PROD45
ORD01981,CUST1319,C003,CAM011,2026-09-13,3491,PROD34
ORD01982,CUST1319,C003,CAM011,2026-09-26,4277,PROD28
ORD01983,CUST1320,C014,CAM014,2026-05-03,2252,PROD37
ORD01984,CUST1321,C007,CAM036,2026-01-11,8723,PROD35
ORD01985,CUST1321,C007,CAM036,2026-03-03,3241,PROD08
ORD01986,CUST1322,C018,CAM018,2026-06-05,4515,PROD10
ORD01987,CUST1323,C020,CAM026,2026-04-19,9036,PROD27
ORD01988,CUST1324,C013,CAM019,2026-05-17,1420,PROD41
ORD01989,CUST1325,C004,CAM020,2026-02-14,2024,PROD13
ORD01990,CUST1325,C004,CAM020,2026-02-25,12285,PROD09
ORD01991,CUST1325,C004,CAM020,2026-03-13,6059,PROD02
ORD01992,CUST1325,C004,CAM020,2026-05-05,4629,PROD40
ORD01993,CUST1326,C018,CAM018,2026-06-03,667,PROD40
ORD01994,CUST1327,C017,CAM029,2026-02-18,1402,PROD44
ORD01995,CUST1327,C017,CAM029,2026-02-24,1823,PROD23
ORD01996,CUST1328,C007,CAM028,2026-03-28,2966,PROD09
ORD01997,CUST1329,C008,CAM007,2026-01-25,2462,PROD24
ORD01998,CUST1330,C018,CAM017,2026-04-25,6299,PROD09
ORD01999,CUST1331,C020,CAM026,2026-04-25,4044,PROD27
ORD02000,CUST1331,C020,CAM026,2026-06-17,285,PROD01
ORD02001,CUST1332,C007,CAM037,2026-01-11,4482,PROD43
ORD02002,CUST1332,C007,CAM037,2026-01-28,8916,PROD49
ORD02003,CUST1333,C024,CAM013,2026-05-19,3672,PROD29
ORD02004,CUST1333,C024,CAM013,2026-07-18,10216,PROD40
ORD02005,CUST1333,C024,CAM013,2026-08-23,1911,PROD45
ORD02006,CUST1334,C010,CAM012,2026-02-02,6579,PROD28
ORD02007,CUST1335,C007,CAM036,2026-01-25,6507,PROD48
ORD02008,CUST1335,C007,CAM036,2026-03-23,14476,PROD25
ORD02009,CUST1335,C007,CAM036,2026-05-13,3801,PROD21
ORD02010,CUST1336,C004,CAM020,2026-02-07,7831,PROD29
ORD02011,CUST1337,C004,CAM040,2026-01-19,1841,PROD16
ORD02012,CUST1338,C018,CAM017,2026-04-25,12109,PROD03
ORD02013,CUST1339,C018,CAM004,2026-05-24,4910,PROD41
ORD02014,CUST1340,C005,CAM021,2026-05-30,2920,PROD26
ORD02015,CUST1340,C005,CAM021,2026-06-23,720,PROD50
ORD02016,CUST1341,C005,CAM021,2026-06-02,4581,PROD28
ORD02017,CUST1342,C009,CAM035,2026-04-15,4517,PROD45
ORD02018,CUST1343,C011,CAM003,2026-03-11,5918,PROD42
ORD02019,CUST1344,C005,CAM022,2026-06-01,2332,PROD08
ORD02020,CUST1345,C011,CAM015,2026-06-04,4398,PROD45
ORD02021,CUST1346,C011,CAM009,2026-04-12,4274,PROD21
ORD02022,CUST1347,C018,CAM039,2026-01-21,2945,PROD38
ORD02023,CUST1348,C011,CAM003,2026-03-12,3444,PROD06
ORD02024,CUST1349,C014,CAM014,2026-05-09,2398,PROD46
ORD02025,CUST1350,C007,CAM036,2026-01-06,7763,PROD08
ORD02026,CUST1351,C005,CAM022,2026-06-02,4433,PROD41
ORD02027,CUST1352,C017,CAM029,2026-02-01,2180,PROD25
ORD02028,CUST1353,C009,CAM030,2026-04-06,4689,PROD11
ORD02029,CUST1354,C008,CAM033,2026-02-14,2506,PROD50
ORD02030,CUST1355,C003,CAM011,2026-03-05,6640,PROD43
ORD02031,CUST1356,C018,CAM039,2026-01-23,3019,PROD10
ORD02032,CUST1356,C018,CAM039,2026-02-08,6650,PROD50
ORD02033,CUST1356,C018,CAM039,2026-03-30,4390,PROD04
ORD02034,CUST1357,C011,CAM001,2026-03-06,2665,PROD50
ORD02035,CUST1357,C011,CAM001,2026-04-08,1238,PROD19
ORD02036,CUST1357,C011,CAM001,2026-05-23,6536,PROD12
ORD02037,CUST1357,C011,CAM001,2026-06-04,895,PROD09
ORD02038,CUST1357,C011,CAM001,2026-06-21,6384,PROD01
ORD02039,CUST1357,C011,CAM001,2026-08-04,1443,PROD49
ORD02040,CUST1358,C020,CAM026,2026-04-19,3173,PROD32
ORD02041,CUST1359,C018,CAM031,2026-02-10,9555,PROD32
ORD02042,CUST1360,C005,CAM022,2026-06-05,1307,PROD31
ORD02043,CUST1361,C010,CAM038,2026-03-09,6948,PROD39
ORD02044,CUST1362,C007,CAM028,2026-03-06,4098,PROD36
ORD02045,CUST1363,C008,CAM033,2026-02-16,3049,PROD14
ORD02046,CUST1364,C004,CAM040,2026-01-23,3013,PROD42
ORD02047,CUST1364,C004,CAM040,2026-02-19,3002,PROD03
ORD02048,CUST1364,C004,CAM040,2026-03-05,7085,PROD03
ORD02049,CUST1365,C018,CAM004,2026-05-27,1334,PROD20
ORD02050,CUST1366,C021,CAM025,2026-02-11,4870,PROD27
ORD02051,CUST1366,C021,CAM025,2026-02-27,2388,PROD11
ORD02052,CUST1366,C021,CAM025,2026-04-16,9180,PROD19
ORD02053,CUST1367,C009,CAM035,2026-04-16,7982,PROD39
ORD02054,CUST1368,C013,CAM006,2026-04-28,1677,PROD30
ORD02055,CUST1369,C021,CAM025,2026-02-27,421,PROD03
ORD02056,CUST1370,C011,CAM009,2026-04-17,6489,PROD25
ORD02057,CUST1371,C005,CAM022,2026-06-01,4818,PROD36
ORD02058,CUST1372,C009,CAM030,2026-04-02,6811,PROD08
ORD02059,CUST1373,C007,CAM036,2026-01-09,5834,PROD27
ORD02060,CUST1374,C013,CAM019,2026-05-14,2954,PROD40
ORD02061,CUST1375,C018,CAM031,2026-02-13,3848,PROD41
ORD02062,CUST1376,C018,CAM018,2026-05-28,3580,PROD45
ORD02063,CUST1377,C020,CAM026,2026-05-14,1565,PROD19
ORD02064,CUST1378,C002,CAM027,2026-04-27,4112,PROD17
ORD02065,CUST1379,C008,CAM007,2026-01-23,5087,PROD40
ORD02066,CUST1380,C002,CAM002,2026-04-15,3470,PROD41
ORD02067,CUST1381,C009,CAM035,2026-04-13,4850,PROD40
ORD02068,CUST1382,C018,CAM031,2026-02-19,1411,PROD01
ORD02069,CUST1383,C011,CAM009,2026-04-08,3373,PROD08
ORD02070,CUST1384,C021,CAM025,2026-03-08,1239,PROD40
ORD02071,CUST1384,C021,CAM025,2026-04-08,2854,PROD27
ORD02072,CUST1384,C021,CAM025,2026-04-15,8202,PROD22
ORD02073,CUST1384,C021,CAM025,2026-05-12,2965,PROD36
ORD02074,CUST1385,C021,CAM025,2026-03-01,6743,PROD41
ORD02075,CUST1385,C021,CAM025,2026-03-18,4128,PROD45
ORD02076,CUST1386,C018,CAM016,2026-01-19,3282,PROD20
ORD02077,CUST1387,C011,CAM009,2026-04-18,4308,PROD08
ORD02078,CUST1388,C006,CAM008,2026-03-21,3946,PROD47
ORD02079,CUST1389,C002,CAM002,2026-04-17,3370,PROD12
ORD02080,CUST1390,C004,CAM040,2026-01-28,2362,PROD44
ORD02081,CUST1391,C002,CAM002,2026-04-15,10825,PROD42
ORD02082,CUST1392,C010,CAM038,2026-03-10,3154,PROD30
ORD02083,CUST1392,C010,CAM038,2026-05-09,5049,PROD35
ORD02084,CUST1392,C010,CAM038,2026-06-04,1366,PROD30
ORD02085,CUST1393,C008,CAM007,2026-01-24,1321,PROD04
ORD02086,CUST1394,C013,CAM006,2026-04-19,1483,PROD47
ORD02087,CUST1395,C018,CAM017,2026-04-23,13220,PROD02
ORD02088,CUST1396,C010,CAM038,2026-03-08,1877,PROD23
ORD02089,CUST1397,C009,CAM035,2026-04-08,1670,PROD02
ORD02090,CUST1397,C009,CAM035,2026-05-04,1489,PROD25
ORD02091,CUST1398,C017,CAM029,2026-02-16,12453,PROD37
ORD02092,CUST1399,C018,CAM004,2026-05-24,1539,PROD08
ORD02093,CUST1399,C018,CAM004,2026-07-23,2949,PROD49
ORD02094,CUST1399,C018,CAM004,2026-08-16,2474,PROD46
ORD02095,CUST1399,C018,CAM004,2026-10-14,200,PROD21
ORD02096,CUST1400,C017,CAM029,2026-01-31,6915,PROD06
ORD02097,CUST1400,C017,CAM029,2026-03-08,12123,PROD16
ORD02098,CUST1401,C010,CAM012,2026-02-02,3437,PROD20
ORD02099,CUST1402,C013,CAM019,2026-05-24,6643,PROD08
ORD02100,CUST1403,C012,CAM024,2026-05-07,5337,PROD06
ORD02101,CUST1404,C004,CAM040,2026-02-03,4803,PROD31
ORD02102,CUST1404,C004,CAM040,2026-03-12,14476,PROD10
ORD02103,CUST1405,C009,CAM030,2026-04-03,812,PROD47
ORD02104,CUST1406,C009,CAM035,2026-04-14,3319,PROD21
ORD02105,CUST1406,C009,CAM035,2026-04-28,3746,PROD50
ORD02106,CUST1407,C014,CAM014,2026-05-02,3233,PROD34
ORD02107,CUST1408,C002,CAM027,2026-04-12,2270,PROD03
ORD02108,CUST1408,C002,CAM027,2026-05-16,2434,PROD25
ORD02109,CUST1409,C009,CAM035,2026-04-14,1234,PROD20
ORD02110,CUST1409,C009,CAM035,2026-04-21,1841,PROD44
ORD02111,CUST1409,C009,CAM035,2026-06-19,9138,PROD39
ORD02112,CUST1410,C006,CAM008,2026-03-17,3064,PROD03
ORD02113,CUST1411,C002,CAM027,2026-04-24,3221,PROD48
ORD02114,CUST1412,C018,CAM004,2026-05-18,1520,PROD20
ORD02115,CUST1413,C018,CAM017,2026-04-19,2090,PROD13
ORD02116,CUST1414,C003,CAM011,2026-03-03,1545,PROD50
ORD02117,CUST1415,C007,CAM037,2026-01-15,8530,PROD10
ORD02118,CUST1415,C007,CAM037,2026-01-30,7190,PROD18
ORD02119,CUST1415,C007,CAM037,2026-02-11,3620,PROD01
ORD02120,CUST1416,C018,CAM004,2026-05-26,1595,PROD14
ORD02121,CUST1417,C013,CAM019,2026-05-19,1773,PROD18
ORD02122,CUST1418,C018,CAM017,2026-04-22,537,PROD11
ORD02123,CUST1419,C017,CAM029,2026-02-08,758,PROD22
ORD02124,CUST1420,C005,CAM021,2026-06-07,9930,PROD02
ORD02125,CUST1420,C005,CAM021,2026-07-12,4713,PROD44
ORD02126,CUST1421,C018,CAM018,2026-05-29,2170,PROD06
ORD02127,CUST1422,C004,CAM040,2026-01-30,2235,PROD39
ORD02128,CUST1422,C004,CAM040,2026-03-13,3992,PROD41
ORD02129,CUST1423,C003,CAM011,2026-03-17,5179,PROD40
ORD02130,CUST1424,C021,CAM025,2026-02-18,609,PROD13
ORD02131,CUST1425,C023,CAM005,2026-05-24,1374,PROD49
ORD02132,CUST1426,C002,CAM027,2026-04-22,5150,PROD06
ORD02133,CUST1427,C013,CAM006,2026-04-28,6858,PROD30
ORD02134,CUST1428,C011,CAM001,2026-03-11,900,PROD42
ORD02135,CUST1428,C011,CAM001,2026-04-30,4159,PROD50
ORD02136,CUST1429,C018,CAM017,2026-04-28,704,PROD15
ORD02137,CUST1429,C018,CAM017,2026-05-12,14606,PROD40
ORD02138,CUST1430,C018,CAM004,2026-05-23,291,PROD45
ORD02139,CUST1431,C021,CAM025,2026-02-19,2893,PROD21
ORD02140,CUST1432,C010,CAM038,2026-03-10,1350,PROD31
ORD02141,CUST1432,C010,CAM038,2026-03-22,4414,PROD23
ORD02142,CUST1432,C010,CAM038,2026-04-26,6840,PROD30
ORD02143,CUST1432,C010,CAM038,2026-06-24,4159,PROD11
ORD02144,CUST1433,C023,CAM005,2026-06-02,8327,PROD09
ORD02145,CUST1434,C008,CAM033,2026-01-31,1911,PROD46
ORD02146,CUST1435,C021,CAM025,2026-02-12,2470,PROD42
ORD02147,CUST1436,C007,CAM028,2026-03-15,4014,PROD26
ORD02148,CUST1437,C011,CAM003,2026-03-15,1135,PROD16
ORD02149,CUST1437,C011,CAM003,2026-04-24,7836,PROD11
ORD02150,CUST1437,C011,CAM003,2026-05-29,2138,PROD25
ORD02151,CUST1438,C005,CAM021,2026-06-03,959,PROD45
ORD02152,CUST1438,C005,CAM021,2026-07-15,5938,PROD28
ORD02153,CUST1439,C008,CAM033,2026-02-10,682,PROD22
ORD02154,CUST1440,C009,CAM034,2026-06-01,4949,PROD43
ORD02155,CUST1440,C009,CAM034,2026-07-18,10495,PROD05
ORD02156,CUST1440,C009,CAM034,2026-09-08,1973,PROD46
ORD02157,CUST1441,C014,CAM014,2026-05-14,1797,PROD39
ORD02158,CUST1441,C014,CAM014,2026-06-17,2908,PROD21
ORD02159,CUST1441,C014,CAM014,2026-07-27,6801,PROD07
ORD02160,CUST1441,C014,CAM014,2026-09-22,3101,PROD29
ORD02161,CUST1441,C014,CAM014,2026-10-08,5479,PROD20
ORD02162,CUST1441,C014,CAM014,2026-11-07,4071,PROD05
ORD02163,CUST1441,C014,CAM014,2026-12-20,5202,PROD07
ORD02164,CUST1442,C004,CAM040,2026-02-06,2242,PROD25
ORD02165,CUST1443,C003,CAM011,2026-03-10,2029,PROD04
ORD02166,CUST1444,C013,CAM032,2026-03-15,587,PROD38
ORD02167,CUST1445,C018,CAM018,2026-06-15,7096,PROD49
ORD02168,CUST1446,C009,CAM035,2026-04-16,4057,PROD35
ORD02169,CUST1446,C009,CAM035,2026-05-09,6041,PROD25
ORD02170,CUST1446,C009,CAM035,2026-06-22,498,PROD37
ORD02171,CUST1446,C009,CAM035,2026-07-25,330,PROD13
ORD02172,CUST1447,C023,CAM005,2026-06-01,3502,PROD44
ORD02173,CUST1447,C023,CAM005,2026-06-25,507,PROD28
ORD02174,CUST1447,C023,CAM005,2026-08-14,3873,PROD23
ORD02175,CUST1447,C023,CAM005,2026-08-24,2711,PROD38
ORD02176,CUST1448,C013,CAM032,2026-03-28,3260,PROD26
ORD02177,CUST1449,C007,CAM037,2026-01-07,7459,PROD04
ORD02178,CUST1450,C011,CAM001,2026-03-14,1130,PROD01
ORD02179,CUST1451,C018,CAM017,2026-04-24,2678,PROD19
ORD02180,CUST1451,C018,CAM017,2026-06-23,6325,PROD02
ORD02181,CUST1451,C018,CAM017,2026-07-13,2404,PROD28
ORD02182,CUST1452,C018,CAM018,2026-06-13,2467,PROD21
ORD02183,CUST1453,C018,CAM017,2026-04-25,2370,PROD28
ORD02184,CUST1454,C007,CAM037,2026-01-08,6156,PROD31
ORD02185,CUST1455,C007,CAM037,2026-01-08,3942,PROD24
ORD02186,CUST1456,C007,CAM036,2026-01-14,1893,PROD43
ORD02187,CUST1456,C007,CAM036,2026-01-27,4199,PROD09
ORD02188,CUST1457,C018,CAM039,2026-01-22,583,PROD10
ORD02189,CUST1458,C018,CAM004,2026-05-25,10777,PROD09
ORD02190,CUST1459,C009,CAM034,2026-05-14,3031,PROD27
ORD02191,CUST1460,C013,CAM019,2026-05-22,1484,PROD45
ORD02192,CUST1461,C010,CAM012,2026-02-01,12894,PROD30
ORD02193,CUST1462,C018,CAM017,2026-04-26,255,PROD29
ORD02194,CUST1463,C004,CAM020,2026-02-17,813,PROD28
ORD02195,CUST1463,C004,CAM020,2026-04-01,3140,PROD01
ORD02196,CUST1464,C009,CAM030,2026-04-05,7649,PROD16
ORD02197,CUST1465,C011,CAM015,2026-05-31,7478,PROD35
ORD02198,CUST1465,C011,CAM015,2026-07-11,1931,PROD24
ORD02199,CUST1466,C024,CAM013,2026-05-18,2269,PROD46
ORD02200,CUST1467,C013,CAM023,2026-04-04,4574,PROD45
ORD02201,CUST1468,C010,CAM012,2026-01-23,12777,PROD34
ORD02202,CUST1469,C004,CAM040,2026-02-11,10059,PROD30
ORD02203,CUST1470,C009,CAM035,2026-04-07,5616,PROD40
ORD02204,CUST1471,C004,CAM040,2026-01-25,5940,PROD48
ORD02205,CUST1472,C004,CAM020,2026-02-08,1546,PROD35
ORD02206,CUST1473,C004,CAM020,2026-02-15,2862,PROD22
ORD02207,CUST1474,C004,CAM020,2026-02-06,1865,PROD33
ORD02208,CUST1475,C012,CAM024,2026-05-16,2020,PROD27
ORD02209,CUST1476,C002,CAM027,2026-05-03,3464,PROD11
ORD02210,CUST1476,C002,CAM027,2026-05-10,2654,PROD45
ORD02211,CUST1477,C007,CAM028,2026-03-29,6605,PROD37
ORD02212,CUST1478,C023,CAM005,2026-05-23,4294,PROD38
ORD02213,CUST1479,C020,CAM026,2026-05-07,1539,PROD19
ORD02214,CUST1479,C020,CAM026,2026-07-02,8053,PROD48
ORD02215,CUST1480,C018,CAM018,2026-05-26,1057,PROD06
ORD02216,CUST1480,C018,CAM018,2026-06-08,2014,PROD33
ORD02217,CUST1481,C004,CAM040,2026-01-26,7317,PROD40
ORD02218,CUST1481,C004,CAM040,2026-02-17,3559,PROD18
ORD02219,CUST1481,C004,CAM040,2026-04-17,1209,PROD17
ORD02220,CUST1482,C009,CAM035,2026-04-17,3555,PROD12
ORD02221,CUST1482,C009,CAM035,2026-05-29,1006,PROD48
ORD02222,CUST1482,C009,CAM035,2026-06-12,4828,PROD43
ORD02223,CUST1483,C023,CAM005,2026-06-02,7197,PROD17
ORD02224,CUST1484,C013,CAM023,2026-04-14,8070,PROD12
ORD02225,CUST1485,C012,CAM024,2026-05-15,4340,PROD22
ORD02226,CUST1486,C013,CAM023,2026-04-05,5350,PROD10
ORD02227,CUST1487,C020,CAM026,2026-05-04,2785,PROD27
ORD02228,CUST1488,C013,CAM032,2026-03-21,1785,PROD29
ORD02229,CUST1489,C007,CAM036,2026-01-21,1472,PROD37
ORD02230,CUST1489,C007,CAM036,2026-03-13,1312,PROD23
ORD02231,CUST1490,C024,CAM013,2026-06-06,4181,PROD08
ORD02232,CUST1490,C024,CAM013,2026-06-14,1398,PROD11
ORD02233,CUST1491,C010,CAM038,2026-03-09,4822,PROD31
ORD02234,CUST1492,C013,CAM023,2026-04-15,4272,PROD15
ORD02235,CUST1493,C011,CAM003,2026-03-15,12307,PROD10
ORD02236,CUST1494,C012,CAM024,2026-05-13,8296,PROD29
ORD02237,CUST1494,C012,CAM024,2026-06-11,2448,PROD44
ORD02238,CUST1494,C012,CAM024,2026-07-06,4359,PROD34
ORD02239,CUST1495,C007,CAM028,2026-03-07,466,PROD35
ORD02240,CUST1495,C007,CAM028,2026-04-21,3445,PROD23
ORD02241,CUST1496,C008,CAM007,2026-01-24,4294,PROD42
ORD02242,CUST1497,C018,CAM031,2026-02-18,2536,PROD18
ORD02243,CUST1498,C017,CAM029,2026-02-02,5827,PROD38
ORD02244,CUST1498,C017,CAM029,2026-03-04,3103,PROD30
ORD02245,CUST1499,C024,CAM013,2026-06-07,4820,PROD47
ORD02246,CUST1500,C018,CAM039,2026-01-30,3559,PROD34
ORD02247,CUST1501,C018,CAM004,2026-05-28,6761,PROD12
ORD02248,CUST1502,C005,CAM022,2026-06-16,7599,PROD01
ORD02249,CUST1502,C005,CAM022,2026-08-13,2062,PROD05
ORD02250,CUST1502,C005,CAM022,2026-08-18,2936,PROD27
ORD02251,CUST1502,C005,CAM022,2026-08-29,1087,PROD34
ORD02252,CUST1503,C010,CAM012,2026-02-09,376,PROD15
ORD02253,CUST1504,C021,CAM025,2026-02-18,6699,PROD03
ORD02254,CUST1504,C021,CAM025,2026-02-24,9346,PROD40
ORD02255,CUST1504,C021,CAM025,2026-03-06,453,PROD04
ORD02256,CUST1505,C010,CAM038,2026-03-06,3104,PROD41
ORD02257,CUST1506,C005,CAM021,2026-06-15,2356,PROD06
ORD02258,CUST1507,C011,CAM009,2026-04-12,4568,PROD49
ORD02259,CUST1508,C008,CAM033,2026-02-15,613,PROD12
ORD02260,CUST1509,C012,CAM024,2026-05-09,7040,PROD30
ORD02261,CUST1510,C018,CAM016,2026-01-29,1781,PROD30
ORD02262,CUST1510,C018,CAM016,2026-02-20,1276,PROD50
ORD02263,CUST1510,C018,CAM016,2026-03-24,2503,PROD45
ORD02264,CUST1511,C014,CAM014,2026-05-09,1846,PROD50
ORD02265,CUST1512,C005,CAM022,2026-06-07,2248,PROD25
ORD02266,CUST1513,C009,CAM034,2026-05-20,4781,PROD17
ORD02267,CUST1514,C024,CAM013,2026-05-25,2164,PROD05
ORD02268,CUST1514,C024,CAM013,2026-06-30,3800,PROD13
ORD02269,CUST1514,C024,CAM013,2026-08-13,7711,PROD26
ORD02270,CUST1514,C024,CAM013,2026-08-29,3740,PROD42
ORD02271,CUST1514,C024,CAM013,2026-10-04,2677,PROD07
ORD02272,CUST1515,C009,CAM034,2026-05-27,8407,PROD14
ORD02273,CUST1516,C020,CAM026,2026-05-09,2722,PROD29
ORD02274,CUST1516,C020,CAM026,2026-06-28,5910,PROD17
ORD02275,CUST1516,C020,CAM026,2026-07-09,1516,PROD03
ORD02276,CUST1516,C020,CAM026,2026-07-18,4854,PROD05
ORD02277,CUST1516,C020,CAM026,2026-08-28,4386,PROD47
ORD02278,CUST1517,C010,CAM038,2026-03-10,6141,PROD32
ORD02279,CUST1517,C010,CAM038,2026-03-24,3404,PROD42
ORD02280,CUST1517,C010,CAM038,2026-05-08,1720,PROD01
ORD02281,CUST1518,C002,CAM027,2026-04-29,2956,PROD10
ORD02282,CUST1519,C020,CAM026,2026-04-29,1097,PROD37
ORD02283,CUST1520,C009,CAM030,2026-04-06,5579,PROD50
ORD02284,CUST1521,C006,CAM008,2026-03-23,2397,PROD47
ORD02285,CUST1522,C012,CAM024,2026-05-08,6117,PROD01
ORD02286,CUST1523,C013,CAM019,2026-05-23,6537,PROD35
ORD02287,CUST1523,C013,CAM019,2026-06-19,7024,PROD22
ORD02288,CUST1524,C018,CAM039,2026-01-25,9503,PROD41
ORD02289,CUST1525,C024,CAM013,2026-05-19,428,PROD22
ORD02290,CUST1526,C023,CAM010,2026-04-11,4252,PROD19
ORD02291,CUST1527,C010,CAM012,2026-01-25,3986,PROD03
ORD02292,CUST1528,C005,CAM021,2026-06-14,7575,PROD45
ORD02293,CUST1528,C005,CAM021,2026-07-13,3312,PROD07
ORD02294,CUST1528,C005,CAM021,2026-08-27,3905,PROD45
ORD02295,CUST1529,C004,CAM020,2026-02-21,1917,PROD41
ORD02296,CUST1529,C004,CAM020,2026-03-26,7279,PROD48
ORD02297,CUST1529,C004,CAM020,2026-04-12,2832,PROD09
ORD02298,CUST1530,C018,CAM004,2026-05-21,10756,PROD38
ORD02299,CUST1530,C018,CAM004,2026-06-10,4654,PROD32
ORD02300,CUST1531,C011,CAM015,2026-05-24,2021,PROD42
ORD02301,CUST1532,C018,CAM031,2026-02-25,2203,PROD29
ORD02302,CUST1533,C011,CAM001,2026-02-26,6205,PROD22
ORD02303,CUST1534,C023,CAM005,2026-05-23,3474,PROD14
ORD02304,CUST1534,C023,CAM005,2026-07-18,690,PROD42
ORD02305,CUST1534,C023,CAM005,2026-09-03,2985,PROD34
ORD02306,CUST1534,C023,CAM005,2026-10-07,5590,PROD44
ORD02307,CUST1535,C008,CAM007,2026-01-26,2767,PROD38
ORD02308,CUST1535,C008,CAM007,2026-02-14,2037,PROD05
ORD02309,CUST1535,C008,CAM007,2026-02-21,2213,PROD48
ORD02310,CUST1535,C008,CAM007,2026-03-07,5959,PROD32
ORD02311,CUST1535,C008,CAM007,2026-04-22,896,PROD02
ORD02312,CUST1535,C008,CAM007,2026-05-27,2363,PROD40
ORD02313,CUST1536,C018,CAM039,2026-01-24,7176,PROD09
ORD02314,CUST1537,C013,CAM006,2026-04-08,1791,PROD20
ORD02315,CUST1538,C005,CAM021,2026-05-27,784,PROD11
ORD02316,CUST1539,C013,CAM023,2026-04-12,7436,PROD07
ORD02317,CUST1539,C013,CAM023,2026-04-24,2797,PROD32
ORD02318,CUST1539,C013,CAM023,2026-06-06,1349,PROD40
ORD02319,CUST1539,C013,CAM023,2026-06-25,1642,PROD05
ORD02320,CUST1539,C013,CAM023,2026-08-20,5200,PROD13
ORD02321,CUST1540,C007,CAM036,2026-01-11,778,PROD48
ORD02322,CUST1541,C018,CAM016,2026-01-21,11284,PROD44
ORD02323,CUST1542,C010,CAM012,2026-02-05,534,PROD14
ORD02324,CUST1542,C010,CAM012,2026-03-30,3370,PROD03
ORD02325,CUST1542,C010,CAM012,2026-05-11,1708,PROD12
ORD02326,CUST1543,C013,CAM032,2026-03-11,3905,PROD10
ORD02327,CUST1543,C013,CAM032,2026-05-03,1218,PROD27
ORD02328,CUST1543,C013,CAM032,2026-05-18,644,PROD45
ORD02329,CUST1544,C011,CAM003,2026-03-17,785,PROD16
ORD02330,CUST1544,C011,CAM003,2026-04-28,9083,PROD03
ORD02331,CUST1545,C011,CAM009,2026-04-11,3271,PROD41
ORD02332,CUST1546,C023,CAM010,2026-04-10,6563,PROD02
ORD02333,CUST1547,C018,CAM018,2026-05-28,2804,PROD12
ORD02334,CUST1547,C018,CAM018,2026-06-07,2802,PROD46
ORD02335,CUST1548,C008,CAM033,2026-02-15,3716,PROD27
ORD02336,CUST1549,C007,CAM028,2026-03-30,1807,PROD09
ORD02337,CUST1550,C009,CAM034,2026-05-14,2343,PROD34
ORD02338,CUST1551,C017,CAM029,2026-02-12,1985,PROD12
ORD02339,CUST1551,C017,CAM029,2026-03-28,1689,PROD45
ORD02340,CUST1552,C009,CAM035,2026-04-15,2950,PROD32
ORD02341,CUST1552,C009,CAM035,2026-05-29,3152,PROD06
ORD02342,CUST1552,C009,CAM035,2026-07-13,1702,PROD20
ORD02343,CUST1553,C018,CAM039,2026-01-27,3075,PROD16
ORD02344,CUST1553,C018,CAM039,2026-02-13,5607,PROD08
ORD02345,CUST1553,C018,CAM039,2026-03-23,3090,PROD07
ORD02346,CUST1553,C018,CAM039,2026-05-06,3150,PROD24
ORD02347,CUST1553,C018,CAM039,2026-07-05,1556,PROD49
ORD02348,CUST1553,C018,CAM039,2026-08-13,6999,PROD33
ORD02349,CUST1553,C018,CAM039,2026-09-01,5398,PROD30
ORD02350,CUST1554,C007,CAM028,2026-03-26,2019,PROD18
ORD02351,CUST1555,C023,CAM005,2026-05-28,5808,PROD10
ORD02352,CUST1555,C023,CAM005,2026-07-15,2623,PROD31
ORD02353,CUST1556,C014,CAM014,2026-05-04,5130,PROD03
ORD02354,CUST1556,C014,CAM014,2026-05-12,8662,PROD42
ORD02355,CUST1556,C014,CAM014,2026-06-09,3034,PROD19
ORD02356,CUST1557,C013,CAM006,2026-04-16,3448,PROD40
ORD02357,CUST1558,C010,CAM012,2026-02-12,3614,PROD07
ORD02358,CUST1559,C011,CAM003,2026-03-09,2052,PROD12
ORD02359,CUST1560,C010,CAM012,2026-02-13,3258,PROD33
ORD02360,CUST1560,C010,CAM012,2026-02-25,2769,PROD05
ORD02361,CUST1560,C010,CAM012,2026-03-17,1391,PROD47
ORD02362,CUST1561,C017,CAM029,2026-02-17,4009,PROD27
ORD02363,CUST1562,C013,CAM023,2026-04-14,1754,PROD21
ORD02364,CUST1563,C008,CAM033,2026-02-21,5187,PROD15
ORD02365,CUST1563,C008,CAM033,2026-03-04,2017,PROD16
ORD02366,CUST1563,C008,CAM033,2026-04-25,2448,PROD27
ORD02367,CUST1563,C008,CAM033,2026-06-24,684,PROD13
ORD02368,CUST1563,C008,CAM033,2026-07-23,6019,PROD15
ORD02369,CUST1564,C023,CAM010,2026-04-11,1581,PROD04
ORD02370,CUST1565,C012,CAM024,2026-05-09,685,PROD40
ORD02371,CUST1566,C023,CAM010,2026-04-06,3795,PROD09
ORD02372,CUST1566,C023,CAM010,2026-05-10,11521,PROD47
ORD02373,CUST1566,C023,CAM010,2026-05-27,2874,PROD41
ORD02374,CUST1567,C002,CAM002,2026-04-12,2448,PROD09
ORD02375,CUST1567,C002,CAM002,2026-04-19,1509,PROD45
ORD02376,CUST1567,C002,CAM002,2026-05-30,2249,PROD04
ORD02377,CUST1568,C011,CAM003,2026-03-11,2291,PROD30
ORD02378,CUST1568,C011,CAM003,2026-04-14,2411,PROD27
ORD02379,CUST1568,C011,CAM003,2026-04-29,3287,PROD49
ORD02380,CUST1568,C011,CAM003,2026-05-25,5301,PROD15
ORD02381,CUST1568,C011,CAM003,2026-06-17,2853,PROD39
ORD02382,CUST1569,C021,CAM025,2026-03-06,2163,PROD40
ORD02383,CUST1570,C004,CAM020,2026-02-13,2232,PROD34
ORD02384,CUST1570,C004,CAM020,2026-03-21,3202,PROD14
ORD02385,CUST1570,C004,CAM020,2026-05-02,1936,PROD31
ORD02386,CUST1570,C004,CAM020,2026-06-29,3619,PROD30
ORD02387,CUST1570,C004,CAM020,2026-07-21,2038,PROD01
ORD02388,CUST1571,C006,CAM008,2026-03-22,5746,PROD16
ORD02389,CUST1572,C021,CAM025,2026-02-19,5756,PROD15
ORD02390,CUST1573,C018,CAM031,2026-02-14,3881,PROD01
ORD02391,CUST1574,C011,CAM015,2026-05-23,3263,PROD31
ORD02392,CUST1574,C011,CAM015,2026-07-13,9622,PROD50
ORD02393,CUST1575,C004,CAM040,2026-01-19,2079,PROD26
ORD02394,CUST1576,C005,CAM021,2026-06-15,1092,PROD29
ORD02395,CUST1577,C002,CAM027,2026-04-15,5243,PROD49
ORD02396,CUST1577,C002,CAM027,2026-04-20,3075,PROD45
ORD02397,CUST1577,C002,CAM027,2026-06-10,4362,PROD27
ORD02398,CUST1577,C002,CAM027,2026-06-28,1741,PROD09
ORD02399,CUST1577,C002,CAM027,2026-07-25,984,PROD19
ORD02400,CUST1577,C002,CAM027,2026-08-14,10756,PROD42
ORD02401,CUST1578,C002,CAM027,2026-04-08,12316,PROD20
ORD02402,CUST1579,C005,CAM021,2026-06-15,5908,PROD37
ORD02403,CUST1580,C011,CAM001,2026-02-25,3531,PROD30
ORD02404,CUST1581,C004,CAM020,2026-02-10,2811,PROD26
ORD02405,CUST1582,C007,CAM036,2026-01-26,8931,PROD41
ORD02406,CUST1583,C011,CAM003,2026-03-09,1996,PROD05
ORD02407,CUST1584,C020,CAM026,2026-05-11,2876,PROD03
ORD02408,CUST1585,C018,CAM004,2026-05-24,2162,PROD45
ORD02409,CUST1586,C010,CAM038,2026-03-11,2378,PROD14
ORD02410,CUST1587,C018,CAM004,2026-05-28,12126,PROD22
ORD02411,CUST1587,C018,CAM004,2026-07-19,552,PROD04
ORD02412,CUST1588,C011,CAM003,2026-03-14,1270,PROD08
ORD02413,CUST1589,C011,CAM001,2026-03-08,6691,PROD03
ORD02414,CUST1590,C018,CAM039,2026-01-26,4667,PROD36
ORD02415,CUST1591,C002,CAM027,2026-04-10,934,PROD50
ORD02416,CUST1592,C008,CAM033,2026-02-01,3859,PROD16
ORD02417,CUST1593,C013,CAM019,2026-05-11,2293,PROD48
ORD02418,CUST1594,C004,CAM040,2026-02-05,2863,PROD45
ORD02419,CUST1595,C004,CAM040,2026-02-11,2917,PROD15
ORD02420,CUST1596,C011,CAM001,2026-03-08,8053,PROD33
ORD02421,CUST1597,C006,CAM008,2026-03-22,2525,PROD05
ORD02422,CUST1597,C006,CAM008,2026-04-19,7738,PROD23
ORD02423,CUST1598,C004,CAM040,2026-02-02,1754,PROD08
ORD02424,CUST1599,C008,CAM007,2026-01-26,5923,PROD35
ORD02425,CUST1600,C002,CAM027,2026-04-22,1836,PROD44
ORD02426,CUST1601,C014,CAM014,2026-05-01,1109,PROD30
ORD02427,CUST1602,C009,CAM034,2026-05-12,3313,PROD12
ORD02428,CUST1603,C009,CAM034,2026-05-12,2098,PROD18
ORD02429,CUST1603,C009,CAM034,2026-05-24,2049,PROD45
ORD02430,CUST1604,C023,CAM010,2026-04-11,5018,PROD14
ORD02431,CUST1604,C023,CAM010,2026-05-19,7111,PROD41
ORD02432,CUST1605,C007,CAM028,2026-03-15,2091,PROD44
ORD02433,CUST1606,C018,CAM039,2026-01-23,13096,PROD27
ORD02434,CUST1607,C004,CAM040,2026-02-10,852,PROD19
ORD02435,CUST1608,C005,CAM021,2026-05-26,4275,PROD15
ORD02436,CUST1608,C005,CAM021,2026-07-23,697,PROD34
ORD02437,CUST1609,C009,CAM030,2026-04-03,2822,PROD22
ORD02438,CUST1610,C005,CAM021,2026-06-13,3295,PROD32
ORD02439,CUST1611,C008,CAM007,2026-01-26,4478,PROD29
ORD02440,CUST1612,C023,CAM005,2026-05-31,3410,PROD20
ORD02441,CUST1613,C009,CAM034,2026-06-04,1539,PROD31
ORD02442,CUST1613,C009,CAM034,2026-07-02,4537,PROD19
ORD02443,CUST1613,C009,CAM034,2026-08-25,6061,PROD04
ORD02444,CUST1614,C011,CAM003,2026-03-14,4003,PROD11
ORD02445,CUST1614,C011,CAM003,2026-04-27,4448,PROD11
ORD02446,CUST1615,C009,CAM030,2026-04-06,2822,PROD12
ORD02447,CUST1615,C009,CAM030,2026-06-03,3303,PROD46
ORD02448,CUST1616,C018,CAM016,2026-01-29,3381,PROD10
ORD02449,CUST1617,C005,CAM022,2026-06-06,5383,PROD21
ORD02450,CUST1617,C005,CAM022,2026-07-17,2121,PROD09
ORD02451,CUST1617,C005,CAM022,2026-08-19,1789,PROD17
ORD02452,CUST1618,C008,CAM033,2026-02-02,6679,PROD46
ORD02453,CUST1619,C009,CAM034,2026-05-31,735,PROD23
ORD02454,CUST1619,C009,CAM034,2026-06-14,251,PROD24
ORD02455,CUST1619,C009,CAM034,2026-07-17,6139,PROD35
ORD02456,CUST1619,C009,CAM034,2026-08-01,806,PROD35
ORD02457,CUST1620,C011,CAM001,2026-02-28,3787,PROD26
ORD02458,CUST1621,C014,CAM014,2026-05-03,3758,PROD21
ORD02459,CUST1622,C014,CAM014,2026-04-29,7653,PROD35
ORD02460,CUST1623,C004,CAM040,2026-01-28,8839,PROD19
ORD02461,CUST1624,C018,CAM018,2026-06-23,12358,PROD49
ORD02462,CUST1624,C018,CAM018,2026-08-03,1745,PROD43
ORD02463,CUST1624,C018,CAM018,2026-08-17,4263,PROD37
ORD02464,CUST1625,C023,CAM010,2026-04-11,6490,PROD08
ORD02465,CUST1625,C023,CAM010,2026-06-01,6195,PROD31
ORD02466,CUST1625,C023,CAM010,2026-06-08,4137,PROD09
ORD02467,CUST1626,C007,CAM037,2026-01-13,1592,PROD02
ORD02468,CUST1626,C007,CAM037,2026-02-12,1068,PROD40
ORD02469,CUST1627,C007,CAM028,2026-03-13,7381,PROD06
ORD02470,CUST1628,C005,CAM021,2026-05-25,2979,PROD13
ORD02471,CUST1629,C011,CAM003,2026-03-17,657,PROD50
ORD02472,CUST1629,C011,CAM003,2026-04-08,7125,PROD13
ORD02473,CUST1630,C013,CAM023,2026-04-04,8994,PROD29
ORD02474,CUST1631,C007,CAM037,2026-01-15,5772,PROD33
ORD02475,CUST1632,C011,CAM015,2026-05-26,3178,PROD39
ORD02476,CUST1633,C024,CAM013,2026-06-02,3361,PROD43
ORD02477,CUST1634,C011,CAM009,2026-04-20,4346,PROD28
ORD02478,CUST1634,C011,CAM009,2026-05-18,1517,PROD25
ORD02479,CUST1635,C018,CAM031,2026-02-10,3444,PROD23
ORD02480,CUST1635,C018,CAM031,2026-03-06,2030,PROD29
ORD02481,CUST1636,C018,CAM039,2026-01-29,13613,PROD47
ORD02482,CUST1636,C018,CAM039,2026-03-03,7395,PROD48
ORD02483,CUST1636,C018,CAM039,2026-04-03,1862,PROD29
ORD02484,CUST1637,C005,CAM022,2026-06-04,4227,PROD28
ORD02485,CUST1638,C004,CAM020,2026-02-19,1790,PROD38
ORD02486,CUST1638,C004,CAM020,2026-04-03,12325,PROD06
ORD02487,CUST1639,C004,CAM040,2026-01-24,662,PROD34
ORD02488,CUST1639,C004,CAM040,2026-02-19,9152,PROD05
ORD02489,CUST1640,C002,CAM002,2026-04-14,6618,PROD27
ORD02490,CUST1640,C002,CAM002,2026-05-29,6169,PROD18
ORD02491,CUST1641,C018,CAM017,2026-04-18,2565,PROD46
ORD02492,CUST1642,C012,CAM024,2026-05-09,4532,PROD25
ORD02493,CUST1643,C010,CAM038,2026-03-11,1962,PROD20
ORD02494,CUST1644,C013,CAM023,2026-04-12,3186,PROD36
ORD02495,CUST1645,C011,CAM001,2026-03-11,5511,PROD01
ORD02496,CUST1645,C011,CAM001,2026-03-25,1981,PROD17
ORD02497,CUST1645,C011,CAM001,2026-04-18,2614,PROD41
ORD02498,CUST1646,C013,CAM023,2026-04-13,1681,PROD42
ORD02499,CUST1647,C017,CAM029,2026-02-27,2833,PROD12
ORD02500,CUST1647,C017,CAM029,2026-04-04,15000,PROD45
ORD02501,CUST1648,C007,CAM037,2026-01-08,4205,PROD49
ORD02502,CUST1648,C007,CAM037,2026-01-30,2402,PROD32
ORD02503,CUST1649,C009,CAM034,2026-05-29,3769,PROD38
ORD02504,CUST1650,C023,CAM005,2026-06-04,6168,PROD41
ORD02505,CUST1651,C008,CAM033,2026-02-12,6722,PROD08
ORD02506,CUST1652,C018,CAM039,2026-01-29,2669,PROD02
ORD02507,CUST1653,C018,CAM004,2026-05-22,1185,PROD04
ORD02508,CUST1653,C018,CAM004,2026-06-05,1895,PROD21
ORD02509,CUST1654,C018,CAM018,2026-06-23,1858,PROD23
ORD02510,CUST1655,C011,CAM015,2026-05-23,4853,PROD27
ORD02511,CUST1655,C011,CAM015,2026-07-07,6390,PROD23
ORD02512,CUST1655,C011,CAM015,2026-07-15,5548,PROD19
ORD02513,CUST1655,C011,CAM015,2026-08-07,2021,PROD34
ORD02514,CUST1656,C020,CAM026,2026-04-21,1100,PROD50
ORD02515,CUST1657,C002,CAM002,2026-04-10,3874,PROD39
ORD02516,CUST1658,C009,CAM035,2026-04-08,2708,PROD21
ORD02517,CUST1659,C020,CAM026,2026-05-10,1897,PROD18
ORD02518,CUST1660,C013,CAM023,2026-04-14,6344,PROD07
ORD02519,CUST1661,C012,CAM024,2026-05-16,3996,PROD10
ORD02520,CUST1662,C013,CAM019,2026-05-12,2071,PROD24
ORD02521,CUST1663,C018,CAM017,2026-04-28,8873,PROD11
ORD02522,CUST1664,C006,CAM008,2026-03-19,2489,PROD15
ORD02523,CUST1664,C006,CAM008,2026-05-16,3274,PROD13
ORD02524,CUST1665,C008,CAM007,2026-01-26,3175,PROD34
ORD02525,CUST1666,C009,CAM034,2026-05-27,2932,PROD45
ORD02526,CUST1667,C008,CAM007,2026-01-19,657,PROD05
ORD02527,CUST1668,C018,CAM018,2026-06-21,4323,PROD02
ORD02528,CUST1668,C018,CAM018,2026-07-26,1427,PROD23
ORD02529,CUST1669,C014,CAM014,2026-05-10,4256,PROD29
ORD02530,CUST1669,C014,CAM014,2026-06-22,9309,PROD34
ORD02531,CUST1670,C013,CAM023,2026-04-08,3357,PROD20
ORD02532,CUST1671,C004,CAM040,2026-02-10,2867,PROD15
ORD02533,CUST1672,C009,CAM030,2026-03-31,6030,PROD20
ORD02534,CUST1673,C011,CAM015,2026-05-26,3585,PROD06
ORD02535,CUST1673,C011,CAM015,2026-06-27,4392,PROD45
ORD02536,CUST1673,C011,CAM015,2026-08-19,8834,PROD08
ORD02537,CUST1674,C013,CAM023,2026-04-03,4113,PROD49
ORD02538,CUST1675,C007,CAM028,2026-03-07,4505,PROD03
ORD02539,CUST1676,C011,CAM003,2026-03-17,4569,PROD31
ORD02540,CUST1677,C006,CAM008,2026-03-20,5350,PROD20
ORD02541,CUST1677,C006,CAM008,2026-05-06,3813,PROD01
ORD02542,CUST1677,C006,CAM008,2026-06-28,2001,PROD07
ORD02543,CUST1677,C006,CAM008,2026-08-22,6649,PROD08
ORD02544,CUST1678,C007,CAM037,2026-01-08,1435,PROD13
ORD02545,CUST1679,C007,CAM036,2026-01-22,1628,PROD06
ORD02546,CUST1680,C008,CAM007,2026-01-22,1839,PROD23
ORD02547,CUST1681,C003,CAM011,2026-02-28,6919,PROD50
ORD02548,CUST1682,C018,CAM031,2026-03-01,14948,PROD37
ORD02549,CUST1682,C018,CAM031,2026-03-10,1612,PROD07
ORD02550,CUST1683,C010,CAM038,2026-03-03,1441,PROD46
ORD02551,CUST1684,C018,CAM018,2026-06-04,4028,PROD49
ORD02552,CUST1684,C018,CAM018,2026-07-13,3703,PROD01
ORD02553,CUST1685,C008,CAM033,2026-01-31,7878,PROD33
ORD02554,CUST1686,C017,CAM029,2026-02-21,2185,PROD45
ORD02555,CUST1687,C018,CAM017,2026-04-18,2213,PROD07
ORD02556,CUST1688,C005,CAM021,2026-06-04,7010,PROD28
ORD02557,CUST1689,C013,CAM023,2026-04-11,10285,PROD08
ORD02558,CUST1690,C002,CAM002,2026-04-13,4293,PROD08
ORD02559,CUST1690,C002,CAM002,2026-05-21,3203,PROD09
ORD02560,CUST1690,C002,CAM002,2026-06-26,4612,PROD49
ORD02561,CUST1690,C002,CAM002,2026-07-24,7691,PROD46
ORD02562,CUST1691,C013,CAM019,2026-05-25,3884,PROD06
ORD02563,CUST1692,C017,CAM029,2026-02-14,3190,PROD19
ORD02564,CUST1692,C017,CAM029,2026-03-20,6894,PROD39
ORD02565,CUST1693,C013,CAM023,2026-04-07,7283,PROD29
ORD02566,CUST1694,C011,CAM009,2026-04-21,10840,PROD28
ORD02567,CUST1694,C011,CAM009,2026-05-08,1235,PROD05
ORD02568,CUST1695,C013,CAM032,2026-03-24,8005,PROD24
ORD02569,CUST1696,C012,CAM024,2026-05-07,3750,PROD32
ORD02570,CUST1697,C008,CAM033,2026-01-31,1200,PROD34
ORD02571,CUST1698,C006,CAM008,2026-03-17,7253,PROD26
ORD02572,CUST1698,C006,CAM008,2026-04-16,5159,PROD45
ORD02573,CUST1699,C002,CAM002,2026-04-09,2524,PROD11
ORD02574,CUST1700,C018,CAM016,2026-01-20,4313,PROD22
ORD02575,CUST1701,C011,CAM003,2026-03-15,3161,PROD28
ORD02576,CUST1701,C011,CAM003,2026-05-05,2669,PROD32
ORD02577,CUST1701,C011,CAM003,2026-05-27,4595,PROD49
ORD02578,CUST1701,C011,CAM003,2026-07-16,2249,PROD50
ORD02579,CUST1702,C014,CAM014,2026-05-17,11154,PROD42
ORD02580,CUST1703,C018,CAM031,2026-02-21,5207,PROD39
ORD02581,CUST1704,C007,CAM037,2026-01-12,3375,PROD10
ORD02582,CUST1705,C023,CAM005,2026-06-05,2575,PROD17
ORD02583,CUST1705,C023,CAM005,2026-07-11,4156,PROD32
ORD02584,CUST1705,C023,CAM005,2026-07-30,484,PROD41
ORD02585,CUST1706,C009,CAM034,2026-05-10,4125,PROD04
ORD02586,CUST1706,C009,CAM034,2026-07-07,893,PROD05
ORD02587,CUST1707,C010,CAM012,2026-02-09,3846,PROD12
ORD02588,CUST1707,C010,CAM012,2026-03-10,2465,PROD39
ORD02589,CUST1707,C010,CAM012,2026-04-27,4522,PROD21
ORD02590,CUST1708,C018,CAM018,2026-06-04,15000,PROD07
ORD02591,CUST1709,C009,CAM030,2026-03-30,3741,PROD34
ORD02592,CUST1710,C023,CAM005,2026-06-06,583,PROD13
ORD02593,CUST1711,C013,CAM019,2026-05-23,3028,PROD17
ORD02594,CUST1712,C009,CAM035,2026-04-11,3837,PROD35
ORD02595,CUST1713,C012,CAM024,2026-05-07,291,PROD03
ORD02596,CUST1714,C012,CAM024,2026-05-08,3930,PROD21
ORD02597,CUST1715,C011,CAM015,2026-05-29,3655,PROD03
ORD02598,CUST1716,C020,CAM026,2026-04-24,14834,PROD50
ORD02599,CUST1717,C002,CAM027,2026-04-30,3411,PROD28
ORD02600,CUST1717,C002,CAM027,2026-05-13,5218,PROD20
ORD02601,CUST1718,C013,CAM032,2026-03-21,5267,PROD08
ORD02602,CUST1719,C020,CAM026,2026-05-10,2268,PROD36
ORD02603,CUST1720,C009,CAM034,2026-05-27,9000,PROD31
ORD02604,CUST1721,C005,CAM021,2026-05-29,4415,PROD26
ORD02605,CUST1722,C017,CAM029,2026-02-14,1613,PROD25
ORD02606,CUST1723,C013,CAM023,2026-04-13,4606,PROD19
ORD02607,CUST1724,C021,CAM025,2026-02-10,2105,PROD03
ORD02608,CUST1724,C021,CAM025,2026-02-23,2705,PROD24
ORD02609,CUST1725,C008,CAM007,2026-01-18,1906,PROD41
ORD02610,CUST1726,C004,CAM040,2026-01-30,6587,PROD23
ORD02611,CUST1726,C004,CAM040,2026-02-26,1117,PROD27
ORD02612,CUST1727,C023,CAM005,2026-05-23,4944,PROD16
ORD02613,CUST1728,C012,CAM024,2026-05-11,6448,PROD45
ORD02614,CUST1729,C007,CAM036,2026-01-10,4241,PROD11
ORD02615,CUST1729,C007,CAM036,2026-01-16,1100,PROD35
ORD02616,CUST1729,C007,CAM036,2026-02-10,3099,PROD03
ORD02617,CUST1729,C007,CAM036,2026-03-16,7552,PROD43
ORD02618,CUST1730,C009,CAM035,2026-04-12,1515,PROD27
ORD02619,CUST1731,C018,CAM017,2026-04-13,2068,PROD38
ORD02620,CUST1732,C013,CAM023,2026-04-08,3663,PROD25
ORD02621,CUST1733,C010,CAM012,2026-02-06,3342,PROD32
ORD02622,CUST1733,C010,CAM012,2026-02-17,952,PROD45
ORD02623,CUST1734,C018,CAM017,2026-04-19,8169,PROD33
ORD02624,CUST1735,C017,CAM029,2026-02-23,1277,PROD11
ORD02625,CUST1736,C014,CAM014,2026-05-08,5733,PROD28
ORD02626,CUST1737,C023,CAM010,2026-04-11,1318,PROD05
ORD02627,CUST1738,C012,CAM024,2026-05-15,5832,PROD17
ORD02628,CUST1739,C004,CAM040,2026-01-27,1191,PROD26
ORD02629,CUST1740,C018,CAM031,2026-02-17,4125,PROD06
ORD02630,CUST1741,C010,CAM038,2026-03-04,3944,PROD18
ORD02631,CUST1742,C009,CAM030,2026-04-07,3716,PROD31
ORD02632,CUST1743,C014,CAM014,2026-05-05,494,PROD05
ORD02633,CUST1744,C009,CAM030,2026-04-02,558,PROD20
ORD02634,CUST1745,C006,CAM008,2026-03-24,3817,PROD27
ORD02635,CUST1745,C006,CAM008,2026-04-23,1628,PROD17
ORD02636,CUST1746,C002,CAM002,2026-04-16,1450,PROD49
ORD02637,CUST1747,C021,CAM025,2026-02-14,5466,PROD41
ORD02638,CUST1748,C010,CAM012,2026-02-04,3416,PROD37
ORD02639,CUST1749,C007,CAM028,2026-03-12,2892,PROD48
ORD02640,CUST1750,C004,CAM020,2026-02-14,1216,PROD35
ORD02641,CUST1751,C005,CAM022,2026-06-18,1685,PROD28
ORD02642,CUST1752,C011,CAM015,2026-06-03,9310,PROD34
ORD02643,CUST1753,C007,CAM037,2026-01-10,2292,PROD16
ORD02644,CUST1754,C011,CAM009,2026-04-17,6237,PROD27
ORD02645,CUST1755,C018,CAM016,2026-01-28,2978,PROD05
ORD02646,CUST1756,C018,CAM031,2026-02-16,6253,PROD18
ORD02647,CUST1757,C018,CAM004,2026-05-22,402,PROD17
ORD02648,CUST1758,C009,CAM030,2026-04-07,1357,PROD16
ORD02649,CUST1758,C009,CAM030,2026-04-19,2386,PROD10
ORD02650,CUST1758,C009,CAM030,2026-05-06,8271,PROD02
ORD02651,CUST1759,C023,CAM010,2026-04-16,4033,PROD30
ORD02652,CUST1760,C002,CAM027,2026-04-25,1324,PROD28
ORD02653,CUST1761,C007,CAM037,2026-01-05,11876,PROD18
ORD02654,CUST1761,C007,CAM037,2026-01-18,5453,PROD02
ORD02655,CUST1762,C018,CAM039,2026-01-25,555,PROD12
ORD02656,CUST1763,C013,CAM006,2026-04-04,2392,PROD32
ORD02657,CUST1764,C020,CAM026,2026-04-19,4354,PROD06
ORD02658,CUST1764,C020,CAM026,2026-05-14,8894,PROD39
ORD02659,CUST1765,C006,CAM008,2026-03-17,3365,PROD27
ORD02660,CUST1766,C008,CAM007,2026-01-19,10165,PROD47
ORD02661,CUST1767,C007,CAM028,2026-03-10,6633,PROD37
ORD02662,CUST1768,C013,CAM006,2026-04-19,3258,PROD34
ORD02663,CUST1769,C002,CAM027,2026-05-04,3735,PROD50
ORD02664,CUST1770,C008,CAM007,2026-01-22,5427,PROD06
ORD02665,CUST1771,C013,CAM032,2026-03-28,1987,PROD21
ORD02666,CUST1771,C013,CAM032,2026-04-23,4274,PROD38
ORD02667,CUST1771,C013,CAM032,2026-06-14,2327,PROD25
ORD02668,CUST1771,C013,CAM032,2026-08-09,4177,PROD48
ORD02669,CUST1772,C007,CAM028,2026-03-13,4129,PROD14
ORD02670,CUST1773,C018,CAM004,2026-05-19,6491,PROD18
ORD02671,CUST1773,C018,CAM004,2026-06-21,5100,PROD27
ORD02672,CUST1774,C018,CAM018,2026-06-22,1309,PROD32
ORD02673,CUST1775,C007,CAM028,2026-03-17,6447,PROD08
ORD02674,CUST1776,C011,CAM001,2026-03-14,1606,PROD44
ORD02675,CUST1777,C005,CAM022,2026-06-07,5813,PROD10
ORD02676,CUST1778,C002,CAM002,2026-04-15,6155,PROD20
ORD02677,CUST1779,C007,CAM036,2026-01-21,3385,PROD39
ORD02678,CUST1780,C013,CAM032,2026-04-01,1276,PROD04
ORD02679,CUST1781,C013,CAM019,2026-05-15,5043,PROD25
ORD02680,CUST1782,C007,CAM036,2026-01-21,6558,PROD24
ORD02681,CUST1783,C024,CAM013,2026-06-07,607,PROD16
ORD02682,CUST1783,C024,CAM013,2026-08-05,7253,PROD29
ORD02683,CUST1783,C024,CAM013,2026-09-03,1517,PROD01
ORD02684,CUST1784,C005,CAM022,2026-06-07,4771,PROD49
ORD02685,CUST1784,C005,CAM022,2026-06-27,4923,PROD20
ORD02686,CUST1785,C012,CAM024,2026-05-09,711,PROD41
ORD02687,CUST1786,C005,CAM021,2026-06-17,1753,PROD03
ORD02688,CUST1787,C010,CAM012,2026-01-21,1471,PROD32
ORD02689,CUST1788,C007,CAM037,2026-01-11,9725,PROD22
ORD02690,CUST1789,C018,CAM016,2026-01-21,4851,PROD07
ORD02691,CUST1790,C013,CAM023,2026-04-05,2152,PROD33
ORD02692,CUST1791,C017,CAM029,2026-02-10,2478,PROD47
ORD02693,CUST1791,C017,CAM029,2026-04-08,2991,PROD36
ORD02694,CUST1791,C017,CAM029,2026-05-30,3439,PROD21
ORD02695,CUST1791,C017,CAM029,2026-07-03,4859,PROD45
ORD02696,CUST1792,C007,CAM037,2026-01-05,3923,PROD12
ORD02697,CUST1793,C018,CAM016,2026-01-22,2496,PROD09
ORD02698,CUST1794,C005,CAM021,2026-06-05,6226,PROD20
ORD02699,CUST1794,C005,CAM021,2026-06-30,4051,PROD37
ORD02700,CUST1795,C010,CAM038,2026-03-04,1206,PROD34
ORD02701,CUST1795,C010,CAM038,2026-04-23,4609,PROD50
ORD02702,CUST1796,C011,CAM001,2026-03-01,12275,PROD44
ORD02703,CUST1797,C018,CAM017,2026-04-23,3793,PROD48
ORD02704,CUST1798,C006,CAM008,2026-03-20,1387,PROD38
ORD02705,CUST1798,C006,CAM008,2026-05-16,3136,PROD21
ORD02706,CUST1799,C002,CAM027,2026-04-17,2227,PROD27
ORD02707,CUST1799,C002,CAM027,2026-05-15,6636,PROD12
ORD02708,CUST1799,C002,CAM027,2026-06-14,6778,PROD25
ORD02709,CUST1800,C010,CAM038,2026-03-06,1892,PROD02
ORD02710,CUST1800,C010,CAM038,2026-04-15,3210,PROD42
ORD02711,CUST1801,C004,CAM040,2026-02-07,4820,PROD06
ORD02712,CUST1801,C004,CAM040,2026-03-13,1573,PROD13
ORD02713,CUST1801,C004,CAM040,2026-04-03,7413,PROD45
ORD02714,CUST1802,C013,CAM019,2026-05-13,1005,PROD40
ORD02715,CUST1802,C013,CAM019,2026-06-14,1907,PROD39
ORD02716,CUST1803,C011,CAM009,2026-04-12,574,PROD24
ORD02717,CUST1803,C011,CAM009,2026-04-27,5424,PROD37
ORD02718,CUST1804,C011,CAM015,2026-05-23,2836,PROD28
ORD02719,CUST1805,C009,CAM030,2026-04-05,5105,PROD32
ORD02720,CUST1806,C018,CAM016,2026-01-18,10526,PROD13
ORD02721,CUST1807,C006,CAM008,2026-03-20,1794,PROD32
ORD02722,CUST1807,C006,CAM008,2026-04-18,1922,PROD09
ORD02723,CUST1808,C014,CAM014,2026-05-05,1809,PROD19
ORD02724,CUST1809,C003,CAM011,2026-03-16,1165,PROD12
ORD02725,CUST1810,C010,CAM038,2026-03-05,4378,PROD17
ORD02726,CUST1810,C010,CAM038,2026-03-25,7763,PROD40
ORD02727,CUST1811,C011,CAM001,2026-03-04,4281,PROD44
ORD02728,CUST1812,C011,CAM009,2026-04-22,1492,PROD31
ORD02729,CUST1812,C011,CAM009,2026-05-05,1967,PROD21
ORD02730,CUST1812,C011,CAM009,2026-06-23,2572,PROD26
ORD02731,CUST1813,C011,CAM015,2026-05-26,1678,PROD46
ORD02732,CUST1814,C018,CAM004,2026-05-27,3167,PROD07
ORD02733,CUST1814,C018,CAM004,2026-07-06,1540,PROD04
ORD02734,CUST1815,C018,CAM018,2026-06-05,3374,PROD31
ORD02735,CUST1816,C018,CAM016,2026-01-24,2040,PROD39
ORD02736,CUST1817,C014,CAM014,2026-04-30,7366,PROD33
ORD02737,CUST1817,C014,CAM014,2026-06-13,3286,PROD25
ORD02738,CUST1818,C011,CAM015,2026-05-29,1896,PROD09
ORD02739,CUST1819,C013,CAM006,2026-04-04,3394,PROD17
ORD02740,CUST1820,C011,CAM001,2026-03-13,3441,PROD22
ORD02741,CUST1821,C018,CAM018,2026-05-30,6719,PROD46
ORD02742,CUST1821,C018,CAM018,2026-07-07,15000,PROD28
ORD02743,CUST1822,C024,CAM013,2026-05-25,3551,PROD03
ORD02744,CUST1822,C024,CAM013,2026-06-07,1976,PROD32
ORD02745,CUST1823,C005,CAM022,2026-06-07,2055,PROD28
ORD02746,CUST1824,C023,CAM005,2026-05-30,6070,PROD49
ORD02747,CUST1825,C018,CAM031,2026-02-26,1585,PROD11
ORD02748,CUST1825,C018,CAM031,2026-03-23,2748,PROD48
ORD02749,CUST1825,C018,CAM031,2026-04-28,2908,PROD49
ORD02750,CUST1826,C018,CAM031,2026-02-27,2619,PROD43
ORD02751,CUST1827,C009,CAM035,2026-04-18,4037,PROD13
ORD02752,CUST1828,C007,CAM036,2026-01-02,10174,PROD03
ORD02753,CUST1829,C009,CAM035,2026-04-10,1040,PROD30
ORD02754,CUST1829,C009,CAM035,2026-05-12,3217,PROD08
ORD02755,CUST1829,C009,CAM035,2026-06-17,2491,PROD03
ORD02756,CUST1830,C005,CAM021,2026-06-04,3842,PROD36
ORD02757,CUST1831,C005,CAM021,2026-06-07,835,PROD47
ORD02758,CUST1832,C004,CAM020,2026-02-10,6060,PROD06
ORD02759,CUST1832,C004,CAM020,2026-02-28,1408,PROD19
ORD02760,CUST1833,C018,CAM018,2026-06-21,1057,PROD33
ORD02761,CUST1833,C018,CAM018,2026-08-17,2761,PROD18
ORD02762,CUST1834,C009,CAM034,2026-05-31,11508,PROD38
ORD02763,CUST1835,C011,CAM015,2026-05-31,5049,PROD12
ORD02764,CUST1836,C009,CAM030,2026-03-30,3464,PROD32
ORD02765,CUST1836,C009,CAM030,2026-05-17,3341,PROD07
ORD02766,CUST1836,C009,CAM030,2026-06-12,7469,PROD02
ORD02767,CUST1837,C013,CAM023,2026-04-13,807,PROD08
ORD02768,CUST1838,C011,CAM009,2026-04-19,3657,PROD07
ORD02769,CUST1839,C009,CAM035,2026-04-11,2682,PROD06
ORD02770,CUST1839,C009,CAM035,2026-05-15,1145,PROD46
ORD02771,CUST1840,C018,CAM016,2026-01-22,3147,PROD18
ORD02772,CUST1841,C005,CAM022,2026-05-30,2211,PROD03
ORD02773,CUST1842,C011,CAM015,2026-06-01,6529,PROD21
ORD02774,CUST1843,C018,CAM018,2026-06-18,2418,PROD37
ORD02775,CUST1844,C006,CAM008,2026-03-19,3486,PROD42
ORD02776,CUST1845,C004,CAM040,2026-01-28,2658,PROD48
ORD02777,CUST1846,C018,CAM016,2026-01-23,1550,PROD25
ORD02778,CUST1847,C017,CAM029,2026-02-11,5166,PROD16
ORD02779,CUST1847,C017,CAM029,2026-04-06,1655,PROD26
ORD02780,CUST1847,C017,CAM029,2026-04-16,4049,PROD02
ORD02781,CUST1847,C017,CAM029,2026-06-14,3810,PROD14
ORD02782,CUST1848,C024,CAM013,2026-05-29,5997,PROD19
ORD02783,CUST1849,C009,CAM035,2026-04-18,3740,PROD10
ORD02784,CUST1850,C011,CAM009,2026-04-17,4159,PROD28
ORD02785,CUST1851,C002,CAM002,2026-04-12,4382,PROD39
ORD02786,CUST1852,C005,CAM021,2026-06-04,5792,PROD24
ORD02787,CUST1853,C024,CAM013,2026-05-23,4911,PROD25
ORD02788,CUST1854,C013,CAM019,2026-05-16,1772,PROD28
ORD02789,CUST1855,C004,CAM040,2026-02-11,3094,PROD24
ORD02790,CUST1856,C014,CAM014,2026-05-04,2912,PROD28
ORD02791,CUST1857,C013,CAM023,2026-04-03,1003,PROD30
ORD02792,CUST1858,C007,CAM028,2026-03-13,2528,PROD46
ORD02793,CUST1859,C009,CAM034,2026-05-25,3093,PROD42
ORD02794,CUST1860,C007,CAM036,2026-01-03,2957,PROD28
ORD02795,CUST1861,C012,CAM024,2026-05-14,5362,PROD09
ORD02796,CUST1862,C011,CAM009,2026-04-17,955,PROD34
ORD02797,CUST1863,C004,CAM020,2026-02-15,3607,PROD36
ORD02798,CUST1864,C009,CAM034,2026-05-11,7073,PROD33
ORD02799,CUST1865,C009,CAM035,2026-04-12,7276,PROD43
ORD02800,CUST1865,C009,CAM035,2026-06-02,1173,PROD37
ORD02801,CUST1865,C009,CAM035,2026-07-29,1799,PROD17
ORD02802,CUST1866,C008,CAM007,2026-01-22,1687,PROD50
ORD02803,CUST1867,C004,CAM040,2026-01-18,1414,PROD43
ORD02804,CUST1867,C004,CAM040,2026-02-21,3094,PROD12
ORD02805,CUST1867,C004,CAM040,2026-04-17,1769,PROD12
ORD02806,CUST1867,C004,CAM040,2026-06-14,377,PROD26
ORD02807,CUST1867,C004,CAM040,2026-06-21,4391,PROD06
ORD02808,CUST1868,C008,CAM033,2026-02-19,6690,PROD38
ORD02809,CUST1869,C013,CAM019,2026-05-22,8505,PROD29
ORD02810,CUST1870,C018,CAM018,2026-06-20,1582,PROD12
ORD02811,CUST1870,C018,CAM018,2026-07-08,1548,PROD12
ORD02812,CUST1871,C020,CAM026,2026-05-12,2278,PROD17
ORD02813,CUST1872,C006,CAM008,2026-03-17,4845,PROD02
ORD02814,CUST1873,C017,CAM029,2026-02-11,6009,PROD11
ORD02815,CUST1873,C017,CAM029,2026-03-29,7245,PROD31
ORD02816,CUST1874,C024,CAM013,2026-06-08,1316,PROD43
ORD02817,CUST1875,C004,CAM040,2026-02-06,2092,PROD20
ORD02818,CUST1876,C009,CAM035,2026-04-15,2970,PROD44
ORD02819,CUST1877,C011,CAM003,2026-03-15,4771,PROD06
ORD02820,CUST1878,C007,CAM028,2026-03-10,7624,PROD08
ORD02821,CUST1878,C007,CAM028,2026-05-06,7004,PROD02
ORD02822,CUST1879,C005,CAM021,2026-05-30,2026,PROD14
ORD02823,CUST1880,C018,CAM017,2026-04-17,5913,PROD28
ORD02824,CUST1881,C013,CAM019,2026-05-25,1279,PROD20
ORD02825,CUST1882,C018,CAM039,2026-01-28,1689,PROD28
ORD02826,CUST1882,C018,CAM039,2026-02-03,2231,PROD08
ORD02827,CUST1883,C023,CAM010,2026-04-06,5883,PROD29
ORD02828,CUST1884,C009,CAM030,2026-04-05,6367,PROD29
ORD02829,CUST1884,C009,CAM030,2026-05-17,5328,PROD16
ORD02830,CUST1884,C009,CAM030,2026-06-03,2490,PROD19
ORD02831,CUST1885,C017,CAM029,2026-02-25,5751,PROD04
ORD02832,CUST1886,C011,CAM001,2026-02-25,3673,PROD46
ORD02833,CUST1886,C011,CAM001,2026-03-29,1080,PROD27
ORD02834,CUST1886,C011,CAM001,2026-05-27,6366,PROD32
ORD02835,CUST1887,C011,CAM009,2026-04-17,3948,PROD26
ORD02836,CUST1887,C011,CAM009,2026-05-23,2643,PROD33
ORD02837,CUST1887,C011,CAM009,2026-07-04,1399,PROD47
ORD02838,CUST1887,C011,CAM009,2026-08-17,236,PROD44
ORD02839,CUST1888,C018,CAM017,2026-04-28,5316,PROD04
ORD02840,CUST1888,C018,CAM017,2026-06-05,352,PROD02
ORD02841,CUST1888,C018,CAM017,2026-07-07,6494,PROD37
ORD02842,CUST1888,C018,CAM017,2026-08-01,553,PROD36
ORD02843,CUST1889,C011,CAM015,2026-05-27,4793,PROD27
ORD02844,CUST1890,C023,CAM005,2026-05-25,3982,PROD42
ORD02845,CUST1891,C011,CAM009,2026-04-22,3759,PROD02
ORD02846,CUST1892,C006,CAM008,2026-03-20,3164,PROD31
ORD02847,CUST1893,C013,CAM032,2026-03-23,1550,PROD15
ORD02848,CUST1894,C009,CAM035,2026-04-16,972,PROD39
ORD02849,CUST1895,C003,CAM011,2026-03-21,4206,PROD30
ORD02850,CUST1896,C009,CAM034,2026-05-19,1718,PROD25
ORD02851,CUST1897,C012,CAM024,2026-05-12,3822,PROD11
ORD02852,CUST1898,C009,CAM030,2026-04-01,10187,PROD48
ORD02853,CUST1898,C009,CAM030,2026-04-11,2122,PROD43
ORD02854,CUST1898,C009,CAM030,2026-05-16,6425,PROD09
ORD02855,CUST1898,C009,CAM030,2026-06-01,3481,PROD13
ORD02856,CUST1898,C009,CAM030,2026-06-16,5859,PROD39
ORD02857,CUST1899,C023,CAM010,2026-04-05,2377,PROD32
ORD02858,CUST1900,C018,CAM031,2026-02-17,3596,PROD04
ORD02859,CUST1900,C018,CAM031,2026-02-23,1331,PROD23
ORD02860,CUST1901,C018,CAM039,2026-01-26,2025,PROD12
ORD02861,CUST1902,C005,CAM021,2026-06-09,3092,PROD05
ORD02862,CUST1902,C005,CAM021,2026-07-05,5879,PROD28
ORD02863,CUST1902,C005,CAM021,2026-07-17,3867,PROD40
ORD02864,CUST1903,C013,CAM006,2026-04-06,317,PROD32
ORD02865,CUST1904,C009,CAM030,2026-04-03,401,PROD50
ORD02866,CUST1905,C018,CAM018,2026-06-19,6175,PROD18
ORD02867,CUST1906,C023,CAM010,2026-04-15,2800,PROD39
ORD02868,CUST1907,C009,CAM034,2026-05-13,1903,PROD29
ORD02869,CUST1908,C004,CAM020,2026-02-20,5553,PROD49
ORD02870,CUST1909,C018,CAM004,2026-05-19,10203,PROD40
ORD02871,CUST1910,C007,CAM028,2026-03-09,6717,PROD03
ORD02872,CUST1911,C009,CAM030,2026-03-30,808,PROD08
ORD02873,CUST1911,C009,CAM030,2026-05-29,3080,PROD14
ORD02874,CUST1912,C013,CAM006,2026-04-08,2266,PROD46
ORD02875,CUST1913,C009,CAM034,2026-06-03,993,PROD47
ORD02876,CUST1914,C013,CAM006,2026-04-06,3131,PROD24
ORD02877,CUST1914,C013,CAM006,2026-05-02,610,PROD09
ORD02878,CUST1914,C013,CAM006,2026-05-14,1309,PROD13
ORD02879,CUST1915,C004,CAM020,2026-02-19,6134,PROD01
ORD02880,CUST1916,C021,CAM025,2026-03-07,1673,PROD22
ORD02881,CUST1917,C018,CAM004,2026-05-26,1450,PROD18
ORD02882,CUST1917,C018,CAM004,2026-06-23,5434,PROD46
ORD02883,CUST1918,C018,CAM031,2026-02-23,480,PROD43
ORD02884,CUST1919,C008,CAM007,2026-01-20,2823,PROD34
ORD02885,CUST1920,C018,CAM018,2026-06-20,559,PROD28
ORD02886,CUST1920,C018,CAM018,2026-07-21,2616,PROD27
ORD02887,CUST1920,C018,CAM018,2026-08-24,7851,PROD34
ORD02888,CUST1920,C018,CAM018,2026-10-18,3391,PROD44
ORD02889,CUST1921,C002,CAM002,2026-04-08,445,PROD50
ORD02890,CUST1922,C018,CAM031,2026-02-26,6281,PROD06
ORD02891,CUST1923,C011,CAM015,2026-05-28,6797,PROD50
ORD02892,CUST1924,C005,CAM021,2026-06-06,5049,PROD49
ORD02893,CUST1924,C005,CAM021,2026-06-13,2537,PROD43
ORD02894,CUST1925,C005,CAM022,2026-06-03,6005,PROD04
ORD02895,CUST1926,C005,CAM021,2026-06-15,3037,PROD34
ORD02896,CUST1927,C018,CAM016,2026-01-21,893,PROD44
ORD02897,CUST1928,C004,CAM040,2026-02-04,736,PROD47
ORD02898,CUST1929,C012,CAM024,2026-05-12,6002,PROD01
ORD02899,CUST1930,C013,CAM023,2026-04-07,12038,PROD40
ORD02900,CUST1931,C005,CAM021,2026-06-15,3277,PROD42
ORD02901,CUST1932,C020,CAM026,2026-05-06,9350,PROD40
ORD02902,CUST1933,C011,CAM015,2026-05-30,831,PROD42
ORD02903,CUST1934,C008,CAM007,2026-01-21,3109,PROD06
ORD02904,CUST1935,C007,CAM036,2026-01-18,9530,PROD47
ORD02905,CUST1936,C013,CAM023,2026-04-14,2927,PROD34
ORD02906,CUST1937,C010,CAM012,2026-01-28,5068,PROD33
ORD02907,CUST1938,C013,CAM023,2026-04-07,4226,PROD49
ORD02908,CUST1939,C010,CAM012,2026-01-24,200,PROD35
ORD02909,CUST1939,C010,CAM012,2026-03-07,2401,PROD17
ORD02910,CUST1940,C007,CAM037,2026-01-09,8074,PROD33
ORD02911,CUST1941,C003,CAM011,2026-03-18,3208,PROD24
ORD02912,CUST1941,C003,CAM011,2026-04-08,279,PROD41
ORD02913,CUST1941,C003,CAM011,2026-05-15,1478,PROD23
ORD02914,CUST1942,C006,CAM008,2026-03-16,1528,PROD08
ORD02915,CUST1943,C013,CAM019,2026-05-17,3406,PROD01
ORD02916,CUST1944,C007,CAM036,2026-01-11,6767,PROD48
ORD02917,CUST1945,C021,CAM025,2026-02-27,2479,PROD41
ORD02918,CUST1946,C013,CAM019,2026-05-25,4717,PROD15
ORD02919,CUST1947,C018,CAM031,2026-02-19,2288,PROD46
ORD02920,CUST1947,C018,CAM031,2026-04-01,837,PROD44
ORD02921,CUST1947,C018,CAM031,2026-04-14,386,PROD46
ORD02922,CUST1948,C006,CAM008,2026-03-24,2190,PROD07
ORD02923,CUST1949,C008,CAM033,2026-02-13,9186,PROD50
ORD02924,CUST1950,C011,CAM015,2026-05-30,965,PROD46
ORD02925,CUST1950,C011,CAM015,2026-07-01,1542,PROD27
ORD02926,CUST1950,C011,CAM015,2026-07-11,7755,PROD06
ORD02927,CUST1950,C011,CAM015,2026-07-19,4757,PROD28
ORD02928,CUST1951,C002,CAM002,2026-04-15,1027,PROD05
ORD02929,CUST1951,C002,CAM002,2026-05-13,3042,PROD44
ORD02930,CUST1952,C010,CAM012,2026-01-31,1247,PROD34
ORD02931,CUST1953,C011,CAM003,2026-03-15,2023,PROD38
ORD02932,CUST1954,C011,CAM009,2026-04-21,1925,PROD45
ORD02933,CUST1955,C013,CAM032,2026-04-01,2836,PROD11
ORD02934,CUST1956,C013,CAM032,2026-03-25,4392,PROD46
ORD02935,CUST1956,C013,CAM032,2026-04-28,1127,PROD09
ORD02936,CUST1957,C007,CAM037,2026-01-13,8534,PROD08
ORD02937,CUST1958,C012,CAM024,2026-05-10,8382,PROD03
ORD02938,CUST1959,C023,CAM010,2026-04-06,887,PROD24
ORD02939,CUST1960,C023,CAM005,2026-06-04,392,PROD24
ORD02940,CUST1960,C023,CAM005,2026-07-15,3510,PROD19
ORD02941,CUST1960,C023,CAM005,2026-07-22,6980,PROD34
ORD02942,CUST1961,C021,CAM025,2026-02-12,7144,PROD24
ORD02943,CUST1962,C011,CAM009,2026-04-17,9930,PROD10
ORD02944,CUST1963,C009,CAM035,2026-04-18,6032,PROD04
ORD02945,CUST1964,C010,CAM038,2026-03-07,8418,PROD48
ORD02946,CUST1965,C007,CAM036,2026-01-01,3901,PROD23
ORD02947,CUST1965,C007,CAM036,2026-01-10,6044,PROD03
ORD02948,CUST1966,C007,CAM028,2026-03-21,7190,PROD37
ORD02949,CUST1967,C011,CAM015,2026-06-06,1193,PROD25
ORD02950,CUST1968,C018,CAM004,2026-05-27,5062,PROD09
ORD02951,CUST1968,C018,CAM004,2026-07-03,8840,PROD41
ORD02952,CUST1969,C002,CAM002,2026-04-15,3624,PROD10
ORD02953,CUST1970,C011,CAM001,2026-03-07,3299,PROD40
ORD02954,CUST1970,C011,CAM001,2026-04-23,4620,PROD40
ORD02955,CUST1971,C018,CAM004,2026-05-24,4476,PROD26
ORD02956,CUST1971,C018,CAM004,2026-06-19,3729,PROD35
ORD02957,CUST1971,C018,CAM004,2026-06-26,3483,PROD43
ORD02958,CUST1972,C007,CAM037,2026-01-09,2671,PROD11
ORD02959,CUST1973,C014,CAM014,2026-04-29,5803,PROD50
ORD02960,CUST1974,C010,CAM038,2026-03-07,1530,PROD08
ORD02961,CUST1975,C010,CAM012,2026-02-05,5986,PROD40
ORD02962,CUST1975,C010,CAM012,2026-03-16,2250,PROD37
ORD02963,CUST1976,C005,CAM021,2026-05-25,2045,PROD34
ORD02964,CUST1977,C007,CAM037,2026-01-12,6229,PROD02
ORD02965,CUST1978,C018,CAM039,2026-01-29,3717,PROD02
ORD02966,CUST1979,C018,CAM017,2026-04-19,7265,PROD46
ORD02967,CUST1979,C018,CAM017,2026-06-16,2737,PROD38
ORD02968,CUST1980,C008,CAM033,2026-01-30,1608,PROD39
ORD02969,CUST1981,C010,CAM038,2026-03-09,2856,PROD32
ORD02970,CUST1982,C011,CAM003,2026-03-09,1290,PROD12
ORD02971,CUST1983,C017,CAM029,2026-01-30,9472,PROD21
ORD02972,CUST1984,C005,CAM022,2026-06-07,1691,PROD07
ORD02973,CUST1984,C005,CAM022,2026-07-16,6697,PROD11
ORD02974,CUST1985,C021,CAM025,2026-02-13,2400,PROD50
ORD02975,CUST1985,C021,CAM025,2026-02-23,1346,PROD10
ORD02976,CUST1985,C021,CAM025,2026-03-19,2700,PROD27
ORD02977,CUST1986,C009,CAM034,2026-05-15,1094,PROD21
ORD02978,CUST1986,C009,CAM034,2026-05-31,11091,PROD02
ORD02979,CUST1986,C009,CAM034,2026-07-20,4501,PROD04
ORD02980,CUST1987,C021,CAM025,2026-02-21,200,PROD10
ORD02981,CUST1987,C021,CAM025,2026-03-24,5267,PROD21
ORD02982,CUST1987,C021,CAM025,2026-04-14,2500,PROD25
ORD02983,CUST1988,C005,CAM022,2026-06-02,11726,PROD16
ORD02984,CUST1988,C005,CAM022,2026-07-25,1572,PROD39
ORD02985,CUST1989,C003,CAM011,2026-03-02,2209,PROD49
ORD02986,CUST1990,C018,CAM016,2026-01-21,586,PROD18
ORD02987,CUST1991,C006,CAM008,2026-03-21,1055,PROD27
ORD02988,CUST1992,C007,CAM036,2026-01-16,12388,PROD41
ORD02989,CUST1992,C007,CAM036,2026-02-04,1902,PROD02
ORD02990,CUST1992,C007,CAM036,2026-02-26,3110,PROD36
ORD02991,CUST1993,C013,CAM019,2026-05-11,2293,PROD36
ORD02992,CUST1994,C023,CAM005,2026-05-26,2110,PROD27
ORD02993,CUST1994,C023,CAM005,2026-06-28,621,PROD06
ORD02994,CUST1995,C004,CAM040,2026-02-07,1553,PROD10
ORD02995,CUST1996,C007,CAM028,2026-03-23,200,PROD16
ORD02996,CUST1997,C011,CAM009,2026-04-21,3315,PROD36
ORD02997,CUST1998,C010,CAM012,2026-01-20,4015,PROD30
ORD02998,CUST1998,C010,CAM012,2026-03-19,6901,PROD40
ORD02999,CUST1999,C009,CAM030,2026-04-08,969,PROD01
ORD03000,CUST2000,C009,CAM035,2026-04-13,3977,PROD17
ORD03001,CUST2000,C009,CAM035,2026-06-10,4279,PROD44
ORD03002,CUST2001,C013,CAM023,2026-04-08,8026,PROD14
ORD03003,CUST2002,C007,CAM036,2026-01-27,9670,PROD03
ORD03004,CUST2003,C021,CAM025,2026-03-04,883,PROD05
ORD03005,CUST2004,C009,CAM030,2026-03-30,2497,PROD08
ORD03006,CUST2005,C008,CAM007,2026-01-20,5044,PROD18
ORD03007,CUST2006,C009,CAM030,2026-04-01,11527,PROD21
ORD03008,CUST2007,C005,CAM022,2026-06-09,6935,PROD49
ORD03009,CUST2008,C006,CAM008,2026-03-23,2340,PROD43
ORD03010,CUST2008,C006,CAM008,2026-04-17,1389,PROD22
ORD03011,CUST2009,C005,CAM022,2026-06-13,1806,PROD22
ORD03012,CUST2010,C011,CAM015,2026-06-06,2833,PROD42
ORD03013,CUST2011,C011,CAM015,2026-06-01,5455,PROD01
ORD03014,CUST2012,C002,CAM002,2026-04-10,5142,PROD45
ORD03015,CUST2013,C023,CAM010,2026-04-11,5116,PROD35
ORD03016,CUST2014,C017,CAM029,2026-02-24,2048,PROD42
ORD03017,CUST2015,C018,CAM039,2026-01-29,3380,PROD43
ORD03018,CUST2015,C018,CAM039,2026-03-03,1758,PROD44
ORD03019,CUST2016,C007,CAM037,2026-01-10,13390,PROD25
ORD03020,CUST2017,C011,CAM009,2026-04-19,3334,PROD50
ORD03021,CUST2018,C011,CAM003,2026-03-09,388,PROD24
ORD03022,CUST2018,C011,CAM003,2026-03-26,2036,PROD29
ORD03023,CUST2019,C008,CAM007,2026-01-21,441,PROD49
ORD03024,CUST2020,C021,CAM025,2026-03-02,10590,PROD23
ORD03025,CUST2021,C009,CAM035,2026-04-07,2832,PROD41
ORD03026,CUST2022,C007,CAM036,2026-01-26,1021,PROD15
ORD03027,CUST2023,C008,CAM033,2026-02-08,3201,PROD32
ORD03028,CUST2023,C008,CAM033,2026-03-30,7275,PROD46
ORD03029,CUST2023,C008,CAM033,2026-05-12,2882,PROD14
ORD03030,CUST2023,C008,CAM033,2026-05-17,7721,PROD13
ORD03031,CUST2024,C002,CAM002,2026-04-18,2348,PROD18
ORD03032,CUST2025,C011,CAM001,2026-03-13,3959,PROD36
ORD03033,CUST2026,C010,CAM012,2026-02-09,2747,PROD44
ORD03034,CUST2027,C008,CAM033,2026-02-16,4360,PROD05
ORD03035,CUST2028,C007,CAM036,2026-01-05,3487,PROD09
ORD03036,CUST2029,C009,CAM030,2026-04-07,3399,PROD34
ORD03037,CUST2030,C023,CAM005,2026-05-30,3545,PROD44
ORD03038,CUST2030,C023,CAM005,2026-06-05,7353,PROD45
ORD03039,CUST2031,C004,CAM040,2026-02-04,1896,PROD44
ORD03040,CUST2032,C018,CAM016,2026-01-29,5909,PROD28
ORD03041,CUST2033,C007,CAM037,2026-01-15,4701,PROD04
ORD03042,CUST2034,C011,CAM009,2026-04-18,2510,PROD27
ORD03043,CUST2035,C010,CAM012,2026-01-22,1337,PROD30
ORD03044,CUST2036,C017,CAM029,2026-02-10,6418,PROD03
ORD03045,CUST2037,C011,CAM009,2026-04-15,1909,PROD27
ORD03046,CUST2037,C011,CAM009,2026-05-24,4333,PROD29
ORD03047,CUST2037,C011,CAM009,2026-06-18,2556,PROD01
ORD03048,CUST2038,C013,CAM006,2026-04-09,5545,PROD37
ORD03049,CUST2039,C011,CAM003,2026-03-09,5692,PROD15
ORD03050,CUST2040,C013,CAM006,2026-04-16,1498,PROD16
ORD03051,CUST2041,C018,CAM018,2026-05-31,2902,PROD05
ORD03052,CUST2042,C002,CAM027,2026-04-28,15000,PROD31
ORD03053,CUST2042,C002,CAM027,2026-05-30,6663,PROD02
ORD03054,CUST2043,C021,CAM025,2026-03-06,3997,PROD22
ORD03055,CUST2044,C005,CAM022,2026-06-07,7634,PROD31
ORD03056,CUST2044,C005,CAM022,2026-06-27,3360,PROD22
ORD03057,CUST2044,C005,CAM022,2026-08-24,2166,PROD04
ORD03058,CUST2045,C011,CAM009,2026-04-18,2521,PROD16
ORD03059,CUST2046,C018,CAM004,2026-05-27,7421,PROD49
ORD03060,CUST2047,C009,CAM035,2026-04-16,2764,PROD08
ORD03061,CUST2048,C021,CAM025,2026-02-10,1618,PROD25
ORD03062,CUST2049,C008,CAM007,2026-01-19,4392,PROD04
ORD03063,CUST2050,C011,CAM003,2026-03-16,2167,PROD40
ORD03064,CUST2050,C011,CAM003,2026-04-30,10518,PROD28
ORD03065,CUST2050,C011,CAM003,2026-05-09,1470,PROD07
ORD03066,CUST2051,C002,CAM002,2026-04-08,2500,PROD19
ORD03067,CUST2052,C009,CAM034,2026-05-22,2032,PROD40
ORD03068,CUST2053,C011,CAM003,2026-03-15,3145,PROD39
ORD03069,CUST2053,C011,CAM003,2026-05-09,2374,PROD43
ORD03070,CUST2054,C018,CAM016,2026-01-15,4910,PROD30
ORD03071,CUST2055,C008,CAM033,2026-02-10,3161,PROD40
ORD03072,CUST2056,C013,CAM006,2026-04-13,6608,PROD44
ORD03073,CUST2057,C018,CAM018,2026-05-26,2614,PROD22
ORD03074,CUST2058,C011,CAM003,2026-03-12,473,PROD01
ORD03075,CUST2058,C011,CAM003,2026-04-24,2685,PROD46
ORD03076,CUST2059,C005,CAM021,2026-06-11,2903,PROD13
ORD03077,CUST2060,C013,CAM032,2026-03-13,1291,PROD17
ORD03078,CUST2061,C008,CAM033,2026-02-10,6926,PROD40
ORD03079,CUST2062,C010,CAM012,2026-01-24,2775,PROD03
ORD03080,CUST2063,C018,CAM018,2026-05-30,3254,PROD28
ORD03081,CUST2063,C018,CAM018,2026-07-06,5546,PROD42
ORD03082,CUST2064,C007,CAM037,2026-01-10,8410,PROD35
ORD03083,CUST2064,C007,CAM037,2026-03-05,7723,PROD10
ORD03084,CUST2065,C011,CAM001,2026-03-12,2203,PROD22
ORD03085,CUST2065,C011,CAM001,2026-04-04,4547,PROD24
ORD03086,CUST2065,C011,CAM001,2026-04-09,7290,PROD34
ORD03087,CUST2066,C009,CAM030,2026-04-08,5742,PROD04
ORD03088,CUST2067,C018,CAM016,2026-01-23,3044,PROD36
ORD03089,CUST2068,C005,CAM021,2026-05-25,1983,PROD13
ORD03090,CUST2069,C005,CAM022,2026-06-19,11351,PROD05
ORD03091,CUST2070,C013,CAM019,2026-05-14,622,PROD45
ORD03092,CUST2071,C023,CAM010,2026-04-11,6467,PROD22
ORD03093,CUST2072,C005,CAM022,2026-06-17,2507,PROD22
ORD03094,CUST2073,C008,CAM007,2026-01-22,8387,PROD11
ORD03095,CUST2074,C010,CAM038,2026-03-10,2532,PROD03
ORD03096,CUST2075,C018,CAM016,2026-01-18,1874,PROD41
ORD03097,CUST2076,C014,CAM014,2026-05-06,4475,PROD14
ORD03098,CUST2077,C010,CAM038,2026-03-10,2514,PROD22
ORD03099,CUST2078,C004,CAM020,2026-02-18,6535,PROD12
ORD03100,CUST2078,C004,CAM020,2026-04-16,12456,PROD01
ORD03101,CUST2079,C007,CAM036,2026-01-01,6025,PROD02
ORD03102,CUST2079,C007,CAM036,2026-02-10,1049,PROD08
ORD03103,CUST2080,C018,CAM016,2026-01-19,10513,PROD41
ORD03104,CUST2081,C002,CAM027,2026-05-02,9555,PROD02
ORD03105,CUST2082,C012,CAM024,2026-05-10,572,PROD15
ORD03106,CUST2083,C003,CAM011,2026-03-18,1537,PROD36
ORD03107,CUST2084,C005,CAM022,2026-06-04,5487,PROD12
ORD03108,CUST2084,C005,CAM022,2026-08-01,3036,PROD17
ORD03109,CUST2085,C009,CAM030,2026-03-29,4613,PROD09
ORD03110,CUST2086,C006,CAM008,2026-03-17,3663,PROD14
ORD03111,CUST2087,C011,CAM009,2026-04-22,4049,PROD24
ORD03112,CUST2087,C011,CAM009,2026-06-08,7504,PROD11
ORD03113,CUST2087,C011,CAM009,2026-07-16,759,PROD40
ORD03114,CUST2088,C004,CAM020,2026-02-08,5989,PROD09
ORD03115,CUST2088,C004,CAM020,2026-04-04,7430,PROD13
ORD03116,CUST2089,C018,CAM018,2026-06-12,4207,PROD24
ORD03117,CUST2090,C010,CAM012,2026-02-07,789,PROD41
ORD03118,CUST2091,C018,CAM017,2026-04-14,1466,PROD38
ORD03119,CUST2092,C018,CAM004,2026-05-26,4684,PROD10
ORD03120,CUST2092,C018,CAM004,2026-06-20,6500,PROD16
ORD03121,CUST2093,C020,CAM026,2026-05-09,9505,PROD09
ORD03122,CUST2094,C011,CAM009,2026-04-23,6850,PROD06
ORD03123,CUST2094,C011,CAM009,2026-06-17,2435,PROD31
ORD03124,CUST2094,C011,CAM009,2026-08-11,4568,PROD43
ORD03125,CUST2095,C002,CAM002,2026-04-09,4441,PROD25
ORD03126,CUST2095,C002,CAM002,2026-06-01,6429,PROD42
ORD03127,CUST2095,C002,CAM002,2026-07-24,2323,PROD33
ORD03128,CUST2096,C004,CAM040,2026-02-02,1581,PROD12
ORD03129,CUST2097,C009,CAM035,2026-04-17,2641,PROD45
ORD03130,CUST2098,C013,CAM023,2026-04-14,3101,PROD31
ORD03131,CUST2099,C018,CAM018,2026-06-13,1492,PROD38
ORD03132,CUST2100,C018,CAM017,2026-04-14,3766,PROD13
ORD03133,CUST2100,C018,CAM017,2026-05-17,5385,PROD16
ORD03134,CUST2101,C023,CAM010,2026-04-07,5293,PROD25
ORD03135,CUST2101,C023,CAM010,2026-05-18,5960,PROD11
ORD03136,CUST2102,C018,CAM039,2026-01-26,10871,PROD06
ORD03137,CUST2103,C023,CAM010,2026-04-16,5004,PROD29
ORD03138,CUST2103,C023,CAM010,2026-05-24,3755,PROD23
ORD03139,CUST2104,C013,CAM023,2026-04-12,8289,PROD33
ORD03140,CUST2104,C013,CAM023,2026-05-26,3015,PROD22
ORD03141,CUST2104,C013,CAM023,2026-06-27,2518,PROD29
ORD03142,CUST2105,C013,CAM019,2026-05-21,10206,PROD32
ORD03143,CUST2106,C011,CAM001,2026-03-05,1577,PROD12
ORD03144,CUST2107,C011,CAM015,2026-05-26,4764,PROD05
ORD03145,CUST2107,C011,CAM015,2026-06-22,3793,PROD06
ORD03146,CUST2108,C018,CAM004,2026-05-26,1823,PROD42
ORD03147,CUST2109,C013,CAM019,2026-05-16,4490,PROD07
ORD03148,CUST2110,C020,CAM026,2026-04-21,5262,PROD35
ORD03149,CUST2111,C007,CAM028,2026-03-16,1458,PROD22
ORD03150,CUST2112,C013,CAM032,2026-03-18,5010,PROD50
ORD03151,CUST2113,C002,CAM002,2026-04-12,4069,PROD39
ORD03152,CUST2113,C002,CAM002,2026-04-25,6247,PROD49
ORD03153,CUST2114,C008,CAM007,2026-01-26,4318,PROD01
ORD03154,CUST2115,C010,CAM012,2026-01-28,3530,PROD23
ORD03155,CUST2116,C018,CAM031,2026-02-22,3206,PROD38
ORD03156,CUST2117,C004,CAM020,2026-02-06,3538,PROD33
ORD03157,CUST2118,C009,CAM030,2026-03-31,2764,PROD15
ORD03158,CUST2119,C006,CAM008,2026-03-19,1863,PROD34
ORD03159,CUST2120,C018,CAM016,2026-01-27,4761,PROD30
ORD03160,CUST2121,C009,CAM035,2026-04-13,2268,PROD06
ORD03161,CUST2122,C011,CAM009,2026-04-14,1468,PROD45
ORD03162,CUST2123,C004,CAM020,2026-02-12,5164,PROD36
ORD03163,CUST2124,C007,CAM028,2026-03-17,2737,PROD09
ORD03164,CUST2124,C007,CAM028,2026-04-10,6347,PROD48
ORD03165,CUST2124,C007,CAM028,2026-04-15,2553,PROD32
ORD03166,CUST2125,C013,CAM006,2026-04-24,2245,PROD22
ORD03167,CUST2126,C002,CAM002,2026-04-14,2259,PROD49
ORD03168,CUST2127,C023,CAM005,2026-05-31,4508,PROD02
ORD03169,CUST2127,C023,CAM005,2026-07-11,2079,PROD03
ORD03170,CUST2127,C023,CAM005,2026-07-24,10167,PROD10
ORD03171,CUST2128,C009,CAM030,2026-04-07,3336,PROD39
ORD03172,CUST2129,C018,CAM016,2026-01-24,5487,PROD25
ORD03173,CUST2130,C012,CAM024,2026-05-13,2097,PROD25
ORD03174,CUST2130,C012,CAM024,2026-05-30,9157,PROD31
ORD03175,CUST2131,C021,CAM025,2026-02-19,5004,PROD29
ORD03176,CUST2132,C023,CAM005,2026-05-31,5712,PROD07
ORD03177,CUST2132,C023,CAM005,2026-07-18,1149,PROD36
ORD03178,CUST2132,C023,CAM005,2026-08-03,5313,PROD03
ORD03179,CUST2133,C009,CAM030,2026-04-07,3462,PROD12
ORD03180,CUST2134,C011,CAM003,2026-03-10,5435,PROD25
ORD03181,CUST2135,C002,CAM002,2026-04-11,6495,PROD43
ORD03182,CUST2135,C002,CAM002,2026-05-19,1746,PROD05
ORD03183,CUST2135,C002,CAM002,2026-06-22,11891,PROD04
ORD03184,CUST2135,C002,CAM002,2026-07-20,6215,PROD34
ORD03185,CUST2135,C002,CAM002,2026-07-25,4569,PROD11
ORD03186,CUST2135,C002,CAM002,2026-08-19,10018,PROD27
ORD03187,CUST2136,C005,CAM021,2026-05-29,398,PROD09
ORD03188,CUST2137,C005,CAM022,2026-06-12,2918,PROD05
ORD03189,CUST2138,C018,CAM017,2026-04-19,2757,PROD14
ORD03190,CUST2138,C018,CAM017,2026-05-13,2683,PROD28
ORD03191,CUST2138,C018,CAM017,2026-07-09,1182,PROD46
ORD03192,CUST2138,C018,CAM017,2026-08-25,5822,PROD31
ORD03193,CUST2139,C003,CAM011,2026-03-14,4891,PROD20
ORD03194,CUST2140,C018,CAM039,2026-01-24,8610,PROD44
ORD03195,CUST2141,C021,CAM025,2026-02-17,3268,PROD10
ORD03196,CUST2141,C021,CAM025,2026-03-22,6478,PROD05
ORD03197,CUST2141,C021,CAM025,2026-05-18,2853,PROD26
ORD03198,CUST2142,C018,CAM031,2026-02-17,3490,PROD37
ORD03199,CUST2143,C007,CAM036,2026-01-15,2290,PROD03
ORD03200,CUST2144,C007,CAM036,2026-01-03,3637,PROD30
ORD03201,CUST2145,C002,CAM027,2026-04-30,4279,PROD20
ORD03202,CUST2146,C023,CAM005,2026-05-27,9844,PROD12
ORD03203,CUST2146,C023,CAM005,2026-07-10,1386,PROD47
ORD03204,CUST2146,C023,CAM005,2026-08-11,1277,PROD30
ORD03205,CUST2147,C009,CAM035,2026-04-16,7210,PROD37
ORD03206,CUST2147,C009,CAM035,2026-04-27,12669,PROD26
ORD03207,CUST2147,C009,CAM035,2026-06-15,4264,PROD03
ORD03208,CUST2148,C007,CAM028,2026-03-11,3467,PROD41
ORD03209,CUST2149,C005,CAM021,2026-06-02,7845,PROD05
ORD03210,CUST2150,C023,CAM010,2026-04-15,4575,PROD14
ORD03211,CUST2151,C011,CAM001,2026-03-10,6485,PROD36
ORD03212,CUST2152,C003,CAM011,2026-03-06,8541,PROD07
ORD03213,CUST2152,C003,CAM011,2026-04-12,5831,PROD50
ORD03214,CUST2152,C003,CAM011,2026-06-05,7077,PROD21
ORD03215,CUST2153,C009,CAM030,2026-04-05,5770,PROD14
ORD03216,CUST2153,C009,CAM030,2026-05-12,1432,PROD03
ORD03217,CUST2154,C002,CAM002,2026-04-08,8813,PROD45
ORD03218,CUST2154,C002,CAM002,2026-05-26,6442,PROD48
ORD03219,CUST2154,C002,CAM002,2026-06-29,13517,PROD25
ORD03220,CUST2155,C018,CAM018,2026-06-18,2455,PROD13
ORD03221,CUST2156,C005,CAM022,2026-05-31,8893,PROD08
ORD03222,CUST2156,C005,CAM022,2026-07-20,10892,PROD09
ORD03223,CUST2156,C005,CAM022,2026-08-14,5758,PROD43
ORD03224,CUST2157,C014,CAM014,2026-05-13,2246,PROD05
ORD03225,CUST2158,C018,CAM016,2026-01-23,362,PROD46
ORD03226,CUST2159,C008,CAM033,2026-02-01,2436,PROD18
ORD03227,CUST2160,C018,CAM018,2026-05-31,2388,PROD02
ORD03228,CUST2160,C018,CAM018,2026-07-13,3757,PROD07
ORD03229,CUST2160,C018,CAM018,2026-07-29,10849,PROD19
ORD03230,CUST2161,C012,CAM024,2026-05-15,2326,PROD11
ORD03231,CUST2162,C003,CAM011,2026-03-16,1487,PROD44
ORD03232,CUST2163,C006,CAM008,2026-03-18,4101,PROD12
ORD03233,CUST2164,C011,CAM015,2026-06-03,6931,PROD44
ORD03234,CUST2164,C011,CAM015,2026-07-12,5169,PROD14
ORD03235,CUST2165,C018,CAM004,2026-05-18,3908,PROD34
ORD03236,CUST2166,C018,CAM031,2026-03-03,5418,PROD07
ORD03237,CUST2167,C013,CAM032,2026-03-31,1823,PROD04
ORD03238,CUST2168,C007,CAM036,2026-01-01,2597,PROD25
ORD03239,CUST2168,C007,CAM036,2026-02-24,8462,PROD13
ORD03240,CUST2169,C008,CAM033,2026-02-08,7723,PROD13
ORD03241,CUST2170,C018,CAM016,2026-01-15,6602,PROD01
ORD03242,CUST2171,C018,CAM039,2026-01-24,2165,PROD05
ORD03243,CUST2172,C013,CAM006,2026-04-06,2319,PROD43
ORD03244,CUST2173,C004,CAM020,2026-02-11,1698,PROD33
ORD03245,CUST2173,C004,CAM020,2026-02-22,6344,PROD21
ORD03246,CUST2173,C004,CAM020,2026-03-19,3165,PROD36
ORD03247,CUST2173,C004,CAM020,2026-05-03,7917,PROD13
ORD03248,CUST2173,C004,CAM020,2026-06-16,3981,PROD14
ORD03249,CUST2174,C009,CAM034,2026-05-22,2225,PROD08
ORD03250,CUST2175,C023,CAM005,2026-05-28,3656,PROD21
ORD03251,CUST2175,C023,CAM005,2026-06-13,8200,PROD01
ORD03252,CUST2176,C021,CAM025,2026-03-01,3267,PROD25
ORD03253,CUST2176,C021,CAM025,2026-03-19,4617,PROD30
ORD03254,CUST2177,C008,CAM033,2026-01-30,1795,PROD18
ORD03255,CUST2178,C002,CAM027,2026-04-27,6617,PROD05
ORD03256,CUST2179,C023,CAM010,2026-04-10,2766,PROD39
ORD03257,CUST2179,C023,CAM010,2026-05-16,6244,PROD07
ORD03258,CUST2179,C023,CAM010,2026-07-05,6919,PROD35
ORD03259,CUST2179,C023,CAM010,2026-08-29,3052,PROD37
ORD03260,CUST2180,C013,CAM019,2026-05-16,5988,PROD39
ORD03261,CUST2181,C014,CAM014,2026-05-11,2185,PROD50
ORD03262,CUST2182,C007,CAM036,2026-01-05,1800,PROD41
ORD03263,CUST2183,C007,CAM037,2026-01-10,2979,PROD43
ORD03264,CUST2184,C002,CAM027,2026-04-10,2618,PROD39
ORD03265,CUST2185,C024,CAM013,2026-05-31,4364,PROD41
ORD03266,CUST2186,C020,CAM026,2026-04-26,3925,PROD46
ORD03267,CUST2187,C002,CAM002,2026-04-11,4077,PROD49
ORD03268,CUST2187,C002,CAM002,2026-04-23,4817,PROD20
ORD03269,CUST2188,C009,CAM030,2026-04-04,1225,PROD40
ORD03270,CUST2189,C004,CAM020,2026-02-07,4609,PROD32
ORD03271,CUST2189,C004,CAM020,2026-03-02,3974,PROD13
ORD03272,CUST2190,C004,CAM040,2026-01-30,7217,PROD03
ORD03273,CUST2190,C004,CAM040,2026-02-19,9263,PROD47
ORD03274,CUST2191,C011,CAM015,2026-05-30,3669,PROD22
ORD03275,CUST2192,C018,CAM017,2026-04-21,363,PROD49
ORD03276,CUST2192,C018,CAM017,2026-04-28,317,PROD34
ORD03277,CUST2193,C018,CAM031,2026-02-23,6721,PROD19
ORD03278,CUST2194,C004,CAM040,2026-01-18,687,PROD47
ORD03279,CUST2194,C004,CAM040,2026-02-13,2845,PROD22
ORD03280,CUST2194,C004,CAM040,2026-03-05,3082,PROD14
ORD03281,CUST2194,C004,CAM040,2026-04-13,13632,PROD04
ORD03282,CUST2195,C011,CAM015,2026-05-26,2030,PROD45
ORD03283,CUST2196,C007,CAM036,2026-01-08,4095,PROD25
ORD03284,CUST2197,C009,CAM034,2026-05-20,471,PROD41
ORD03285,CUST2197,C009,CAM034,2026-05-25,5784,PROD05
ORD03286,CUST2198,C013,CAM019,2026-05-23,783,PROD13
ORD03287,CUST2198,C013,CAM019,2026-05-31,5731,PROD41
ORD03288,CUST2199,C011,CAM003,2026-03-12,5345,PROD12
ORD03289,CUST2199,C011,CAM003,2026-04-23,2867,PROD36
ORD03290,CUST2200,C009,CAM030,2026-04-01,7785,PROD06
ORD03291,CUST2200,C009,CAM030,2026-05-03,1583,PROD47
ORD03292,CUST2200,C009,CAM030,2026-06-06,6520,PROD20
ORD03293,CUST2200,C009,CAM030,2026-06-21,4785,PROD47
ORD03294,CUST2201,C013,CAM006,2026-04-10,7016,PROD39
ORD03295,CUST2202,C005,CAM022,2026-06-08,1032,PROD29
ORD03296,CUST2202,C005,CAM022,2026-07-23,5449,PROD13
ORD03297,CUST2202,C005,CAM022,2026-08-14,5050,PROD31
ORD03298,CUST2202,C005,CAM022,2026-08-24,4034,PROD24
ORD03299,CUST2202,C005,CAM022,2026-09-23,9850,PROD25
ORD03300,CUST2202,C005,CAM022,2026-10-08,4119,PROD31
ORD03301,CUST2202,C005,CAM022,2026-11-10,1115,PROD28
ORD03302,CUST2203,C002,CAM027,2026-04-27,5368,PROD49
ORD03303,CUST2204,C010,CAM038,2026-03-10,2901,PROD25
ORD03304,CUST2204,C010,CAM038,2026-04-11,2867,PROD06
ORD03305,CUST2204,C010,CAM038,2026-06-03,2656,PROD20
ORD03306,CUST2204,C010,CAM038,2026-07-16,2607,PROD35
ORD03307,CUST2205,C012,CAM024,2026-05-15,2666,PROD17
ORD03308,CUST2206,C008,CAM007,2026-01-25,2247,PROD19
ORD03309,CUST2206,C008,CAM007,2026-02-23,4427,PROD36
ORD03310,CUST2206,C008,CAM007,2026-04-07,1907,PROD31
ORD03311,CUST2206,C008,CAM007,2026-04-16,1815,PROD22
ORD03312,CUST2206,C008,CAM007,2026-04-29,3607,PROD46
ORD03313,CUST2207,C011,CAM003,2026-03-12,10248,PROD13
ORD03314,CUST2207,C011,CAM003,2026-03-17,5525,PROD01
ORD03315,CUST2208,C009,CAM034,2026-05-26,2384,PROD24
ORD03316,CUST2209,C009,CAM030,2026-04-04,3722,PROD26
ORD03317,CUST2210,C003,CAM011,2026-03-06,8533,PROD20
ORD03318,CUST2211,C009,CAM030,2026-04-07,4211,PROD03
ORD03319,CUST2211,C009,CAM030,2026-04-19,3855,PROD25
ORD03320,CUST2211,C009,CAM030,2026-05-30,3483,PROD11
ORD03321,CUST2212,C024,CAM013,2026-06-10,14855,PROD17
ORD03322,CUST2213,C009,CAM030,2026-04-03,10419,PROD32
ORD03323,CUST2214,C007,CAM036,2026-01-23,5847,PROD04
ORD03324,CUST2215,C011,CAM003,2026-03-15,5482,PROD48
ORD03325,CUST2216,C005,CAM021,2026-05-31,3896,PROD24
ORD03326,CUST2217,C007,CAM037,2026-01-15,1469,PROD43
ORD03327,CUST2217,C007,CAM037,2026-03-02,1247,PROD10
ORD03328,CUST2218,C009,CAM035,2026-04-15,1686,PROD44
ORD03329,CUST2219,C009,CAM034,2026-05-18,1072,PROD38
ORD03330,CUST2219,C009,CAM034,2026-07-04,6846,PROD11
ORD03331,CUST2220,C018,CAM017,2026-04-16,4994,PROD42
ORD03332,CUST2221,C003,CAM011,2026-03-07,1652,PROD38
ORD03333,CUST2222,C013,CAM006,2026-04-19,3133,PROD28
ORD03334,CUST2223,C007,CAM028,2026-03-19,1822,PROD20
ORD03335,CUST2224,C013,CAM023,2026-04-11,1710,PROD25
ORD03336,CUST2225,C018,CAM017,2026-04-22,5241,PROD49
ORD03337,CUST2226,C011,CAM001,2026-02-27,3977,PROD37
ORD03338,CUST2226,C011,CAM001,2026-04-22,1749,PROD23
ORD03339,CUST2226,C011,CAM001,2026-06-18,2756,PROD10
ORD03340,CUST2227,C018,CAM018,2026-06-18,1034,PROD48
ORD03341,CUST2227,C018,CAM018,2026-07-18,6244,PROD45
ORD03342,CUST2228,C018,CAM017,2026-04-13,1621,PROD32
ORD03343,CUST2229,C012,CAM024,2026-05-08,2056,PROD45
ORD03344,CUST2229,C012,CAM024,2026-06-08,3667,PROD34
ORD03345,CUST2230,C002,CAM002,2026-04-18,3511,PROD28
ORD03346,CUST2230,C002,CAM002,2026-05-03,6801,PROD12
ORD03347,CUST2230,C002,CAM002,2026-05-31,953,PROD12
ORD03348,CUST2231,C023,CAM010,2026-04-06,1593,PROD12
ORD03349,CUST2231,C023,CAM010,2026-05-13,357,PROD08
ORD03350,CUST2231,C023,CAM010,2026-06-15,1078,PROD37
ORD03351,CUST2232,C002,CAM002,2026-04-11,1521,PROD04
ORD03352,CUST2232,C002,CAM002,2026-06-02,1010,PROD12
ORD03353,CUST2232,C002,CAM002,2026-07-28,3527,PROD49
ORD03354,CUST2233,C005,CAM022,2026-06-07,3104,PROD27
ORD03355,CUST2234,C017,CAM029,2026-02-19,5284,PROD07
ORD03356,CUST2235,C018,CAM018,2026-06-15,1634,PROD19
ORD03357,CUST2235,C018,CAM018,2026-06-25,3337,PROD25
ORD03358,CUST2235,C018,CAM018,2026-07-07,3503,PROD18
ORD03359,CUST2236,C011,CAM015,2026-05-28,4960,PROD16
ORD03360,CUST2236,C011,CAM015,2026-07-02,1109,PROD32
ORD03361,CUST2237,C011,CAM015,2026-06-04,12089,PROD04
ORD03362,CUST2237,C011,CAM015,2026-06-26,5692,PROD49
ORD03363,CUST2237,C011,CAM015,2026-07-01,4707,PROD43
ORD03364,CUST2237,C011,CAM015,2026-08-12,1430,PROD03
ORD03365,CUST2238,C007,CAM036,2026-01-07,4854,PROD01
ORD03366,CUST2239,C023,CAM010,2026-04-13,2162,PROD49
ORD03367,CUST2240,C005,CAM022,2026-06-14,6112,PROD22
ORD03368,CUST2241,C012,CAM024,2026-05-13,1938,PROD44
ORD03369,CUST2242,C010,CAM038,2026-03-08,4399,PROD24
ORD03370,CUST2243,C011,CAM003,2026-03-15,4394,PROD04
ORD03371,CUST2244,C002,CAM002,2026-04-13,2185,PROD01
ORD03372,CUST2245,C018,CAM031,2026-02-22,1525,PROD09
ORD03373,CUST2246,C011,CAM015,2026-06-01,212,PROD34
ORD03374,CUST2246,C011,CAM015,2026-06-23,2990,PROD45
ORD03375,CUST2247,C024,CAM013,2026-06-12,1252,PROD29
ORD03376,CUST2247,C024,CAM013,2026-07-26,4452,PROD44
ORD03377,CUST2247,C024,CAM013,2026-09-11,12361,PROD31
ORD03378,CUST2247,C024,CAM013,2026-10-18,10110,PROD27
ORD03379,CUST2247,C024,CAM013,2026-12-04,2416,PROD13
ORD03380,CUST2247,C024,CAM013,2026-12-09,11108,PROD41
ORD03381,CUST2248,C005,CAM022,2026-06-09,3108,PROD24
ORD03382,CUST2248,C005,CAM022,2026-08-08,5235,PROD03
ORD03383,CUST2249,C007,CAM037,2026-01-10,3406,PROD15
ORD03384,CUST2250,C011,CAM003,2026-03-16,6261,PROD40
ORD03385,CUST2251,C013,CAM006,2026-04-05,2741,PROD31
ORD03386,CUST2252,C008,CAM007,2026-01-19,10536,PROD19
ORD03387,CUST2253,C009,CAM035,2026-04-09,1812,PROD34
ORD03388,CUST2254,C009,CAM030,2026-04-06,4038,PROD32
ORD03389,CUST2254,C009,CAM030,2026-05-31,4618,PROD06
ORD03390,CUST2255,C009,CAM034,2026-06-05,1422,PROD36
ORD03391,CUST2256,C023,CAM005,2026-06-05,1375,PROD29
ORD03392,CUST2256,C023,CAM005,2026-06-17,1470,PROD31
ORD03393,CUST2256,C023,CAM005,2026-08-03,4091,PROD35
ORD03394,CUST2257,C011,CAM003,2026-03-12,1009,PROD49
ORD03395,CUST2257,C011,CAM003,2026-04-28,5869,PROD45
ORD03396,CUST2258,C010,CAM012,2026-01-22,5205,PROD46
ORD03397,CUST2259,C011,CAM009,2026-04-13,762,PROD21
ORD03398,CUST2260,C004,CAM040,2026-02-11,2619,PROD47
ORD03399,CUST2260,C004,CAM040,2026-03-04,2552,PROD43
ORD03400,CUST2261,C003,CAM011,2026-03-23,8370,PROD43
ORD03401,CUST2262,C023,CAM005,2026-06-06,5239,PROD45
ORD03402,CUST2262,C023,CAM005,2026-07-02,1820,PROD15
ORD03403,CUST2262,C023,CAM005,2026-08-12,1906,PROD50
ORD03404,CUST2263,C002,CAM002,2026-04-09,200,PROD25
ORD03405,CUST2264,C014,CAM014,2026-05-11,3603,PROD36
ORD03406,CUST2265,C013,CAM032,2026-03-22,8103,PROD15
ORD03407,CUST2266,C004,CAM020,2026-02-09,4144,PROD08
ORD03408,CUST2266,C004,CAM020,2026-02-19,3527,PROD22
ORD03409,CUST2267,C009,CAM030,2026-04-07,2323,PROD48
ORD03410,CUST2268,C018,CAM039,2026-01-30,2754,PROD21
ORD03411,CUST2269,C023,CAM005,2026-05-22,5189,PROD38
ORD03412,CUST2269,C023,CAM005,2026-06-30,3295,PROD13
ORD03413,CUST2269,C023,CAM005,2026-08-28,3646,PROD25
ORD03414,CUST2269,C023,CAM005,2026-09-29,8391,PROD21
ORD03415,CUST2270,C023,CAM005,2026-06-02,619,PROD09
ORD03416,CUST2271,C006,CAM008,2026-03-25,639,PROD07
ORD03417,CUST2272,C018,CAM031,2026-02-10,1246,PROD30
ORD03418,CUST2273,C009,CAM035,2026-04-08,2540,PROD19
ORD03419,CUST2274,C013,CAM032,2026-03-16,4513,PROD30
ORD03420,CUST2275,C018,CAM039,2026-01-30,1438,PROD48
ORD03421,CUST2276,C018,CAM031,2026-02-11,2719,PROD20
ORD03422,CUST2277,C018,CAM039,2026-01-22,3035,PROD46
ORD03423,CUST2278,C012,CAM024,2026-05-14,6319,PROD14
ORD03424,CUST2279,C020,CAM026,2026-04-28,5596,PROD25
ORD03425,CUST2280,C024,CAM013,2026-06-11,3260,PROD46
ORD03426,CUST2281,C009,CAM034,2026-06-02,8250,PROD15
ORD03427,CUST2282,C008,CAM033,2026-02-20,1381,PROD50
ORD03428,CUST2282,C008,CAM033,2026-03-08,4857,PROD32
ORD03429,CUST2283,C013,CAM032,2026-03-21,5617,PROD43
ORD03430,CUST2284,C013,CAM032,2026-03-14,2712,PROD36
ORD03431,CUST2285,C018,CAM016,2026-01-20,3349,PROD31
ORD03432,CUST2286,C013,CAM006,2026-04-27,9452,PROD05
ORD03433,CUST2287,C002,CAM027,2026-05-01,4461,PROD45
ORD03434,CUST2287,C002,CAM027,2026-05-18,1190,PROD45
ORD03435,CUST2288,C002,CAM002,2026-04-16,2482,PROD09
ORD03436,CUST2289,C010,CAM038,2026-03-03,7491,PROD46
ORD03437,CUST2290,C023,CAM005,2026-06-05,2640,PROD37
ORD03438,CUST2291,C018,CAM016,2026-01-22,4319,PROD19
ORD03439,CUST2292,C018,CAM031,2026-02-16,2180,PROD48
ORD03440,CUST2292,C018,CAM031,2026-03-05,1643,PROD48
ORD03441,CUST2293,C013,CAM006,2026-04-03,5526,PROD37
ORD03442,CUST2294,C007,CAM037,2026-01-15,3892,PROD10
ORD03443,CUST2295,C018,CAM031,2026-02-23,2884,PROD11
ORD03444,CUST2296,C017,CAM029,2026-02-02,8955,PROD31
ORD03445,CUST2296,C017,CAM029,2026-02-18,373,PROD04
ORD03446,CUST2297,C018,CAM016,2026-01-23,3765,PROD38
ORD03447,CUST2298,C009,CAM030,2026-03-31,1511,PROD26
ORD03448,CUST2299,C004,CAM040,2026-01-19,5377,PROD26
ORD03449,CUST2299,C004,CAM040,2026-02-24,8486,PROD20
ORD03450,CUST2300,C018,CAM004,2026-05-27,5097,PROD42
ORD03451,CUST2301,C009,CAM035,2026-04-12,2368,PROD43
ORD03452,CUST2302,C005,CAM021,2026-05-26,3543,PROD42
ORD03453,CUST2303,C009,CAM034,2026-05-18,4279,PROD29
ORD03454,CUST2304,C007,CAM037,2026-01-05,7216,PROD06
ORD03455,CUST2304,C007,CAM037,2026-01-17,2204,PROD32
ORD03456,CUST2305,C013,CAM032,2026-03-30,4556,PROD15
ORD03457,CUST2306,C018,CAM031,2026-02-28,528,PROD37
ORD03458,CUST2307,C013,CAM006,2026-04-11,6971,PROD07
ORD03459,CUST2308,C018,CAM016,2026-01-24,3522,PROD31
ORD03460,CUST2308,C018,CAM016,2026-03-11,2770,PROD45
ORD03461,CUST2308,C018,CAM016,2026-04-12,4030,PROD20
ORD03462,CUST2308,C018,CAM016,2026-05-23,3671,PROD09
ORD03463,CUST2309,C005,CAM022,2026-06-09,5928,PROD35
ORD03464,CUST2309,C005,CAM022,2026-06-25,4162,PROD26
ORD03465,CUST2310,C011,CAM001,2026-02-25,5288,PROD35
ORD03466,CUST2311,C005,CAM021,2026-06-09,7559,PROD34
ORD03467,CUST2312,C018,CAM031,2026-02-28,1747,PROD42
ORD03468,CUST2313,C018,CAM017,2026-04-19,5777,PROD08
ORD03469,CUST2314,C010,CAM038,2026-03-05,9597,PROD29
ORD03470,CUST2314,C010,CAM038,2026-04-30,6666,PROD21
ORD03471,CUST2314,C010,CAM038,2026-05-12,1917,PROD03
ORD03472,CUST2314,C010,CAM038,2026-05-25,2259,PROD37
ORD03473,CUST2315,C018,CAM039,2026-01-23,13153,PROD17
ORD03474,CUST2315,C018,CAM039,2026-03-23,4207,PROD49
ORD03475,CUST2316,C011,CAM015,2026-05-24,587,PROD33
ORD03476,CUST2317,C007,CAM037,2026-01-10,3407,PROD11
ORD03477,CUST2318,C007,CAM028,2026-03-27,3462,PROD20
ORD03478,CUST2318,C007,CAM028,2026-04-03,441,PROD34
ORD03479,CUST2318,C007,CAM028,2026-05-28,8244,PROD19
ORD03480,CUST2319,C011,CAM015,2026-05-31,3767,PROD37
ORD03481,CUST2320,C007,CAM036,2026-01-23,4728,PROD23
ORD03482,CUST2321,C023,CAM010,2026-04-12,828,PROD45
ORD03483,CUST2322,C010,CAM012,2026-02-09,2083,PROD16
ORD03484,CUST2323,C011,CAM009,2026-04-14,1659,PROD14
ORD03485,CUST2323,C011,CAM009,2026-04-27,5827,PROD39
ORD03486,CUST2324,C013,CAM023,2026-04-06,3827,PROD18
ORD03487,CUST2325,C013,CAM023,2026-04-14,2450,PROD05
ORD03488,CUST2326,C011,CAM001,2026-03-05,1610,PROD42
ORD03489,CUST2326,C011,CAM001,2026-03-20,-5236,PROD26
ORD03490,CUST2326,C011,CAM001,2026-04-23,1244,PROD06
ORD03491,CUST2327,C020,CAM026,2026-05-10,3294,PROD45
ORD03492,CUST2328,C024,CAM013,2026-06-03,3937,PROD41
ORD03493,CUST2328,C024,CAM013,2026-07-24,1919,PROD18
ORD03494,CUST2329,C013,CAM006,2026-04-25,1970,PROD46
ORD03495,CUST2330,C002,CAM027,2026-04-26,4503,PROD33
ORD03496,CUST2331,C021,CAM025,2026-02-14,2403,PROD10
ORD03497,CUST2332,C009,CAM034,2026-06-04,4140,PROD02
ORD03498,CUST2333,C009,CAM034,2026-05-17,5087,PROD08
ORD03499,CUST2333,C009,CAM034,2026-06-25,1898,PROD08
ORD03500,CUST2334,C021,CAM025,2026-02-26,6941,PROD22
ORD03501,CUST2335,C007,CAM028,2026-03-08,3708,PROD22
ORD03502,CUST2336,C006,CAM008,2026-03-20,5408,PROD15
ORD03503,CUST2336,C006,CAM008,2026-04-11,4934,PROD01
ORD03504,CUST2337,C011,CAM001,2026-03-09,2036,PROD15
ORD03505,CUST2338,C012,CAM024,2026-05-08,2132,PROD08
ORD03506,CUST2339,C011,CAM001,2026-03-13,705,PROD20
ORD03507,CUST2340,C008,CAM033,2026-02-23,804,PROD07
ORD03508,CUST2341,C017,CAM029,2026-02-10,4058,PROD19
ORD03509,CUST2342,C009,CAM034,2026-05-18,10099,PROD04
ORD03510,CUST2343,C020,CAM026,2026-04-29,1554,PROD25
ORD03511,CUST2344,C007,CAM028,2026-03-17,1836,PROD44
ORD03512,CUST2345,C013,CAM023,2026-04-11,8502,PROD26
ORD03513,CUST2346,C008,CAM007,2026-01-20,1243,PROD44
ORD03514,CUST2346,C008,CAM007,2026-02-26,3814,PROD46
ORD03515,CUST2346,C008,CAM007,2026-03-12,1219,PROD43
ORD03516,CUST2346,C008,CAM007,2026-03-25,2951,PROD10
ORD03517,CUST2346,C008,CAM007,2026-04-23,1974,PROD37
ORD03518,CUST2347,C009,CAM034,2026-05-18,11014,PROD47
ORD03519,CUST2347,C009,CAM034,2026-07-02,200,PROD24
ORD03520,CUST2348,C021,CAM025,2026-03-05,5389,PROD39
ORD03521,CUST2348,C021,CAM025,2026-04-05,1720,PROD46
ORD03522,CUST2349,C023,CAM005,2026-05-27,5865,PROD23
ORD03523,CUST2349,C023,CAM005,2026-07-22,3199,PROD30
ORD03524,CUST2349,C023,CAM005,2026-08-28,1259,PROD19
ORD03525,CUST2350,C009,CAM034,2026-05-23,6656,PROD46
ORD03526,CUST2351,C011,CAM003,2026-03-12,1109,PROD06
ORD03527,CUST2351,C011,CAM003,2026-04-05,4958,PROD27
ORD03528,CUST2352,C013,CAM032,2026-03-19,290,PROD41
ORD03529,CUST2353,C018,CAM016,2026-01-16,11672,PROD06
ORD03530,CUST2354,C010,CAM038,2026-03-03,4374,PROD19
ORD03531,CUST2354,C010,CAM038,2026-04-12,2570,PROD32
ORD03532,CUST2354,C010,CAM038,2026-06-07,1929,PROD01
ORD03533,CUST2355,C013,CAM019,2026-05-24,751,PROD09
ORD03534,CUST2356,C018,CAM016,2026-01-22,1693,PROD44
ORD03535,CUST2357,C023,CAM010,2026-04-15,1664,PROD01
ORD03536,CUST2357,C023,CAM010,2026-05-29,3806,PROD13
ORD03537,CUST2357,C023,CAM010,2026-07-26,8533,PROD48
ORD03538,CUST2357,C023,CAM010,2026-07-31,7071,PROD46
ORD03539,CUST2358,C010,CAM012,2026-02-10,1019,PROD23
ORD03540,CUST2359,C023,CAM005,2026-06-07,3000,PROD03
ORD03541,CUST2360,C011,CAM015,2026-05-30,2340,PROD44
ORD03542,CUST2361,C013,CAM006,2026-04-19,3416,PROD12
ORD03543,CUST2362,C013,CAM032,2026-03-20,10654,PROD33
ORD03544,CUST2363,C009,CAM035,2026-04-06,5345,PROD25
ORD03545,CUST2364,C006,CAM008,2026-03-21,2567,PROD22
ORD03546,CUST2365,C002,CAM027,2026-04-15,9156,PROD50
ORD03547,CUST2366,C005,CAM022,2026-06-02,1802,PROD31
ORD03548,CUST2366,C005,CAM022,2026-06-25,7078,PROD17
ORD03549,CUST2367,C021,CAM025,2026-02-09,6652,PROD37
ORD03550,CUST2368,C021,CAM025,2026-02-15,2214,PROD42
ORD03551,CUST2369,C013,CAM023,2026-04-16,3529,PROD30
ORD03552,CUST2370,C018,CAM039,2026-01-28,2532,PROD01
ORD03553,CUST2370,C018,CAM039,2026-03-13,2796,PROD30
ORD03554,CUST2370,C018,CAM039,2026-04-08,1210,PROD20
ORD03555,CUST2370,C018,CAM039,2026-05-05,2211,PROD07
ORD03556,CUST2371,C018,CAM016,2026-01-20,5932,PROD12
ORD03557,CUST2372,C020,CAM026,2026-04-30,5183,PROD28
ORD03558,CUST2372,C020,CAM026,2026-06-05,4957,PROD13
ORD03559,CUST2373,C018,CAM039,2026-01-29,4099,PROD10
ORD03560,CUST2374,C021,CAM025,2026-02-12,2017,PROD01
ORD03561,CUST2375,C023,CAM010,2026-04-16,3552,PROD15
ORD03562,CUST2376,C003,CAM011,2026-03-07,2604,PROD24
ORD03563,CUST2377,C023,CAM005,2026-05-27,1056,PROD18
ORD03564,CUST2378,C009,CAM030,2026-04-05,792,PROD29
ORD03565,CUST2379,C004,CAM020,2026-02-10,4158,PROD28
ORD03566,CUST2380,C004,CAM020,2026-02-17,4029,PROD46
ORD03567,CUST2381,C010,CAM012,2026-01-22,904,PROD03
ORD03568,CUST2382,C002,CAM027,2026-04-20,5430,PROD22
ORD03569,CUST2383,C002,CAM002,2026-04-10,3478,PROD31
ORD03570,CUST2384,C007,CAM036,2026-01-09,1232,PROD32
ORD03571,CUST2384,C007,CAM036,2026-02-18,12158,PROD32
ORD03572,CUST2385,C008,CAM007,2026-01-20,5863,PROD49
ORD03573,CUST2386,C013,CAM032,2026-03-21,1034,PROD48
ORD03574,CUST2387,C005,CAM021,2026-06-05,1251,PROD07
ORD03575,CUST2387,C005,CAM021,2026-07-30,4820,PROD02
ORD03576,CUST2387,C005,CAM021,2026-08-12,1836,PROD10
ORD03577,CUST2387,C005,CAM021,2026-09-08,1512,PROD33
ORD03578,CUST2388,C009,CAM034,2026-06-03,3502,PROD04
ORD03579,CUST2389,C008,CAM033,2026-02-23,4903,PROD39
ORD03580,CUST2390,C010,CAM038,2026-03-03,3358,PROD19
ORD03581,CUST2391,C013,CAM006,2026-04-18,2054,PROD28
ORD03582,CUST2391,C013,CAM006,2026-05-08,1462,PROD40
ORD03583,CUST2391,C013,CAM006,2026-05-22,3182,PROD47
ORD03584,CUST2392,C002,CAM002,2026-04-10,3541,PROD50
ORD03585,CUST2392,C002,CAM002,2026-04-22,1786,PROD17
ORD03586,CUST2393,C011,CAM003,2026-03-12,1280,PROD28
ORD03587,CUST2394,C018,CAM017,2026-04-28,3384,PROD07
ORD03588,CUST2395,C002,CAM002,2026-04-16,3207,PROD13
ORD03589,CUST2396,C017,CAM029,2026-02-17,4850,PROD10
ORD03590,CUST2397,C018,CAM004,2026-05-19,12702,PROD03
ORD03591,CUST2397,C018,CAM004,2026-06-10,10022,PROD13
ORD03592,CUST2397,C018,CAM004,2026-06-24,4024,PROD28
ORD03593,CUST2398,C007,CAM037,2026-01-14,8120,PROD04
ORD03594,CUST2398,C007,CAM037,2026-02-12,3722,PROD27
ORD03595,CUST2399,C018,CAM017,2026-04-22,4778,PROD15
ORD03596,CUST2400,C007,CAM037,2026-01-10,2192,PROD04
ORD03597,CUST2401,C023,CAM010,2026-04-10,1123,PROD20
ORD03598,CUST2402,C002,CAM027,2026-04-16,3843,PROD23
ORD03599,CUST2403,C018,CAM031,2026-02-23,6367,PROD04
ORD03600,CUST2403,C018,CAM031,2026-03-11,3872,PROD03
ORD03601,CUST2403,C018,CAM031,2026-03-16,819,PROD04
ORD03602,CUST2403,C018,CAM031,2026-05-02,1956,PROD48
ORD03603,CUST2404,C011,CAM001,2026-03-03,622,PROD18
ORD03604,CUST2404,C011,CAM001,2026-04-15,4154,PROD07
ORD03605,CUST2404,C011,CAM001,2026-05-17,6221,PROD12
ORD03606,CUST2405,C008,CAM007,2026-01-25,3714,PROD20
ORD03607,CUST2406,C004,CAM020,2026-02-09,3812,PROD44
ORD03608,CUST2407,C007,CAM028,2026-03-30,362,PROD22
ORD03609,CUST2408,C007,CAM028,2026-03-29,620,PROD48
ORD03610,CUST2409,C002,CAM002,2026-04-17,4698,PROD24
ORD03611,CUST2410,C013,CAM019,2026-05-16,1604,PROD25
ORD03612,CUST2411,C023,CAM005,2026-05-25,11104,PROD48
ORD03613,CUST2411,C023,CAM005,2026-07-07,2870,PROD08
ORD03614,CUST2411,C023,CAM005,2026-07-14,2216,PROD38
ORD03615,CUST2411,C023,CAM005,2026-08-29,2280,PROD13
ORD03616,CUST2412,C013,CAM019,2026-05-22,4072,PROD05
ORD03617,CUST2413,C013,CAM019,2026-05-27,2317,PROD47
ORD03618,CUST2414,C005,CAM021,2026-06-17,924,PROD47
ORD03619,CUST2414,C005,CAM021,2026-07-01,912,PROD03
ORD03620,CUST2414,C005,CAM021,2026-07-14,4137,PROD13
ORD03621,CUST2415,C023,CAM010,2026-04-12,7070,PROD49
ORD03622,CUST2416,C013,CAM019,2026-05-25,3678,PROD24
ORD03623,CUST2417,C018,CAM031,2026-03-02,2963,PROD28
ORD03624,CUST2418,C017,CAM029,2026-02-14,9423,PROD33
ORD03625,CUST2418,C017,CAM029,2026-04-10,2747,PROD02
ORD03626,CUST2418,C017,CAM029,2026-04-25,4041,PROD39
ORD03627,CUST2419,C008,CAM033,2026-02-19,1737,PROD19
ORD03628,CUST2420,C014,CAM014,2026-05-17,2058,PROD45
ORD03629,CUST2420,C014,CAM014,2026-06-03,1135,PROD48
ORD03630,CUST2420,C014,CAM014,2026-07-30,3953,PROD26
ORD03631,CUST2421,C003,CAM011,2026-03-16,4736,PROD33
ORD03632,CUST2422,C014,CAM014,2026-05-04,3391,PROD33
ORD03633,CUST2423,C013,CAM023,2026-04-11,3156,PROD26
ORD03634,CUST2424,C005,CAM022,2026-06-07,2575,PROD01
ORD03635,CUST2424,C005,CAM022,2026-06-22,1435,PROD37
ORD03636,CUST2424,C005,CAM022,2026-07-10,1221,PROD38
ORD03637,CUST2424,C005,CAM022,2026-08-28,2977,PROD01
ORD03638,CUST2425,C020,CAM026,2026-05-05,508,PROD46
ORD03639,CUST2426,C011,CAM015,2026-05-31,2352,PROD15
ORD03640,CUST2426,C011,CAM015,2026-06-23,6040,PROD46
ORD03641,CUST2427,C018,CAM017,2026-04-16,4393,PROD03
ORD03642,CUST2427,C018,CAM017,2026-05-25,2335,PROD16
ORD03643,CUST2428,C005,CAM021,2026-05-25,3542,PROD18
ORD03644,CUST2429,C011,CAM015,2026-05-27,1880,PROD04
ORD03645,CUST2430,C004,CAM020,2026-02-13,4529,PROD14
ORD03646,CUST2431,C018,CAM018,2026-05-29,2466,PROD23
ORD03647,CUST2431,C018,CAM018,2026-07-13,1335,PROD39
ORD03648,CUST2432,C007,CAM037,2026-01-10,5545,PROD46
ORD03649,CUST2432,C007,CAM037,2026-02-19,7018,PROD17
ORD03650,CUST2433,C003,CAM011,2026-02-27,3857,PROD40
ORD03651,CUST2434,C023,CAM010,2026-04-09,6106,PROD41
ORD03652,CUST2435,C008,CAM007,2026-01-18,1944,PROD15
ORD03653,CUST2436,C013,CAM032,2026-03-17,1659,PROD02
ORD03654,CUST2437,C009,CAM034,2026-05-31,1975,PROD50
ORD03655,CUST2438,C020,CAM026,2026-05-07,895,PROD48
ORD03656,CUST2438,C020,CAM026,2026-06-25,2156,PROD25
ORD03657,CUST2438,C020,CAM026,2026-08-10,7886,PROD17
ORD03658,CUST2439,C010,CAM038,2026-03-11,6588,PROD29
ORD03659,CUST2440,C008,CAM033,2026-02-07,2236,PROD38
ORD03660,CUST2441,C004,CAM020,2026-02-18,3580,PROD15
ORD03661,CUST2441,C004,CAM020,2026-04-10,4691,PROD47
ORD03662,CUST2442,C020,CAM026,2026-04-30,1368,PROD31
ORD03663,CUST2442,C020,CAM026,2026-05-10,3145,PROD32
ORD03664,CUST2442,C020,CAM026,2026-05-26,5060,PROD30
ORD03665,CUST2443,C011,CAM009,2026-04-13,2912,PROD32
ORD03666,CUST2443,C011,CAM009,2026-06-03,4203,PROD12
ORD03667,CUST2444,C008,CAM033,2026-02-06,2721,PROD11
ORD03668,CUST2444,C008,CAM033,2026-02-22,4126,PROD26
ORD03669,CUST2445,C002,CAM002,2026-04-17,7033,PROD10
ORD03670,CUST2445,C002,CAM002,2026-04-26,9759,PROD28
ORD03671,CUST2446,C018,CAM017,2026-04-27,5525,PROD26
ORD03672,CUST2447,C018,CAM031,2026-02-26,4013,PROD49
ORD03673,CUST2447,C018,CAM031,2026-04-23,7454,PROD01
ORD03674,CUST2448,C010,CAM038,2026-03-04,3980,PROD02
ORD03675,CUST2449,C017,CAM029,2026-02-25,6039,PROD42
ORD03676,CUST2449,C017,CAM029,2026-03-04,3400,PROD09
ORD03677,CUST2450,C003,CAM011,2026-03-19,1859,PROD10
ORD03678,CUST2450,C003,CAM011,2026-05-03,4788,PROD39
ORD03679,CUST2451,C003,CAM011,2026-03-20,3220,PROD07
ORD03680,CUST2452,C018,CAM016,2026-01-26,4006,PROD46
ORD03681,CUST2453,C007,CAM037,2026-01-08,9030,PROD49
ORD03682,CUST2453,C007,CAM037,2026-02-18,1872,PROD29
ORD03683,CUST2454,C018,CAM039,2026-01-23,1478,PROD31
ORD03684,CUST2455,C018,CAM031,2026-02-17,3943,PROD45
ORD03685,CUST2455,C018,CAM031,2026-03-11,1099,PROD41
ORD03686,CUST2455,C018,CAM031,2026-04-19,1275,PROD08
ORD03687,CUST2455,C018,CAM031,2026-04-25,3697,PROD03
ORD03688,CUST2456,C020,CAM026,2026-05-06,1476,PROD33
ORD03689,CUST2456,C020,CAM026,2026-07-03,2087,PROD27
ORD03690,CUST2456,C020,CAM026,2026-07-17,6235,PROD01
ORD03691,CUST2456,C020,CAM026,2026-08-05,11812,PROD02
ORD03692,CUST2457,C017,CAM029,2026-02-12,2876,PROD23
ORD03693,CUST2457,C017,CAM029,2026-03-30,2831,PROD19
ORD03694,CUST2457,C017,CAM029,2026-04-18,4520,PROD44
ORD03695,CUST2458,C024,CAM013,2026-06-07,805,PROD08
ORD03696,CUST2459,C008,CAM033,2026-02-02,4590,PROD15
ORD03697,CUST2460,C018,CAM031,2026-02-19,1971,PROD40
ORD03698,CUST2461,C008,CAM033,2026-01-31,9991,PROD06
ORD03699,CUST2462,C009,CAM030,2026-04-07,1120,PROD28
ORD03700,CUST2462,C009,CAM030,2026-05-15,2181,PROD22
ORD03701,CUST2463,C008,CAM007,2026-01-20,15000,PROD10
ORD03702,CUST2464,C004,CAM020,2026-02-15,2782,PROD19
ORD03703,CUST2465,C013,CAM032,2026-03-12,6987,PROD32
ORD03704,CUST2466,C010,CAM038,2026-03-08,1686,PROD46
ORD03705,CUST2467,C011,CAM003,2026-03-10,3028,PROD10
ORD03706,CUST2468,C011,CAM009,2026-04-12,3759,PROD25
ORD03707,CUST2469,C023,CAM010,2026-04-15,1735,PROD31
ORD03708,CUST2470,C004,CAM040,2026-01-20,2499,PROD28
ORD03709,CUST2470,C004,CAM040,2026-03-12,6896,PROD18
ORD03710,CUST2471,C013,CAM019,2026-05-10,2177,PROD09
ORD03711,CUST2472,C008,CAM007,2026-01-24,6018,PROD32
ORD03712,CUST2473,C005,CAM021,2026-06-08,3422,PROD27
ORD03713,CUST2474,C011,CAM015,2026-06-04,2333,PROD09
ORD03714,CUST2475,C023,CAM010,2026-04-14,7305,PROD25
ORD03715,CUST2476,C004,CAM020,2026-02-21,7803,PROD32
ORD03716,CUST2477,C007,CAM028,2026-03-23,1945,PROD25
ORD03717,CUST2478,C006,CAM008,2026-03-25,2712,PROD34
ORD03718,CUST2479,C018,CAM039,2026-01-24,3235,PROD16
ORD03719,CUST2480,C011,CAM003,2026-03-09,2583,PROD02
ORD03720,CUST2480,C011,CAM003,2026-04-06,7653,PROD36
ORD03721,CUST2480,C011,CAM003,2026-05-11,3467,PROD09
ORD03722,CUST2481,C011,CAM015,2026-05-23,608,PROD24
ORD03723,CUST2482,C011,CAM001,2026-03-01,9868,PROD10
ORD03724,CUST2482,C011,CAM001,2026-04-28,4795,PROD36
ORD03725,CUST2482,C011,CAM001,2026-05-29,3565,PROD16
ORD03726,CUST2482,C011,CAM001,2026-06-16,9075,PROD15
ORD03727,CUST2483,C011,CAM009,2026-04-12,6042,PROD45
ORD03728,CUST2483,C011,CAM009,2026-06-01,13748,PROD10
ORD03729,CUST2484,C009,CAM035,2026-04-17,3265,PROD28
ORD03730,CUST2484,C009,CAM035,2026-05-15,3403,PROD04
ORD03731,CUST2484,C009,CAM035,2026-07-03,15000,PROD07
ORD03732,CUST2484,C009,CAM035,2026-08-19,5623,PROD38
ORD03733,CUST2485,C018,CAM018,2026-06-10,2302,PROD11
ORD03734,CUST2486,C003,CAM011,2026-02-27,3834,PROD06
ORD03735,CUST2487,C021,CAM025,2026-02-11,6553,PROD27
ORD03736,CUST2487,C021,CAM025,2026-02-25,2422,PROD49
ORD03737,CUST2488,C018,CAM004,2026-05-25,2652,PROD48
ORD03738,CUST2489,C008,CAM033,2026-02-19,1269,PROD31
ORD03739,CUST2490,C018,CAM039,2026-01-26,461,PROD42
ORD03740,CUST2491,C013,CAM019,2026-05-08,3043,PROD10
ORD03741,CUST2492,C005,CAM021,2026-06-13,2277,PROD49
ORD03742,CUST2492,C005,CAM021,2026-06-29,3766,PROD33
ORD03743,CUST2493,C017,CAM029,2026-01-30,1361,PROD28
ORD03744,CUST2493,C017,CAM029,2026-03-19,5000,PROD30
ORD03745,CUST2494,C013,CAM006,2026-04-25,305,PROD37
ORD03746,CUST2495,C013,CAM019,2026-05-17,3341,PROD28
ORD03747,CUST2496,C017,CAM029,2026-02-07,1032,PROD34
ORD03748,CUST2497,C008,CAM007,2026-01-20,3139,PROD26
ORD03749,CUST2498,C021,CAM025,2026-02-10,8045,PROD12
ORD03750,CUST2498,C021,CAM025,2026-04-08,10030,PROD48
ORD03751,CUST2499,C013,CAM032,2026-03-28,1733,PROD45
ORD03752,CUST2500,C009,CAM035,2026-04-13,7983,PROD42
ORD03753,CUST2500,C009,CAM035,2026-05-13,3738,PROD25
ORD03754,CUST2500,C009,CAM035,2026-05-28,1166,PROD04
ORD03755,CUST2500,C009,CAM035,2026-07-23,6915,PROD24
ORD03756,CUST2500,C009,CAM035,2026-09-07,3385,PROD28
ORD03757,CUST2501,C011,CAM001,2026-03-05,5160,PROD05
ORD03758,CUST2501,C011,CAM001,2026-04-02,4395,PROD39
ORD03759,CUST2502,C018,CAM017,2026-04-23,540,PROD19
ORD03760,CUST2502,C018,CAM017,2026-05-08,4543,PROD35
ORD03761,CUST2503,C018,CAM039,2026-01-22,5746,PROD01
ORD03762,CUST2504,C008,CAM033,2026-02-06,2066,PROD13
ORD03763,CUST2505,C004,CAM020,2026-02-07,3672,PROD06
ORD03764,CUST2505,C004,CAM020,2026-03-20,14738,PROD37
ORD03765,CUST2505,C004,CAM020,2026-03-27,3084,PROD37
ORD03766,CUST2506,C009,CAM035,2026-04-13,3724,PROD21
ORD03767,CUST2506,C009,CAM035,2026-04-23,3459,PROD20
ORD03768,CUST2507,C018,CAM004,2026-05-23,2591,PROD26
ORD03769,CUST2508,C018,CAM017,2026-04-19,4310,PROD26
ORD03770,CUST2508,C018,CAM017,2026-06-09,10056,PROD23
ORD03771,CUST2508,C018,CAM017,2026-06-22,13211,PROD45
ORD03772,CUST2508,C018,CAM017,2026-08-09,1248,PROD07
ORD03773,CUST2508,C018,CAM017,2026-09-04,8456,PROD27
ORD03774,CUST2508,C018,CAM017,2026-10-26,14126,PROD33
ORD03775,CUST2509,C018,CAM004,2026-05-26,6447,PROD10
ORD03776,CUST2510,C005,CAM022,2026-06-17,2803,PROD31
ORD03777,CUST2511,C011,CAM015,2026-06-05,4283,PROD19
ORD03778,CUST2512,C011,CAM009,2026-04-12,3583,PROD06
ORD03779,CUST2513,C012,CAM024,2026-05-08,2459,PROD15
ORD03780,CUST2514,C024,CAM013,2026-06-11,15000,PROD10
ORD03781,CUST2515,C021,CAM025,2026-03-03,2984,PROD33
ORD03782,CUST2515,C021,CAM025,2026-04-10,1351,PROD47
ORD03783,CUST2516,C024,CAM013,2026-06-06,9435,PROD50
ORD03784,CUST2517,C018,CAM031,2026-02-24,647,PROD22
ORD03785,CUST2518,C007,CAM036,2026-01-12,4982,PROD28
ORD03786,CUST2519,C023,CAM010,2026-04-15,4183,PROD25
ORD03787,CUST2520,C011,CAM015,2026-05-26,1244,PROD39
ORD03788,CUST2521,C013,CAM006,2026-04-07,4430,PROD32
ORD03789,CUST2522,C018,CAM018,2026-06-20,13215,PROD50
ORD03790,CUST2522,C018,CAM018,2026-08-19,6273,PROD20
ORD03791,CUST2523,C020,CAM026,2026-05-14,3704,PROD06
ORD03792,CUST2524,C020,CAM026,2026-04-22,8625,PROD11
ORD03793,CUST2525,C008,CAM007,2026-01-20,1768,PROD37
ORD03794,CUST2525,C008,CAM007,2026-02-17,5822,PROD23
ORD03795,CUST2526,C024,CAM013,2026-05-19,2968,PROD50
ORD03796,CUST2526,C024,CAM013,2026-06-22,491,PROD17
ORD03797,CUST2527,C018,CAM004,2026-05-22,3294,PROD29
ORD03798,CUST2528,C018,CAM004,2026-05-20,2175,PROD37
ORD03799,CUST2529,C012,CAM024,2026-05-07,1356,PROD19
ORD03800,CUST2530,C006,CAM008,2026-03-22,2903,PROD44
ORD03801,CUST2531,C010,CAM012,2026-02-02,2569,PROD40
ORD03802,CUST2532,C004,CAM020,2026-02-17,1782,PROD27
ORD03803,CUST2532,C004,CAM020,2026-03-26,2572,PROD29
ORD03804,CUST2533,C024,CAM013,2026-06-14,3097,PROD44
ORD03805,CUST2534,C012,CAM024,2026-05-16,7780,PROD04
ORD03806,CUST2535,C007,CAM036,2026-01-26,6903,PROD36
ORD03807,CUST2536,C006,CAM008,2026-03-18,1330,PROD19
ORD03808,CUST2537,C002,CAM002,2026-04-10,2691,PROD05
ORD03809,CUST2538,C013,CAM032,2026-03-21,4703,PROD43
ORD03810,CUST2539,C007,CAM028,2026-03-17,3774,PROD42
ORD03811,CUST2540,C005,CAM021,2026-06-07,1866,PROD12
ORD03812,CUST2540,C005,CAM021,2026-07-28,11992,PROD07
ORD03813,CUST2541,C009,CAM034,2026-06-03,4314,PROD26
ORD03814,CUST2542,C010,CAM012,2026-01-21,1223,PROD39
ORD03815,CUST2543,C008,CAM007,2026-01-21,4436,PROD31
ORD03816,CUST2544,C013,CAM019,2026-05-16,2763,PROD35
ORD03817,CUST2545,C018,CAM031,2026-02-25,8321,PROD14
ORD03818,CUST2545,C018,CAM031,2026-03-22,2166,PROD37
ORD03819,CUST2545,C018,CAM031,2026-03-29,1350,PROD39
ORD03820,CUST2546,C020,CAM026,2026-05-01,4315,PROD24
ORD03821,CUST2546,C020,CAM026,2026-06-25,3346,PROD28
ORD03822,CUST2547,C023,CAM005,2026-05-28,1442,PROD02
ORD03823,CUST2547,C023,CAM005,2026-07-20,1949,PROD44
ORD03824,CUST2548,C020,CAM026,2026-04-27,2863,PROD12
ORD03825,CUST2548,C020,CAM026,2026-05-07,888,PROD10
ORD03826,CUST2549,C023,CAM005,2026-05-30,6088,PROD20
ORD03827,CUST2549,C023,CAM005,2026-07-29,5027,PROD46
ORD03828,CUST2549,C023,CAM005,2026-08-31,575,PROD27
ORD03829,CUST2550,C004,CAM040,2026-01-24,6982,PROD17
ORD03830,CUST2551,C020,CAM026,2026-05-15,916,PROD28
ORD03831,CUST2551,C020,CAM026,2026-06-10,3351,PROD49
ORD03832,CUST2551,C020,CAM026,2026-07-04,3344,PROD11
ORD03833,CUST2552,C004,CAM040,2026-01-29,3766,PROD31
ORD03834,CUST2553,C006,CAM008,2026-03-24,4459,PROD11
ORD03835,CUST2554,C009,CAM030,2026-04-04,12238,PROD45
ORD03836,CUST2555,C011,CAM003,2026-03-15,4878,PROD36
ORD03837,CUST2556,C007,CAM037,2026-01-14,5584,PROD47
ORD03838,CUST2556,C007,CAM037,2026-03-02,1498,PROD38
ORD03839,CUST2556,C007,CAM037,2026-04-15,5754,PROD10
ORD03840,CUST2557,C018,CAM039,2026-01-26,1264,PROD30
ORD03841,CUST2557,C018,CAM039,2026-02-09,3479,PROD32
ORD03842,CUST2558,C012,CAM024,2026-05-12,8873,PROD44
ORD03843,CUST2558,C012,CAM024,2026-06-12,9125,PROD17
ORD03844,CUST2558,C012,CAM024,2026-07-20,1081,PROD47
ORD03845,CUST2559,C021,CAM025,2026-02-23,10965,PROD09
ORD03846,CUST2560,C004,CAM020,2026-02-20,4166,PROD38
ORD03847,CUST2561,C007,CAM036,2026-01-02,847,PROD13
ORD03848,CUST2562,C009,CAM030,2026-04-06,2581,PROD39
ORD03849,CUST2563,C011,CAM009,2026-04-14,2285,PROD13
ORD03850,CUST2564,C020,CAM026,2026-05-07,3374,PROD24
ORD03851,CUST2565,C012,CAM024,2026-05-12,7214,PROD20
ORD03852,CUST2565,C012,CAM024,2026-06-18,9809,PROD08
ORD03853,CUST2566,C017,CAM029,2026-02-14,956,PROD30
ORD03854,CUST2567,C021,CAM025,2026-02-22,2615,PROD35
ORD03855,CUST2568,C011,CAM003,2026-03-17,1301,PROD22
ORD03856,CUST2569,C023,CAM010,2026-04-06,1937,PROD24
ORD03857,CUST2569,C023,CAM010,2026-04-22,6641,PROD36
ORD03858,CUST2569,C023,CAM010,2026-06-04,6300,PROD11
ORD03859,CUST2569,C023,CAM010,2026-07-13,7462,PROD28
ORD03860,CUST2570,C009,CAM030,2026-04-02,1512,PROD45
ORD03861,CUST2571,C011,CAM009,2026-04-21,4856,PROD45
ORD03862,CUST2572,C023,CAM010,2026-04-05,7250,PROD07
ORD03863,CUST2573,C007,CAM037,2026-01-15,3671,PROD27
ORD03864,CUST2573,C007,CAM037,2026-01-26,4444,PROD32
ORD03865,CUST2573,C007,CAM037,2026-03-19,5295,PROD49
ORD03866,CUST2574,C020,CAM026,2026-05-06,1595,PROD29
ORD03867,CUST2574,C020,CAM026,2026-06-12,4478,PROD38
ORD03868,CUST2575,C010,CAM012,2026-01-20,10373,PROD27
ORD03869,CUST2576,C004,CAM020,2026-02-13,11484,PROD36
ORD03870,CUST2577,C018,CAM016,2026-01-16,7610,PROD31
ORD03871,CUST2577,C018,CAM016,2026-01-28,2722,PROD23
ORD03872,CUST2577,C018,CAM016,2026-03-24,6350,PROD30
ORD03873,CUST2577,C018,CAM016,2026-04-24,788,PROD42
ORD03874,CUST2578,C009,CAM034,2026-06-04,1475,PROD01
ORD03875,CUST2579,C009,CAM034,2026-06-04,4820,PROD19
ORD03876,CUST2579,C009,CAM034,2026-06-26,1476,PROD43
ORD03877,CUST2580,C003,CAM011,2026-03-04,2994,PROD27
ORD03878,CUST2581,C011,CAM009,2026-04-15,5083,PROD27
ORD03879,CUST2581,C011,CAM009,2026-04-22,7900,PROD01
ORD03880,CUST2581,C011,CAM009,2026-04-28,13406,PROD10
ORD03881,CUST2581,C011,CAM009,2026-06-22,2332,PROD24
ORD03882,CUST2582,C009,CAM034,2026-06-05,9874,PROD48
ORD03883,CUST2583,C006,CAM008,2026-03-21,4520,PROD37
ORD03884,CUST2584,C014,CAM014,2026-05-06,1530,PROD26
ORD03885,CUST2585,C024,CAM013,2026-06-05,3184,PROD04
ORD03886,CUST2586,C007,CAM037,2026-01-14,6402,PROD41
ORD03887,CUST2587,C018,CAM018,2026-06-18,3258,PROD21
ORD03888,CUST2587,C018,CAM018,2026-07-26,4983,PROD11
ORD03889,CUST2588,C018,CAM031,2026-02-17,6671,PROD09
ORD03890,CUST2588,C018,CAM031,2026-03-26,11575,PROD08
ORD03891,CUST2589,C013,CAM019,2026-05-26,4075,PROD49
ORD03892,CUST2590,C004,CAM040,2026-01-26,2739,PROD11
ORD03893,CUST2591,C023,CAM005,2026-05-28,1569,PROD02
ORD03894,CUST2591,C023,CAM005,2026-06-29,1521,PROD01
ORD03895,CUST2592,C020,CAM026,2026-05-13,12218,PROD02
ORD03896,CUST2593,C023,CAM010,2026-04-15,4782,PROD06
ORD03897,CUST2594,C004,CAM020,2026-02-18,3647,PROD47
ORD03898,CUST2594,C004,CAM020,2026-03-03,1819,PROD30
ORD03899,CUST2595,C017,CAM029,2026-02-19,1396,PROD12
ORD03900,CUST2596,C011,CAM003,2026-03-12,4655,PROD35
ORD03901,CUST2596,C011,CAM003,2026-05-09,1435,PROD16
ORD03902,CUST2597,C017,CAM029,2026-02-23,1135,PROD25
ORD03903,CUST2598,C002,CAM002,2026-04-12,4773,PROD18
ORD03904,CUST2599,C002,CAM027,2026-04-12,2856,PROD41
ORD03905,CUST2600,C011,CAM009,2026-04-11,4002,PROD39
ORD03906,CUST2600,C011,CAM009,2026-04-23,1190,PROD07
ORD03907,CUST2600,C011,CAM009,2026-05-07,2051,PROD19
ORD03908,CUST2601,C007,CAM036,2026-01-06,3922,PROD32
ORD03909,CUST2601,C007,CAM036,2026-03-06,3098,PROD24
ORD03910,CUST2602,C007,CAM037,2026-01-08,7259,PROD32
ORD03911,CUST2603,C018,CAM018,2026-05-26,5594,PROD32
ORD03912,CUST2604,C011,CAM001,2026-02-27,708,PROD27
ORD03913,CUST2604,C011,CAM001,2026-03-28,2890,PROD21
ORD03914,CUST2604,C011,CAM001,2026-05-12,8603,PROD29
ORD03915,CUST2604,C011,CAM001,2026-07-07,1306,PROD11
ORD03916,CUST2604,C011,CAM001,2026-07-23,7784,PROD20
ORD03917,CUST2605,C018,CAM017,2026-04-18,1677,PROD41
ORD03918,CUST2606,C005,CAM021,2026-05-25,2514,PROD22
ORD03919,CUST2606,C005,CAM021,2026-06-21,1387,PROD31
ORD03920,CUST2606,C005,CAM021,2026-08-04,902,PROD39
ORD03921,CUST2607,C018,CAM004,2026-05-18,1205,PROD48
ORD03922,CUST2607,C018,CAM004,2026-06-08,4637,PROD08
ORD03923,CUST2607,C018,CAM004,2026-06-25,1613,PROD39
ORD03924,CUST2608,C009,CAM035,2026-04-14,2951,PROD33
ORD03925,CUST2608,C009,CAM035,2026-06-06,2893,PROD10
ORD03926,CUST2608,C009,CAM035,2026-06-24,635,PROD24
ORD03927,CUST2609,C003,CAM011,2026-03-23,1850,PROD21
ORD03928,CUST2610,C011,CAM009,2026-04-15,1598,PROD45
ORD03929,CUST2610,C011,CAM009,2026-04-28,1267,PROD18
ORD03930,CUST2611,C021,CAM025,2026-02-24,1722,PROD06
ORD03931,CUST2611,C021,CAM025,2026-03-23,2788,PROD46
ORD03932,CUST2612,C003,CAM011,2026-03-15,1032,PROD48
ORD03933,CUST2613,C013,CAM032,2026-03-24,1833,PROD26
ORD03934,CUST2614,C010,CAM038,2026-03-07,1190,PROD44
ORD03935,CUST2615,C018,CAM031,2026-02-18,7316,PROD07
ORD03936,CUST2616,C005,CAM021,2026-06-17,6378,PROD11
ORD03937,CUST2617,C021,CAM025,2026-02-15,5248,PROD32
ORD03938,CUST2618,C010,CAM012,2026-02-02,6424,PROD48
ORD03939,CUST2619,C018,CAM017,2026-04-23,3388,PROD39
ORD03940,CUST2620,C013,CAM019,2026-05-21,7589,PROD23
ORD03941,CUST2621,C007,CAM037,2026-01-15,3123,PROD29
ORD03942,CUST2622,C011,CAM001,2026-02-26,6807,PROD17
ORD03943,CUST2623,C011,CAM015,2026-05-29,5787,PROD42
ORD03944,CUST2623,C011,CAM015,2026-07-06,4633,PROD23
ORD03945,CUST2623,C011,CAM015,2026-08-05,5106,PROD02
ORD03946,CUST2623,C011,CAM015,2026-08-17,6891,PROD12
ORD03947,CUST2624,C002,CAM002,2026-04-13,592,PROD12
ORD03948,CUST2625,C011,CAM003,2026-03-12,1485,PROD43
ORD03949,CUST2625,C011,CAM003,2026-04-09,2517,PROD24
ORD03950,CUST2625,C011,CAM003,2026-04-23,3076,PROD50
ORD03951,CUST2626,C007,CAM037,2026-01-06,3370,PROD45
ORD03952,CUST2626,C007,CAM037,2026-01-11,5258,PROD46
ORD03953,CUST2627,C013,CAM023,2026-04-06,2329,PROD21
ORD03954,CUST2628,C023,CAM010,2026-04-12,719,PROD19
ORD03955,CUST2628,C023,CAM010,2026-05-25,407,PROD14
ORD03956,CUST2629,C008,CAM007,2026-01-21,4558,PROD18
ORD03957,CUST2629,C008,CAM007,2026-03-12,4230,PROD39
ORD03958,CUST2629,C008,CAM007,2026-05-07,5146,PROD43
ORD03959,CUST2630,C009,CAM030,2026-04-07,4020,PROD27
ORD03960,CUST2631,C005,CAM022,2026-06-12,3199,PROD21
ORD03961,CUST2631,C005,CAM022,2026-06-29,1679,PROD13
ORD03962,CUST2632,C010,CAM038,2026-03-10,3969,PROD18
ORD03963,CUST2633,C007,CAM028,2026-03-09,2839,PROD11
ORD03964,CUST2633,C007,CAM028,2026-04-21,4813,PROD21
ORD03965,CUST2633,C007,CAM028,2026-06-02,4703,PROD25
ORD03966,CUST2633,C007,CAM028,2026-06-22,3194,PROD37
ORD03967,CUST2633,C007,CAM028,2026-06-28,5697,PROD19
ORD03968,CUST2633,C007,CAM028,2026-07-04,5991,PROD42
ORD03969,CUST2634,C005,CAM022,2026-06-17,12385,PROD30
ORD03970,CUST2635,C018,CAM004,2026-05-20,1801,PROD26
ORD03971,CUST2636,C013,CAM019,2026-05-25,7519,PROD03
ORD03972,CUST2637,C007,CAM028,2026-03-26,10110,PROD31
ORD03973,CUST2637,C007,CAM028,2026-04-06,1510,PROD27
ORD03974,CUST2637,C007,CAM028,2026-05-27,5524,PROD20
ORD03975,CUST2637,C007,CAM028,2026-06-18,2982,PROD21
ORD03976,CUST2637,C007,CAM028,2026-08-10,9771,PROD23
ORD03977,CUST2638,C005,CAM022,2026-06-01,5870,PROD21
ORD03978,CUST2639,C021,CAM025,2026-02-28,1622,PROD20
ORD03979,CUST2639,C021,CAM025,2026-04-18,9391,PROD30
ORD03980,CUST2640,C004,CAM020,2026-02-09,6735,PROD40
ORD03981,CUST2641,C013,CAM006,2026-04-03,4360,PROD01
ORD03982,CUST2642,C011,CAM001,2026-02-28,2704,PROD45
ORD03983,CUST2643,C011,CAM015,2026-05-29,4778,PROD06
ORD03984,CUST2643,C011,CAM015,2026-06-15,1519,PROD47
ORD03985,CUST2643,C011,CAM015,2026-08-10,3116,PROD24
ORD03986,CUST2644,C009,CAM030,2026-04-06,2509,PROD45
ORD03987,CUST2645,C011,CAM015,2026-05-23,2435,PROD03
ORD03988,CUST2645,C011,CAM015,2026-06-04,5054,PROD04
ORD03989,CUST2646,C011,CAM001,2026-02-27,1591,PROD45
ORD03990,CUST2646,C011,CAM001,2026-04-12,4375,PROD25
ORD03991,CUST2647,C002,CAM002,2026-04-10,9215,PROD38
ORD03992,CUST2648,C011,CAM015,2026-05-24,6748,PROD10
ORD03993,CUST2648,C011,CAM015,2026-07-16,1748,PROD38
ORD03994,CUST2649,C007,CAM036,2026-01-14,791,PROD43
ORD03995,CUST2650,C013,CAM006,2026-04-19,4528,PROD37
ORD03996,CUST2651,C017,CAM029,2026-02-20,15000,PROD18
ORD03997,CUST2652,C018,CAM017,2026-04-28,5934,PROD17
ORD03998,CUST2652,C018,CAM017,2026-06-21,5424,PROD19
ORD03999,CUST2652,C018,CAM017,2026-08-10,7805,PROD06
ORD04000,CUST2652,C018,CAM017,2026-09-06,3774,PROD36
ORD04001,CUST2652,C018,CAM017,2026-11-03,5375,PROD16
ORD04002,CUST2653,C013,CAM023,2026-04-13,11237,PROD14
ORD04003,CUST2654,C013,CAM019,2026-05-10,1551,PROD32
ORD04004,CUST2654,C013,CAM019,2026-05-18,2430,PROD14
ORD04005,CUST2654,C013,CAM019,2026-05-23,2041,PROD43
ORD04006,CUST2655,C018,CAM031,2026-02-24,3495,PROD13
ORD04007,CUST2656,C023,CAM010,2026-04-05,3221,PROD38
ORD04008,CUST2656,C023,CAM010,2026-05-28,1998,PROD34
ORD04009,CUST2657,C021,CAM025,2026-03-08,9716,PROD20
ORD04010,CUST2657,C021,CAM025,2026-04-27,1497,PROD30
ORD04011,CUST2658,C011,CAM015,2026-05-25,3095,PROD07
ORD04012,CUST2659,C011,CAM001,2026-03-04,1024,PROD25
ORD04013,CUST2660,C004,CAM040,2026-02-06,6596,PROD50
ORD04014,CUST2661,C023,CAM005,2026-05-28,1010,PROD28
ORD04015,CUST2661,C023,CAM005,2026-06-12,5342,PROD44
ORD04016,CUST2661,C023,CAM005,2026-07-06,5953,PROD37
ORD04017,CUST2662,C009,CAM034,2026-05-13,2003,PROD07
ORD04018,CUST2662,C009,CAM034,2026-07-04,9832,PROD08
ORD04019,CUST2662,C009,CAM034,2026-07-24,3973,PROD02
ORD04020,CUST2663,C004,CAM040,2026-01-23,6493,PROD31
ORD04021,CUST2663,C004,CAM040,2026-03-11,6686,PROD34
ORD04022,CUST2663,C004,CAM040,2026-04-13,5407,PROD23
ORD04023,CUST2664,C021,CAM025,2026-02-12,9060,PROD06
ORD04024,CUST2665,C011,CAM009,2026-04-21,1725,PROD26
ORD04025,CUST2665,C011,CAM009,2026-05-28,1905,PROD28
ORD04026,CUST2666,C013,CAM019,2026-05-18,8591,PROD18
ORD04027,CUST2666,C013,CAM019,2026-06-15,2876,PROD07
ORD04028,CUST2666,C013,CAM019,2026-06-23,2125,PROD42
ORD04029,CUST2666,C013,CAM019,2026-07-22,8000,PROD47
ORD04030,CUST2666,C013,CAM019,2026-08-23,3296,PROD13
ORD04031,CUST2667,C008,CAM033,2026-02-03,1301,PROD39
ORD04032,CUST2668,C010,CAM038,2026-03-11,1965,PROD34
ORD04033,CUST2669,C010,CAM012,2026-01-22,2980,PROD42
ORD04034,CUST2670,C023,CAM005,2026-05-25,6495,PROD04
ORD04035,CUST2670,C023,CAM005,2026-06-01,2232,PROD37
ORD04036,CUST2670,C023,CAM005,2026-06-23,7056,PROD16
ORD04037,CUST2670,C023,CAM005,2026-07-02,2686,PROD35
ORD04038,CUST2671,C011,CAM009,2026-04-16,3317,PROD40
ORD04039,CUST2671,C011,CAM009,2026-06-04,2017,PROD46
ORD04040,CUST2672,C008,CAM007,2026-01-24,1441,PROD15
ORD04041,CUST2673,C020,CAM026,2026-05-15,4130,PROD18
ORD04042,CUST2674,C008,CAM007,2026-01-21,8436,PROD14
ORD04043,CUST2674,C008,CAM007,2026-02-17,5238,PROD41
ORD04044,CUST2674,C008,CAM007,2026-03-12,2282,PROD46
ORD04045,CUST2675,C021,CAM025,2026-02-18,2831,PROD07
ORD04046,CUST2676,C004,CAM020,2026-02-21,1066,PROD45
ORD04047,CUST2677,C011,CAM009,2026-04-13,6471,PROD05
ORD04048,CUST2677,C011,CAM009,2026-04-28,1367,PROD12
ORD04049,CUST2677,C011,CAM009,2026-05-24,992,PROD30
ORD04050,CUST2678,C011,CAM003,2026-03-09,4382,PROD28
ORD04051,CUST2679,C006,CAM008,2026-03-16,1575,PROD17
ORD04052,CUST2679,C006,CAM008,2026-03-25,8723,PROD11
ORD04053,CUST2680,C006,CAM008,2026-03-16,7171,PROD31
ORD04054,CUST2681,C018,CAM039,2026-01-21,1821,PROD16
ORD04055,CUST2682,C011,CAM001,2026-02-28,4572,PROD02
ORD04056,CUST2682,C011,CAM001,2026-04-10,1166,PROD44
ORD04057,CUST2683,C023,CAM010,2026-04-07,6438,PROD11
ORD04058,CUST2684,C013,CAM019,2026-05-12,11947,PROD07
ORD04059,CUST2685,C018,CAM018,2026-06-20,1848,PROD29
ORD04060,CUST2686,C007,CAM036,2026-01-24,1647,PROD35
ORD04061,CUST2687,C008,CAM007,2026-01-25,2065,PROD30
ORD04062,CUST2687,C008,CAM007,2026-01-30,1899,PROD23
ORD04063,CUST2687,C008,CAM007,2026-02-23,3528,PROD46
ORD04064,CUST2688,C007,CAM037,2026-01-13,11685,PROD39
ORD04065,CUST2689,C012,CAM024,2026-05-08,2486,PROD34
ORD04066,CUST2690,C013,CAM023,2026-04-13,2545,PROD27
ORD04067,CUST2690,C013,CAM023,2026-06-11,969,PROD15
ORD04068,CUST2690,C013,CAM023,2026-07-28,1172,PROD10
ORD04069,CUST2691,C014,CAM014,2026-05-14,829,PROD37
ORD04070,CUST2691,C014,CAM014,2026-07-05,6171,PROD45
ORD04071,CUST2692,C008,CAM033,2026-02-08,3605,PROD06
ORD04072,CUST2693,C014,CAM014,2026-05-11,1723,PROD18
ORD04073,CUST2694,C007,CAM028,2026-03-27,9660,PROD29
ORD04074,CUST2695,C010,CAM038,2026-03-05,1289,PROD44
ORD04075,CUST2696,C007,CAM036,2026-01-11,6160,PROD27
ORD04076,CUST2697,C014,CAM014,2026-05-08,1672,PROD38
ORD04077,CUST2698,C005,CAM021,2026-06-15,2950,PROD40
ORD04078,CUST2699,C013,CAM023,2026-04-09,6712,PROD37
ORD04079,CUST2700,C023,CAM005,2026-06-02,3370,PROD01
ORD04080,CUST2700,C023,CAM005,2026-07-08,2919,PROD44
ORD04081,CUST2701,C004,CAM020,2026-02-20,5450,PROD34
ORD04082,CUST2702,C013,CAM006,2026-04-22,6496,PROD11
ORD04083,CUST2703,C012,CAM024,2026-05-14,1514,PROD19
ORD04084,CUST2704,C010,CAM038,2026-03-10,3297,PROD19
ORD04085,CUST2704,C010,CAM038,2026-05-06,818,PROD38
ORD04086,CUST2705,C018,CAM018,2026-05-27,6952,PROD01
ORD04087,CUST2706,C004,CAM040,2026-01-29,1640,PROD01
ORD04088,CUST2707,C008,CAM007,2026-01-22,4457,PROD19
ORD04089,CUST2707,C008,CAM007,2026-03-18,1673,PROD33
ORD04090,CUST2707,C008,CAM007,2026-05-04,3605,PROD50
ORD04091,CUST2707,C008,CAM007,2026-06-13,6440,PROD10
ORD04092,CUST2707,C008,CAM007,2026-06-23,866,PROD46
ORD04093,CUST2708,C011,CAM001,2026-03-01,1553,PROD13
ORD04094,CUST2709,C020,CAM026,2026-05-07,8250,PROD19
ORD04095,CUST2710,C023,CAM005,2026-05-23,1649,PROD23
ORD04096,CUST2711,C002,CAM027,2026-05-03,5898,PROD25
ORD04097,CUST2712,C004,CAM020,2026-02-18,1617,PROD07
ORD04098,CUST2713,C018,CAM017,2026-04-22,2406,PROD12
ORD04099,CUST2714,C005,CAM021,2026-06-06,8771,PROD21
ORD04100,CUST2715,C018,CAM004,2026-05-27,6965,PROD50
ORD04101,CUST2715,C018,CAM004,2026-06-13,9589,PROD17
ORD04102,CUST2716,C024,CAM013,2026-05-30,8573,PROD20
ORD04103,CUST2717,C011,CAM015,2026-05-24,13268,PROD41
ORD04104,CUST2717,C011,CAM015,2026-06-27,768,PROD35
ORD04105,CUST2717,C011,CAM015,2026-07-13,11512,PROD25
ORD04106,CUST2718,C020,CAM026,2026-05-15,3838,PROD09
ORD04107,CUST2719,C018,CAM018,2026-06-09,2460,PROD33
ORD04108,CUST2720,C003,CAM011,2026-03-17,1745,PROD23
ORD04109,CUST2721,C023,CAM010,2026-04-11,5940,PROD27
ORD04110,CUST2721,C023,CAM010,2026-05-15,2999,PROD02
ORD04111,CUST2721,C023,CAM010,2026-06-24,1985,PROD02
ORD04112,CUST2721,C023,CAM010,2026-08-17,3171,PROD27
ORD04113,CUST2721,C023,CAM010,2026-08-27,1664,PROD49
ORD04114,CUST2722,C013,CAM023,2026-04-12,7301,PROD16
ORD04115,CUST2723,C023,CAM010,2026-04-12,13290,PROD40
ORD04116,CUST2723,C023,CAM010,2026-05-21,486,PROD37
ORD04117,CUST2724,C005,CAM022,2026-05-31,2745,PROD26
ORD04118,CUST2725,C002,CAM002,2026-04-14,2430,PROD30
ORD04119,CUST2726,C018,CAM039,2026-01-29,4199,PROD04
ORD04120,CUST2727,C010,CAM012,2026-01-20,6460,PROD42
ORD04121,CUST2728,C023,CAM005,2026-06-01,459,PROD19
ORD04122,CUST2729,C004,CAM020,2026-02-21,1018,PROD04
ORD04123,CUST2730,C013,CAM019,2026-05-26,5941,PROD48
ORD04124,CUST2731,C004,CAM040,2026-01-19,481,PROD34
ORD04125,CUST2732,C023,CAM005,2026-06-06,5075,PROD44
ORD04126,CUST2732,C023,CAM005,2026-07-21,7903,PROD10
ORD04127,CUST2732,C023,CAM005,2026-08-14,4093,PROD41
ORD04128,CUST2732,C023,CAM005,2026-09-07,1563,PROD47
ORD04129,CUST2733,C017,CAM029,2026-02-24,5533,PROD45
ORD04130,CUST2734,C018,CAM016,2026-01-16,10827,PROD10
ORD04131,CUST2734,C018,CAM016,2026-02-28,2300,PROD08
ORD04132,CUST2735,C020,CAM026,2026-04-22,4836,PROD07
ORD04133,CUST2735,C020,CAM026,2026-05-27,6768,PROD02
ORD04134,CUST2735,C020,CAM026,2026-07-24,1678,PROD33
ORD04135,CUST2736,C017,CAM029,2026-02-11,2131,PROD08
ORD04136,CUST2736,C017,CAM029,2026-03-07,2339,PROD26
ORD04137,CUST2736,C017,CAM029,2026-04-11,1830,PROD12
ORD04138,CUST2737,C021,CAM025,2026-02-16,7734,PROD35
ORD04139,CUST2738,C008,CAM033,2026-02-23,1226,PROD29
ORD04140,CUST2739,C007,CAM036,2026-01-22,5831,PROD28
ORD04141,CUST2740,C018,CAM039,2026-01-21,330,PROD48
ORD04142,CUST2741,C004,CAM040,2026-01-25,3426,PROD48
ORD04143,CUST2741,C004,CAM040,2026-03-15,10542,PROD35
ORD04144,CUST2742,C007,CAM037,2026-01-12,531,PROD19
ORD04145,CUST2743,C018,CAM039,2026-01-22,4869,PROD32
ORD04146,CUST2744,C011,CAM001,2026-03-05,9002,PROD45
ORD04147,CUST2745,C002,CAM027,2026-04-11,3212,PROD28
ORD04148,CUST2746,C002,CAM027,2026-04-08,2323,PROD08
ORD04149,CUST2746,C002,CAM027,2026-05-19,435,PROD25
ORD04150,CUST2746,C002,CAM027,2026-05-24,4564,PROD38
ORD04151,CUST2746,C002,CAM027,2026-06-17,1709,PROD03
ORD04152,CUST2747,C011,CAM009,2026-04-22,3180,PROD23
ORD04153,CUST2747,C011,CAM009,2026-05-05,1933,PROD30
ORD04154,CUST2748,C023,CAM005,2026-06-05,8594,PROD11
ORD04155,CUST2748,C023,CAM005,2026-07-02,7236,PROD33
ORD04156,CUST2749,C011,CAM001,2026-03-13,2757,PROD46
ORD04157,CUST2749,C011,CAM001,2026-04-20,10300,PROD25
ORD04158,CUST2749,C011,CAM001,2026-05-27,562,PROD05
ORD04159,CUST2749,C011,CAM001,2026-06-12,8246,PROD42
ORD04160,CUST2750,C007,CAM028,2026-03-17,6895,PROD37
ORD04161,CUST2751,C020,CAM026,2026-05-03,3976,PROD09
ORD04162,CUST2752,C010,CAM038,2026-03-07,2772,PROD05
ORD04163,CUST2753,C009,CAM030,2026-04-08,6248,PROD31
ORD04164,CUST2754,C011,CAM009,2026-04-13,939,PROD33
ORD04165,CUST2755,C018,CAM016,2026-01-25,1678,PROD09
ORD04166,CUST2756,C002,CAM002,2026-04-13,5638,PROD38
ORD04167,CUST2757,C011,CAM015,2026-06-01,622,PROD26
ORD04168,CUST2758,C007,CAM037,2026-01-05,2206,PROD47
ORD04169,CUST2758,C007,CAM037,2026-01-20,4462,PROD15
ORD04170,CUST2759,C007,CAM037,2026-01-15,3897,PROD44
ORD04171,CUST2759,C007,CAM037,2026-02-19,7829,PROD21
ORD04172,CUST2760,C007,CAM036,2026-01-08,3723,PROD47
ORD04173,CUST2761,C024,CAM013,2026-05-24,15000,PROD12
ORD04174,CUST2761,C024,CAM013,2026-07-14,1963,PROD25
ORD04175,CUST2761,C024,CAM013,2026-09-05,1474,PROD27
ORD04176,CUST2762,C006,CAM008,2026-03-16,7148,PROD08
ORD04177,CUST2763,C002,CAM002,2026-04-09,1255,PROD24
ORD04178,CUST2764,C010,CAM012,2026-02-08,3552,PROD12
ORD04179,CUST2765,C004,CAM020,2026-02-09,980,PROD25
ORD04180,CUST2766,C011,CAM003,2026-03-17,3794,PROD17
ORD04181,CUST2766,C011,CAM003,2026-04-22,946,PROD29
ORD04182,CUST2767,C011,CAM009,2026-04-17,8183,PROD48
ORD04183,CUST2767,C011,CAM009,2026-05-02,3574,PROD28
ORD04184,CUST2768,C013,CAM006,2026-04-19,2434,PROD13
ORD04185,CUST2769,C002,CAM027,2026-04-26,14651,PROD43
ORD04186,CUST2769,C002,CAM027,2026-05-07,5793,PROD14
ORD04187,CUST2770,C018,CAM016,2026-01-27,4508,PROD01
ORD04188,CUST2770,C018,CAM016,2026-02-24,7766,PROD50
ORD04189,CUST2771,C005,CAM022,2026-06-17,15000,PROD05
ORD04190,CUST2772,C021,CAM025,2026-02-14,1877,PROD47
ORD04191,CUST2773,C018,CAM031,2026-02-26,1727,PROD14
ORD04192,CUST2774,C017,CAM029,2026-02-25,4667,PROD23
ORD04193,CUST2775,C012,CAM024,2026-05-16,4260,PROD09
ORD04194,CUST2776,C011,CAM001,2026-02-27,3624,PROD41
ORD04195,CUST2777,C013,CAM023,2026-04-16,2835,PROD06
ORD04196,CUST2777,C013,CAM023,2026-04-29,200,PROD34
ORD04197,CUST2777,C013,CAM023,2026-05-23,2567,PROD07
ORD04198,CUST2777,C013,CAM023,2026-06-04,7836,PROD32
ORD04199,CUST2778,C004,CAM020,2026-02-07,3729,PROD22
ORD04200,CUST2779,C002,CAM002,2026-04-11,3918,PROD19
ORD04201,CUST2780,C018,CAM031,2026-02-18,15000,PROD23
ORD04202,CUST2781,C023,CAM005,2026-05-27,2324,PROD05
ORD04203,CUST2782,C018,CAM039,2026-01-30,1852,PROD34
ORD04204,CUST2783,C002,CAM027,2026-04-24,1341,PROD40
ORD04205,CUST2783,C002,CAM027,2026-05-02,12503,PROD35
ORD04206,CUST2784,C013,CAM006,2026-04-06,3150,PROD17
ORD04207,CUST2785,C018,CAM039,2026-01-21,12769,PROD27
ORD04208,CUST2785,C018,CAM039,2026-02-11,8735,PROD13
ORD04209,CUST2786,C011,CAM003,2026-03-09,8713,PROD36
ORD04210,CUST2786,C011,CAM003,2026-05-05,3748,PROD47
ORD04211,CUST2786,C011,CAM003,2026-05-31,2277,PROD49
ORD04212,CUST2787,C020,CAM026,2026-04-20,3448,PROD05
ORD04213,CUST2787,C020,CAM026,2026-06-15,8976,PROD37
ORD04214,CUST2788,C009,CAM035,2026-04-17,7301,PROD03
ORD04215,CUST2789,C018,CAM039,2026-01-22,2134,PROD39
ORD04216,CUST2790,C006,CAM008,2026-03-25,1782,PROD36
ORD04217,CUST2791,C023,CAM005,2026-05-26,2768,PROD03
ORD04218,CUST2791,C023,CAM005,2026-06-06,3245,PROD03
ORD04219,CUST2792,C013,CAM019,2026-05-24,2704,PROD23
ORD04220,CUST2793,C018,CAM018,2026-06-10,2351,PROD15
ORD04221,CUST2793,C018,CAM018,2026-06-16,2577,PROD04
ORD04222,CUST2794,C018,CAM039,2026-01-24,2215,PROD25
ORD04223,CUST2795,C009,CAM034,2026-05-31,4592,PROD36
ORD04224,CUST2796,C007,CAM036,2026-01-02,8804,PROD25
ORD04225,CUST2797,C013,CAM032,2026-03-13,12671,PROD28
ORD04226,CUST2798,C014,CAM014,2026-05-03,4995,PROD08
ORD04227,CUST2798,C014,CAM014,2026-06-16,4015,PROD24
ORD04228,CUST2799,C018,CAM039,2026-01-24,6201,PROD04
ORD04229,CUST2800,C009,CAM035,2026-04-09,5603,PROD01
ORD04230,CUST2800,C009,CAM035,2026-04-28,1542,PROD27
ORD04231,CUST2800,C009,CAM035,2026-06-19,6090,PROD49
ORD04232,CUST2801,C009,CAM035,2026-04-18,3454,PROD03
ORD04233,CUST2802,C021,CAM025,2026-02-09,12199,PROD16
ORD04234,CUST2803,C021,CAM025,2026-02-10,1599,PROD09
ORD04235,CUST2803,C021,CAM025,2026-03-15,4734,PROD12
ORD04236,CUST2804,C024,CAM013,2026-05-18,2898,PROD39
ORD04237,CUST2804,C024,CAM013,2026-07-03,4262,PROD16
ORD04238,CUST2805,C018,CAM039,2026-01-23,3337,PROD31
ORD04239,CUST2806,C009,CAM035,2026-04-07,2975,PROD05
ORD04240,CUST2807,C008,CAM033,2026-02-14,2309,PROD46
ORD04241,CUST2808,C008,CAM033,2026-02-23,3375,PROD15
ORD04242,CUST2809,C014,CAM014,2026-05-08,3984,PROD50
ORD04243,CUST2810,C009,CAM035,2026-04-10,6391,PROD16
ORD04244,CUST2811,C021,CAM025,2026-02-17,6698,PROD35
ORD04245,CUST2811,C021,CAM025,2026-03-26,944,PROD07
ORD04246,CUST2811,C021,CAM025,2026-04-03,1613,PROD23
ORD04247,CUST2811,C021,CAM025,2026-05-04,3190,PROD46
ORD04248,CUST2812,C002,CAM002,2026-04-15,4198,PROD14
ORD04249,CUST2812,C002,CAM002,2026-04-28,8069,PROD34
ORD04250,CUST2813,C024,CAM013,2026-05-26,1386,PROD14
ORD04251,CUST2814,C011,CAM003,2026-03-14,3211,PROD10
ORD04252,CUST2815,C011,CAM015,2026-05-26,3359,PROD42
ORD04253,CUST2816,C010,CAM038,2026-03-10,1251,PROD02
ORD04254,CUST2817,C007,CAM037,2026-01-05,4338,PROD38
ORD04255,CUST2817,C007,CAM037,2026-02-03,1425,PROD20
ORD04256,CUST2817,C007,CAM037,2026-04-01,2039,PROD06
ORD04257,CUST2817,C007,CAM037,2026-04-09,914,PROD18
ORD04258,CUST2818,C024,CAM013,2026-06-05,6238,PROD02
ORD04259,CUST2819,C018,CAM039,2026-01-27,3015,PROD03
ORD04260,CUST2820,C008,CAM033,2026-02-03,4978,PROD43
ORD04261,CUST2821,C010,CAM012,2026-02-05,806,PROD20
ORD04262,CUST2821,C010,CAM012,2026-02-12,1774,PROD35
ORD04263,CUST2821,C010,CAM012,2026-04-06,8394,PROD23
ORD04264,CUST2821,C010,CAM012,2026-04-12,1933,PROD39
ORD04265,CUST2822,C018,CAM018,2026-06-23,2843,PROD17
ORD04266,CUST2823,C024,CAM013,2026-06-10,6177,PROD49
ORD04267,CUST2824,C006,CAM008,2026-03-21,2059,PROD40
ORD04268,CUST2825,C021,CAM025,2026-03-08,6550,PROD47
ORD04269,CUST2826,C009,CAM034,2026-06-03,1686,PROD07
ORD04270,CUST2826,C009,CAM034,2026-07-13,6198,PROD25
ORD04271,CUST2827,C005,CAM021,2026-06-14,3962,PROD35
ORD04272,CUST2827,C005,CAM021,2026-07-18,4090,PROD28
ORD04273,CUST2828,C011,CAM015,2026-06-03,3346,PROD34
ORD04274,CUST2829,C011,CAM015,2026-05-25,7730,PROD30
ORD04275,CUST2830,C005,CAM021,2026-05-31,2185,PROD01
ORD04276,CUST2830,C005,CAM021,2026-06-22,377,PROD44
ORD04277,CUST2831,C005,CAM021,2026-05-26,2472,PROD50
ORD04278,CUST2832,C009,CAM030,2026-04-02,3070,PROD26
ORD04279,CUST2833,C014,CAM014,2026-05-18,2952,PROD18
ORD04280,CUST2834,C007,CAM028,2026-03-14,3834,PROD50
ORD04281,CUST2835,C009,CAM035,2026-04-06,2144,PROD37
ORD04282,CUST2835,C009,CAM035,2026-05-23,4982,PROD21
ORD04283,CUST2835,C009,CAM035,2026-07-20,2926,PROD17
ORD04284,CUST2836,C007,CAM037,2026-01-07,2572,PROD02
ORD04285,CUST2837,C013,CAM006,2026-04-03,3048,PROD23
ORD04286,CUST2838,C002,CAM027,2026-04-28,13556,PROD14
ORD04287,CUST2839,C011,CAM001,2026-02-26,6473,PROD06
ORD04288,CUST2840,C005,CAM021,2026-06-12,1474,PROD05
ORD04289,CUST2841,C006,CAM008,2026-03-18,6445,PROD18
ORD04290,CUST2841,C006,CAM008,2026-04-08,3285,PROD32
ORD04291,CUST2842,C010,CAM012,2026-01-26,2795,PROD10
ORD04292,CUST2843,C023,CAM010,2026-04-13,823,PROD15
ORD04293,CUST2844,C018,CAM039,2026-01-21,4455,PROD33
ORD04294,CUST2845,C008,CAM033,2026-02-11,5554,PROD03
ORD04295,CUST2846,C003,CAM011,2026-03-17,1636,PROD46
ORD04296,CUST2847,C005,CAM022,2026-06-07,2872,PROD23
ORD04297,CUST2847,C005,CAM022,2026-07-16,596,PROD46
ORD04298,CUST2848,C004,CAM040,2026-02-06,4604,PROD07
ORD04299,CUST2848,C004,CAM040,2026-02-15,2613,PROD33
ORD04300,CUST2848,C004,CAM040,2026-03-20,2625,PROD08
ORD04301,CUST2848,C004,CAM040,2026-04-26,5963,PROD05
ORD04302,CUST2848,C004,CAM040,2026-05-16,10851,PROD14
ORD04303,CUST2849,C020,CAM026,2026-05-07,5777,PROD44
ORD04304,CUST2850,C011,CAM001,2026-02-27,627,PROD19
ORD04305,CUST2851,C007,CAM036,2026-01-01,3306,PROD24
ORD04306,CUST2852,C010,CAM012,2026-02-01,3020,PROD24
ORD04307,CUST2853,C008,CAM007,2026-01-22,5455,PROD11
ORD04308,CUST2854,C021,CAM025,2026-02-10,2158,PROD10
ORD04309,CUST2854,C021,CAM025,2026-03-24,1233,PROD02
ORD04310,CUST2854,C021,CAM025,2026-04-04,5078,PROD39
ORD04311,CUST2855,C024,CAM013,2026-06-11,6570,PROD46
ORD04312,CUST2855,C024,CAM013,2026-08-04,1778,PROD48
ORD04313,CUST2856,C005,CAM022,2026-06-17,4680,PROD14
ORD04314,CUST2857,C018,CAM016,2026-01-28,8342,PROD43
ORD04315,CUST2858,C018,CAM039,2026-01-23,5767,PROD42
ORD04316,CUST2859,C005,CAM022,2026-06-01,8156,PROD15
ORD04317,CUST2860,C004,CAM040,2026-02-03,7947,PROD41
ORD04318,CUST2861,C023,CAM005,2026-06-04,7811,PROD08
ORD04319,CUST2862,C013,CAM006,2026-04-19,9419,PROD39
ORD04320,CUST2863,C010,CAM038,2026-03-11,1033,PROD21
ORD04321,CUST2864,C023,CAM005,2026-05-28,1863,PROD19
ORD04322,CUST2865,C020,CAM026,2026-04-29,2351,PROD50
ORD04323,CUST2865,C020,CAM026,2026-05-27,4618,PROD15
ORD04324,CUST2866,C002,CAM027,2026-04-18,3399,PROD08
ORD04325,CUST2867,C023,CAM010,2026-04-07,8881,PROD27
ORD04326,CUST2867,C023,CAM010,2026-05-05,4234,PROD06
ORD04327,CUST2868,C011,CAM003,2026-03-17,1435,PROD24
ORD04328,CUST2869,C002,CAM027,2026-04-23,1734,PROD29
ORD04329,CUST2870,C018,CAM018,2026-06-08,387,PROD09
ORD04330,CUST2870,C018,CAM018,2026-07-17,3018,PROD16
ORD04331,CUST2870,C018,CAM018,2026-09-09,2920,PROD27
ORD04332,CUST2870,C018,CAM018,2026-10-27,2259,PROD38
ORD04333,CUST2871,C011,CAM003,2026-03-11,3508,PROD19
ORD04334,CUST2872,C009,CAM035,2026-04-11,2479,PROD27
ORD04335,CUST2872,C009,CAM035,2026-05-12,8454,PROD33
ORD04336,CUST2873,C018,CAM017,2026-04-28,3732,PROD50
ORD04337,CUST2874,C008,CAM007,2026-01-20,1406,PROD01
ORD04338,CUST2875,C005,CAM021,2026-05-27,3064,PROD49
ORD04339,CUST2876,C023,CAM010,2026-04-15,9986,PROD48
ORD04340,CUST2877,C018,CAM018,2026-05-30,6290,PROD28
ORD04341,CUST2878,C013,CAM006,2026-04-25,870,PROD05
ORD04342,CUST2878,C013,CAM006,2026-05-08,623,PROD33
ORD04343,CUST2878,C013,CAM006,2026-07-07,1583,PROD34
ORD04344,CUST2878,C013,CAM006,2026-08-05,6021,PROD28
ORD04345,CUST2878,C013,CAM006,2026-09-01,5092,PROD09
ORD04346,CUST2878,C013,CAM006,2026-10-01,5180,PROD45
ORD04347,CUST2878,C013,CAM006,2026-11-10,7354,PROD16
ORD04348,CUST2879,C008,CAM007,2026-01-22,3526,PROD22
ORD04349,CUST2879,C008,CAM007,2026-03-05,2268,PROD39
ORD04350,CUST2880,C011,CAM003,2026-03-10,4090,PROD03
ORD04351,CUST2881,C013,CAM006,2026-04-26,3919,PROD29
ORD04352,CUST2882,C023,CAM005,2026-06-05,711,PROD28
ORD04353,CUST2883,C007,CAM036,2026-01-25,942,PROD09
ORD04354,CUST2884,C014,CAM014,2026-05-04,4474,PROD38
ORD04355,CUST2885,C007,CAM036,2026-01-17,7984,PROD01
ORD04356,CUST2885,C007,CAM036,2026-02-28,2768,PROD38
ORD04357,CUST2886,C008,CAM033,2026-02-18,1007,PROD25
ORD04358,CUST2887,C018,CAM031,2026-02-24,4809,PROD47
ORD04359,CUST2887,C018,CAM031,2026-04-07,4654,PROD18
ORD04360,CUST2888,C009,CAM035,2026-04-07,1043,PROD32
ORD04361,CUST2888,C009,CAM035,2026-05-03,5231,PROD04
ORD04362,CUST2889,C008,CAM007,2026-01-26,3990,PROD38
ORD04363,CUST2890,C018,CAM039,2026-01-27,425,PROD25
ORD04364,CUST2891,C005,CAM021,2026-06-17,568,PROD10
ORD04365,CUST2891,C005,CAM021,2026-06-24,717,PROD48
ORD04366,CUST2892,C018,CAM018,2026-06-01,2822,PROD18
ORD04367,CUST2893,C023,CAM005,2026-06-01,1695,PROD19
ORD04368,CUST2893,C023,CAM005,2026-06-16,1085,PROD08
ORD04369,CUST2894,C018,CAM018,2026-06-03,4181,PROD15
ORD04370,CUST2895,C009,CAM030,2026-04-02,370,PROD17
ORD04371,CUST2896,C013,CAM019,2026-05-11,13617,PROD43
ORD04372,CUST2897,C003,CAM011,2026-02-27,2571,PROD36
ORD04373,CUST2897,C003,CAM011,2026-04-26,5381,PROD33
ORD04374,CUST2897,C003,CAM011,2026-06-18,801,PROD11
ORD04375,CUST2897,C003,CAM011,2026-06-24,8769,PROD39
ORD04376,CUST2898,C004,CAM040,2026-02-04,931,PROD13
ORD04377,CUST2899,C014,CAM014,2026-05-14,1251,PROD02
ORD04378,CUST2900,C005,CAM021,2026-05-30,931,PROD37
ORD04379,CUST2900,C005,CAM021,2026-07-01,3838,PROD47
ORD04380,CUST2900,C005,CAM021,2026-08-03,2862,PROD34
ORD04381,CUST2901,C009,CAM034,2026-06-05,1526,PROD08
ORD04382,CUST2902,C011,CAM001,2026-02-28,1188,PROD28
ORD04383,CUST2903,C007,CAM037,2026-01-09,1604,PROD09
ORD04384,CUST2903,C007,CAM037,2026-01-31,1704,PROD47
ORD04385,CUST2904,C013,CAM023,2026-04-04,1139,PROD06
ORD04386,CUST2905,C009,CAM030,2026-04-01,4552,PROD21
ORD04387,CUST2906,C009,CAM035,2026-04-14,3912,PROD30
ORD04388,CUST2907,C023,CAM005,2026-06-07,1949,PROD05
ORD04389,CUST2908,C009,CAM030,2026-04-03,4639,PROD03
ORD04390,CUST2909,C020,CAM026,2026-04-22,4956,PROD34
ORD04391,CUST2910,C009,CAM035,2026-04-09,5265,PROD43
ORD04392,CUST2911,C004,CAM040,2026-02-07,1216,PROD41
ORD04393,CUST2911,C004,CAM040,2026-03-24,6223,PROD01
ORD04394,CUST2911,C004,CAM040,2026-04-13,4309,PROD09
ORD04395,CUST2912,C011,CAM003,2026-03-15,2620,PROD15
ORD04396,CUST2913,C023,CAM010,2026-04-07,1914,PROD10
ORD04397,CUST2913,C023,CAM010,2026-05-13,1071,PROD12
ORD04398,CUST2913,C023,CAM010,2026-07-03,9771,PROD32
ORD04399,CUST2913,C023,CAM010,2026-07-26,4023,PROD09
ORD04400,CUST2913,C023,CAM010,2026-08-12,3656,PROD41
ORD04401,CUST2914,C005,CAM022,2026-06-15,1954,PROD48
ORD04402,CUST2915,C023,CAM005,2026-05-22,7954,PROD32
ORD04403,CUST2915,C023,CAM005,2026-07-01,3544,PROD40
ORD04404,CUST2915,C023,CAM005,2026-07-19,3092,PROD46
ORD04405,CUST2915,C023,CAM005,2026-08-04,9620,PROD03
ORD04406,CUST2916,C009,CAM034,2026-06-01,3289,PROD25
ORD04407,CUST2916,C009,CAM034,2026-07-16,1950,PROD38
ORD04408,CUST2917,C003,CAM011,2026-03-15,2410,PROD34
ORD04409,CUST2918,C013,CAM019,2026-05-13,8953,PROD15
ORD04410,CUST2919,C005,CAM022,2026-06-14,351,PROD41
ORD04411,CUST2920,C007,CAM028,2026-03-25,6708,PROD31
ORD04412,CUST2921,C023,CAM010,2026-04-05,5580,PROD49
ORD04413,CUST2921,C023,CAM010,2026-05-28,9622,PROD19
ORD04414,CUST2921,C023,CAM010,2026-06-28,5309,PROD29
ORD04415,CUST2922,C010,CAM012,2026-01-26,2179,PROD08
ORD04416,CUST2923,C006,CAM008,2026-03-23,6175,PROD43
ORD04417,CUST2924,C009,CAM030,2026-04-03,952,PROD46
ORD04418,CUST2925,C008,CAM007,2026-01-25,13554,PROD32
ORD04419,CUST2926,C003,CAM011,2026-03-08,1182,PROD02
ORD04420,CUST2927,C008,CAM033,2026-02-05,2379,PROD27
ORD04421,CUST2928,C021,CAM025,2026-02-26,6802,PROD17
ORD04422,CUST2929,C020,CAM026,2026-04-29,6807,PROD29
ORD04423,CUST2930,C003,CAM011,2026-03-07,6819,PROD04
ORD04424,CUST2931,C003,CAM011,2026-03-10,961,PROD22
ORD04425,CUST2932,C023,CAM005,2026-05-23,5958,PROD27
ORD04426,CUST2932,C023,CAM005,2026-06-11,1793,PROD37
ORD04427,CUST2933,C013,CAM023,2026-04-11,2464,PROD41
ORD04428,CUST2934,C009,CAM035,2026-04-15,5753,PROD09
ORD04429,CUST2935,C010,CAM038,2026-03-11,4055,PROD47
ORD04430,CUST2935,C010,CAM038,2026-03-17,2910,PROD25
ORD04431,CUST2936,C003,CAM011,2026-03-19,9135,PROD23
ORD04432,CUST2937,C013,CAM019,2026-05-25,2209,PROD04
ORD04433,CUST2937,C013,CAM019,2026-07-02,2631,PROD14
ORD04434,CUST2938,C009,CAM030,2026-04-06,5041,PROD11
ORD04435,CUST2938,C009,CAM030,2026-06-03,2532,PROD35
ORD04436,CUST2938,C009,CAM030,2026-07-03,1938,PROD46
ORD04437,CUST2938,C009,CAM030,2026-07-22,2263,PROD19
ORD04438,CUST2939,C017,CAM029,2026-02-04,8489,PROD22
ORD04439,CUST2940,C011,CAM003,2026-03-12,1332,PROD16
ORD04440,CUST2941,C003,CAM011,2026-02-24,2936,PROD49
ORD04441,CUST2942,C013,CAM019,2026-05-11,8996,PROD32
ORD04442,CUST2943,C010,CAM038,2026-03-05,5902,PROD02
ORD04443,CUST2944,C011,CAM009,2026-04-15,5928,PROD48
ORD04444,CUST2944,C011,CAM009,2026-04-27,848,PROD25
ORD04445,CUST2945,C007,CAM036,2026-01-13,4416,PROD48
ORD04446,CUST2945,C007,CAM036,2026-02-04,1944,PROD06
ORD04447,CUST2945,C007,CAM036,2026-02-13,2167,PROD05
ORD04448,CUST2946,C009,CAM034,2026-06-02,4633,PROD47
ORD04449,CUST2947,C011,CAM015,2026-05-23,6902,PROD35
ORD04450,CUST2947,C011,CAM015,2026-07-05,3223,PROD10
ORD04451,CUST2947,C011,CAM015,2026-07-16,2585,PROD48
ORD04452,CUST2948,C003,CAM011,2026-03-20,5233,PROD39
ORD04453,CUST2949,C018,CAM016,2026-01-19,1276,PROD28
ORD04454,CUST2950,C002,CAM027,2026-05-01,4997,PROD18
ORD04455,CUST2950,C002,CAM027,2026-06-04,3274,PROD13
ORD04456,CUST2950,C002,CAM027,2026-06-15,1206,PROD17
ORD04457,CUST2950,C002,CAM027,2026-07-31,3380,PROD37
ORD04458,CUST2950,C002,CAM027,2026-09-04,2623,PROD25
ORD04459,CUST2951,C018,CAM016,2026-01-21,7039,PROD27
ORD04460,CUST2951,C018,CAM016,2026-03-02,2257,PROD18
ORD04461,CUST2952,C011,CAM015,2026-05-27,2617,PROD35
ORD04462,CUST2953,C009,CAM030,2026-04-01,823,PROD32
ORD04463,CUST2954,C023,CAM005,2026-06-03,3070,PROD49
ORD04464,CUST2955,C004,CAM020,2026-02-09,3651,PROD37
ORD04465,CUST2956,C018,CAM017,2026-04-25,1593,PROD29
ORD04466,CUST2957,C012,CAM024,2026-05-14,6645,PROD42
ORD04467,CUST2958,C021,CAM025,2026-02-19,1608,PROD41
ORD04468,CUST2958,C021,CAM025,2026-03-01,1517,PROD07
ORD04469,CUST2959,C017,CAM029,2026-02-04,4511,PROD32
ORD04470,CUST2959,C017,CAM029,2026-03-18,2040,PROD16
ORD04471,CUST2960,C008,CAM033,2026-02-01,5053,PROD31
ORD04472,CUST2961,C008,CAM033,2026-02-20,1699,PROD49
ORD04473,CUST2962,C014,CAM014,2026-04-30,904,PROD17
ORD04474,CUST2963,C023,CAM005,2026-05-31,6097,PROD10
ORD04475,CUST2964,C011,CAM001,2026-03-07,2589,PROD39
ORD04476,CUST2965,C003,CAM011,2026-03-22,6429,PROD45
ORD04477,CUST2965,C003,CAM011,2026-04-09,895,PROD49
ORD04478,CUST2966,C002,CAM002,2026-04-15,9567,PROD21
ORD04479,CUST2967,C009,CAM034,2026-05-17,12818,PROD46
ORD04480,CUST2968,C010,CAM038,2026-03-11,6216,PROD48
ORD04481,CUST2969,C020,CAM026,2026-04-21,9455,PROD28
ORD04482,CUST2970,C002,CAM002,2026-04-09,4725,PROD49
ORD04483,CUST2971,C006,CAM008,2026-03-18,4404,PROD08
ORD04484,CUST2972,C018,CAM017,2026-04-19,6341,PROD08
ORD04485,CUST2973,C009,CAM030,2026-04-04,2720,PROD41
ORD04486,CUST2974,C018,CAM018,2026-06-11,1659,PROD48
ORD04487,CUST2975,C013,CAM006,2026-04-20,2028,PROD01
ORD04488,CUST2976,C007,CAM036,2026-01-04,8269,PROD19
ORD04489,CUST2977,C003,CAM011,2026-03-23,8705,PROD34
ORD04490,CUST2978,C011,CAM009,2026-04-19,1281,PROD11
ORD04491,CUST2979,C018,CAM031,2026-02-19,10184,PROD14
ORD04492,CUST2980,C012,CAM024,2026-05-16,3673,PROD24
ORD04493,CUST2981,C004,CAM020,2026-02-14,2764,PROD14
ORD04494,CUST2982,C004,CAM040,2026-02-10,4533,PROD09
ORD04495,CUST2983,C011,CAM001,2026-03-13,3559,PROD31
ORD04496,CUST2984,C014,CAM014,2026-05-09,1133,PROD10
ORD04497,CUST2985,C009,CAM034,2026-05-12,4288,PROD01
ORD04498,CUST2986,C023,CAM010,2026-04-15,1863,PROD45
ORD04499,CUST2986,C023,CAM010,2026-04-26,3534,PROD35
ORD04500,CUST2987,C005,CAM022,2026-06-09,2617,PROD40
ORD04501,CUST2987,C005,CAM022,2026-07-13,1593,PROD39
ORD04502,CUST2988,C007,CAM036,2026-01-03,9463,PROD36
ORD04503,CUST2989,C011,CAM003,2026-03-14,6967,PROD13
ORD04504,CUST2990,C018,CAM004,2026-05-22,2027,PROD28
ORD04505,CUST2991,C013,CAM019,2026-05-17,3954,PROD50
ORD04506,CUST2992,C023,CAM010,2026-04-08,11296,PROD42
ORD04507,CUST2993,C013,CAM023,2026-04-06,1595,PROD10
ORD04508,CUST2993,C013,CAM023,2026-04-17,2842,PROD47
ORD04509,CUST2993,C013,CAM023,2026-05-05,2720,PROD18
ORD04510,CUST2993,C013,CAM023,2026-05-21,1475,PROD17
ORD04511,CUST2994,C012,CAM024,2026-05-08,4627,PROD34
ORD04512,CUST2994,C012,CAM024,2026-06-19,8293,PROD42
ORD04513,CUST2995,C011,CAM001,2026-03-09,4336,PROD50
ORD04514,CUST2996,C020,CAM026,2026-05-07,870,PROD48
ORD04515,CUST2997,C009,CAM030,2026-04-07,1835,PROD31
ORD04516,CUST2998,C018,CAM004,2026-05-20,3134,PROD15
ORD04517,CUST2998,C018,CAM004,2026-06-07,6683,PROD06
ORD04518,CUST2999,C012,CAM024,2026-05-16,5812,PROD11
ORD04519,CUST2999,C012,CAM024,2026-06-20,13432,PROD01
ORD04520,CUST2999,C012,CAM024,2026-07-15,4364,PROD05
ORD04521,CUST2999,C012,CAM024,2026-07-23,4440,PROD09
ORD04522,CUST2999,C012,CAM024,2026-08-29,804,PROD29
ORD04523,CUST2999,C012,CAM024,2026-09-30,6183,PROD43
ORD04524,CUST3000,C018,CAM004,2026-05-23,977,PROD49
ORD04525,CUST3000,C018,CAM004,2026-06-04,5828,PROD16
ORD04526,CUST3000,C018,CAM004,2026-07-14,3905,PROD26
ORD04527,CUST3001,C006,CAM008,2026-03-22,6456,PROD23
ORD04528,CUST3002,C017,CAM029,2026-02-25,4567,PROD34
ORD04529,CUST3003,C018,CAM031,2026-03-01,3892,PROD11
ORD04530,CUST3004,C021,CAM025,2026-03-07,4667,PROD10
ORD04531,CUST3004,C021,CAM025,2026-05-04,1137,PROD28
ORD04532,CUST3005,C012,CAM024,2026-05-14,3915,PROD17
ORD04533,CUST3006,C013,CAM006,2026-04-06,3838,PROD28
ORD04534,CUST3007,C009,CAM030,2026-04-03,2490,PROD24
ORD04535,CUST3007,C009,CAM030,2026-06-01,2954,PROD30
ORD04536,CUST3008,C007,CAM036,2026-01-22,6096,PROD28
ORD04537,CUST3009,C018,CAM031,2026-03-01,5454,PROD13
ORD04538,CUST3010,C003,CAM011,2026-03-06,2819,PROD48
ORD04539,CUST3011,C006,CAM008,2026-03-19,6965,PROD34
ORD04540,CUST3012,C003,CAM011,2026-02-23,1222,PROD22
ORD04541,CUST3013,C007,CAM036,2026-01-12,962,PROD33
ORD04542,CUST3014,C018,CAM017,2026-04-21,3307,PROD18
ORD04543,CUST3014,C018,CAM017,2026-06-06,3970,PROD31
ORD04544,CUST3014,C018,CAM017,2026-07-06,2525,PROD03
ORD04545,CUST3015,C018,CAM004,2026-05-22,4353,PROD04
ORD04546,CUST3015,C018,CAM004,2026-07-02,967,PROD02
ORD04547,CUST3015,C018,CAM004,2026-08-31,1157,PROD46
ORD04548,CUST3015,C018,CAM004,2026-10-05,11681,PROD39
ORD04549,CUST3015,C018,CAM004,2026-11-19,2198,PROD30
ORD04550,CUST3016,C006,CAM008,2026-03-18,1249,PROD42
ORD04551,CUST3017,C004,CAM040,2026-02-04,2273,PROD03
ORD04552,CUST3018,C023,CAM010,2026-04-04,1740,PROD46
ORD04553,CUST3019,C004,CAM040,2026-02-09,3514,PROD09
ORD04554,CUST3020,C013,CAM032,2026-03-22,502,PROD08
ORD04555,CUST3021,C007,CAM036,2026-01-15,665,PROD04
ORD04556,CUST3022,C013,CAM006,2026-04-06,6790,PROD18
ORD04557,CUST3023,C018,CAM018,2026-06-01,9158,PROD48
ORD04558,CUST3024,C023,CAM005,2026-06-01,5932,PROD21
ORD04559,CUST3025,C002,CAM027,2026-04-13,1129,PROD38
ORD04560,CUST3026,C020,CAM026,2026-04-30,3334,PROD43
ORD04561,CUST3027,C009,CAM035,2026-04-12,3805,PROD43
ORD04562,CUST3028,C004,CAM040,2026-01-20,8015,PROD49
ORD04563,CUST3028,C004,CAM040,2026-02-26,6916,PROD10
ORD04564,CUST3028,C004,CAM040,2026-04-18,5430,PROD18
ORD04565,CUST3029,C009,CAM035,2026-04-08,5571,PROD18
ORD04566,CUST3030,C018,CAM018,2026-06-01,3039,PROD27
ORD04567,CUST3031,C007,CAM028,2026-03-26,9788,PROD01
ORD04568,CUST3032,C023,CAM010,2026-04-08,2506,PROD08
ORD04569,CUST3033,C013,CAM032,2026-03-23,4043,PROD45
ORD04570,CUST3034,C011,CAM001,2026-03-11,1754,PROD06
ORD04571,CUST3034,C011,CAM001,2026-03-27,690,PROD47
ORD04572,CUST3034,C011,CAM001,2026-04-06,6890,PROD12
ORD04573,CUST3035,C023,CAM005,2026-05-22,4342,PROD01
ORD04574,CUST3036,C009,CAM034,2026-05-30,1197,PROD06
ORD04575,CUST3037,C002,CAM027,2026-04-15,4083,PROD44
ORD04576,CUST3037,C002,CAM027,2026-05-31,1347,PROD13
ORD04577,CUST3038,C018,CAM004,2026-05-20,200,PROD25
ORD04578,CUST3038,C018,CAM004,2026-07-09,8735,PROD19
ORD04579,CUST3038,C018,CAM004,2026-07-25,3224,PROD18
ORD04580,CUST3039,C007,CAM028,2026-03-24,2961,PROD15
ORD04581,CUST3040,C021,CAM025,2026-02-15,5546,PROD13
ORD04582,CUST3040,C021,CAM025,2026-03-03,6245,PROD19
ORD04583,CUST3040,C021,CAM025,2026-03-24,5922,PROD45
ORD04584,CUST3041,C012,CAM024,2026-05-11,5970,PROD23
ORD04585,CUST3041,C012,CAM024,2026-06-22,1952,PROD24
ORD04586,CUST3041,C012,CAM024,2026-07-19,2558,PROD50
ORD04587,CUST3041,C012,CAM024,2026-09-03,11125,PROD34
ORD04588,CUST3042,C010,CAM012,2026-02-14,721,PROD11
ORD04589,CUST3043,C011,CAM015,2026-06-05,4843,PROD10
ORD04590,CUST3044,C018,CAM039,2026-01-30,3960,PROD45
ORD04591,CUST3045,C006,CAM008,2026-03-21,1847,PROD44
ORD04592,CUST3046,C011,CAM015,2026-05-27,3295,PROD45
ORD04593,CUST3046,C011,CAM015,2026-07-03,4504,PROD36
ORD04594,CUST3047,C013,CAM019,2026-05-16,6813,PROD50
ORD04595,CUST3047,C013,CAM019,2026-06-03,5458,PROD17
ORD04596,CUST3048,C002,CAM027,2026-04-22,5680,PROD08
ORD04597,CUST3048,C002,CAM027,2026-05-30,6344,PROD43
ORD04598,CUST3048,C002,CAM027,2026-07-14,2093,PROD12
ORD04599,CUST3049,C009,CAM035,2026-04-08,12465,PROD21
ORD04600,CUST3050,C002,CAM002,2026-04-17,859,PROD38
ORD04601,CUST3051,C005,CAM021,2026-06-03,8086,PROD41
ORD04602,CUST3052,C007,CAM037,2026-01-05,5407,PROD31
ORD04603,CUST3052,C007,CAM037,2026-01-31,2770,PROD22
ORD04604,CUST3052,C007,CAM037,2026-03-18,472,PROD07
ORD04605,CUST3053,C018,CAM017,2026-04-24,5776,PROD30
ORD04606,CUST3053,C018,CAM017,2026-06-02,5133,PROD12
ORD04607,CUST3054,C010,CAM038,2026-03-03,6166,PROD40
ORD04608,CUST3055,C018,CAM018,2026-06-13,4073,PROD28
ORD04609,CUST3056,C021,CAM025,2026-02-21,8359,PROD16
ORD04610,CUST3057,C006,CAM008,2026-03-21,2752,PROD31
ORD04611,CUST3058,C004,CAM020,2026-02-18,7431,PROD15
ORD04612,CUST3058,C004,CAM020,2026-04-12,4986,PROD33
ORD04613,CUST3058,C004,CAM020,2026-04-23,4433,PROD27
ORD04614,CUST3058,C004,CAM020,2026-05-25,1208,PROD50
ORD04615,CUST3059,C010,CAM038,2026-03-09,2088,PROD11
ORD04616,CUST3060,C007,CAM037,2026-01-07,1734,PROD39
ORD04617,CUST3061,C007,CAM028,2026-03-22,3031,PROD37
ORD04618,CUST3062,C011,CAM003,2026-03-11,3008,PROD22
ORD04619,CUST3062,C011,CAM003,2026-05-05,1544,PROD04
ORD04620,CUST3063,C017,CAM029,2026-02-08,5736,PROD10
ORD04621,CUST3064,C011,CAM009,2026-04-19,5007,PROD11
ORD04622,CUST3065,C014,CAM014,2026-04-29,5020,PROD13
ORD04623,CUST3066,C023,CAM005,2026-05-31,5744,PROD12
ORD04624,CUST3066,C023,CAM005,2026-06-20,536,PROD14
ORD04625,CUST3067,C005,CAM022,2026-06-01,4373,PROD10
ORD04626,CUST3068,C007,CAM036,2026-01-18,1618,PROD24
ORD04627,CUST3069,C018,CAM017,2026-04-28,2185,PROD07
ORD04628,CUST3069,C018,CAM017,2026-06-02,6104,PROD36
ORD04629,CUST3070,C023,CAM010,2026-04-10,552,PROD31
ORD04630,CUST3071,C018,CAM039,2026-01-27,1941,PROD46
ORD04631,CUST3072,C011,CAM009,2026-04-11,3927,PROD21
ORD04632,CUST3073,C008,CAM033,2026-02-01,2683,PROD21
ORD04633,CUST3074,C003,CAM011,2026-03-21,3138,PROD28
ORD04634,CUST3075,C021,CAM025,2026-02-21,1951,PROD23
ORD04635,CUST3076,C007,CAM037,2026-01-15,8445,PROD38
ORD04636,CUST3077,C018,CAM031,2026-02-17,2370,PROD12
ORD04637,CUST3078,C021,CAM025,2026-02-16,2673,PROD22
ORD04638,CUST3079,C004,CAM040,2026-01-18,7574,PROD49
ORD04639,CUST3080,C018,CAM017,2026-04-15,1134,PROD09
ORD04640,CUST3081,C007,CAM037,2026-01-08,1950,PROD20
ORD04641,CUST3081,C007,CAM037,2026-02-09,2478,PROD06
ORD04642,CUST3082,C004,CAM040,2026-01-30,2031,PROD28
ORD04643,CUST3083,C007,CAM036,2026-01-10,708,PROD44
ORD04644,CUST3084,C007,CAM028,2026-03-21,6205,PROD27
ORD04645,CUST3084,C007,CAM028,2026-04-06,11574,PROD11
ORD04646,CUST3085,C013,CAM019,2026-05-24,601,PROD30
ORD04647,CUST3086,C020,CAM026,2026-04-21,2730,PROD47
ORD04648,CUST3087,C013,CAM019,2026-05-20,3078,PROD01
ORD04649,CUST3088,C002,CAM027,2026-04-18,7127,PROD33
ORD04650,CUST3088,C002,CAM027,2026-05-17,3450,PROD44
ORD04651,CUST3088,C002,CAM027,2026-06-20,10092,PROD01
ORD04652,CUST3089,C012,CAM024,2026-05-13,2393,PROD04
ORD04653,CUST3090,C018,CAM039,2026-01-27,3448,PROD41
ORD04654,CUST3091,C002,CAM002,2026-04-17,10657,PROD29
ORD04655,CUST3092,C009,CAM035,2026-04-11,7999,PROD46
ORD04656,CUST3093,C023,CAM010,2026-04-12,6357,PROD08
ORD04657,CUST3094,C020,CAM026,2026-04-24,5756,PROD35
ORD04658,CUST3095,C018,CAM017,2026-04-25,1031,PROD06
ORD04659,CUST3096,C011,CAM015,2026-05-23,8440,PROD46
ORD04660,CUST3097,C018,CAM017,2026-04-21,1673,PROD40
ORD04661,CUST3097,C018,CAM017,2026-06-11,5115,PROD30
ORD04662,CUST3097,C018,CAM017,2026-07-13,3859,PROD04
ORD04663,CUST3097,C018,CAM017,2026-08-16,1329,PROD19
ORD04664,CUST3098,C008,CAM033,2026-01-31,10711,PROD30
ORD04665,CUST3099,C010,CAM012,2026-01-20,4020,PROD44
ORD04666,CUST3100,C011,CAM009,2026-04-16,1001,PROD44
ORD04667,CUST3101,C012,CAM024,2026-05-07,2835,PROD12
ORD04668,CUST3102,C009,CAM030,2026-04-03,3429,PROD29
ORD04669,CUST3103,C018,CAM016,2026-01-19,4583,PROD39
ORD04670,CUST3104,C014,CAM014,2026-05-10,4137,PROD35
ORD04671,CUST3105,C002,CAM002,2026-04-14,12187,PROD06
ORD04672,CUST3105,C002,CAM002,2026-05-23,4627,PROD07
ORD04673,CUST3106,C013,CAM006,2026-04-26,3382,PROD32
ORD04674,CUST3106,C013,CAM006,2026-05-28,3540,PROD18
ORD04675,CUST3106,C013,CAM006,2026-06-24,4081,PROD30
ORD04676,CUST3106,C013,CAM006,2026-08-12,1692,PROD40
ORD04677,CUST3106,C013,CAM006,2026-09-01,3307,PROD47
ORD04678,CUST3107,C010,CAM012,2026-02-04,3164,PROD03
ORD04679,CUST3108,C009,CAM035,2026-04-11,2311,PROD10
ORD04680,CUST3109,C010,CAM012,2026-02-11,1641,PROD07
ORD04681,CUST3110,C004,CAM020,2026-02-08,777,PROD41
ORD04682,CUST3111,C018,CAM004,2026-05-22,3199,PROD02
ORD04683,CUST3112,C011,CAM003,2026-03-13,4101,PROD48
ORD04684,CUST3113,C002,CAM027,2026-05-04,5148,PROD08
ORD04685,CUST3114,C013,CAM006,2026-04-09,2260,PROD20
ORD04686,CUST3115,C002,CAM027,2026-04-24,3498,PROD16
ORD04687,CUST3116,C018,CAM004,2026-05-18,5438,PROD31
ORD04688,CUST3117,C006,CAM008,2026-03-22,2923,PROD45
ORD04689,CUST3117,C006,CAM008,2026-05-15,413,PROD12
ORD04690,CUST3118,C018,CAM004,2026-05-26,4517,PROD39
ORD04691,CUST3119,C023,CAM005,2026-05-27,4538,PROD18
ORD04692,CUST3120,C009,CAM035,2026-04-12,5966,PROD27
ORD04693,CUST3120,C009,CAM035,2026-05-29,1226,PROD09
ORD04694,CUST3120,C009,CAM035,2026-06-20,1976,PROD18
ORD04695,CUST3121,C010,CAM038,2026-03-08,1548,PROD15
ORD04696,CUST3121,C010,CAM038,2026-03-14,11815,PROD46
ORD04697,CUST3122,C010,CAM038,2026-03-06,3492,PROD19
ORD04698,CUST3122,C010,CAM038,2026-04-26,8514,PROD46
ORD04699,CUST3123,C006,CAM008,2026-03-23,15000,PROD41
ORD04700,CUST3124,C013,CAM032,2026-03-19,2832,PROD31
ORD04701,CUST3125,C024,CAM013,2026-05-17,988,PROD21
ORD04702,CUST3126,C002,CAM027,2026-05-04,1393,PROD30
ORD04703,CUST3127,C017,CAM029,2026-02-22,6923,PROD35
ORD04704,CUST3128,C011,CAM003,2026-03-11,1212,PROD17
ORD04705,CUST3129,C024,CAM013,2026-05-18,8318,PROD37
ORD04706,CUST3130,C012,CAM024,2026-05-14,2705,PROD23
ORD04707,CUST3131,C020,CAM026,2026-04-25,4024,PROD34
ORD04708,CUST3132,C005,CAM022,2026-06-08,1899,PROD21
ORD04709,CUST3132,C005,CAM022,2026-07-11,5846,PROD44
ORD04710,CUST3132,C005,CAM022,2026-08-14,1850,PROD02
ORD04711,CUST3132,C005,CAM022,2026-08-28,3393,PROD40
ORD04712,CUST3133,C018,CAM031,2026-02-15,2141,PROD37
ORD04713,CUST3134,C013,CAM019,2026-05-21,7126,PROD02
ORD04714,CUST3135,C011,CAM001,2026-03-06,1530,PROD32
ORD04715,CUST3136,C013,CAM023,2026-04-09,6390,PROD09
ORD04716,CUST3137,C011,CAM009,2026-04-11,2536,PROD14
ORD04717,CUST3137,C011,CAM009,2026-04-29,3431,PROD08
ORD04718,CUST3138,C002,CAM027,2026-04-17,10333,PROD11
ORD04719,CUST3138,C002,CAM027,2026-06-10,3764,PROD50
ORD04720,CUST3138,C002,CAM027,2026-08-01,3173,PROD26
ORD04721,CUST3139,C009,CAM030,2026-04-04,4610,PROD14
ORD04722,CUST3140,C011,CAM009,2026-04-16,6122,PROD24
ORD04723,CUST3140,C011,CAM009,2026-05-31,1676,PROD07
ORD04724,CUST3140,C011,CAM009,2026-07-17,2487,PROD44
ORD04725,CUST3140,C011,CAM009,2026-08-31,5631,PROD49
ORD04726,CUST3140,C011,CAM009,2026-10-15,4671,PROD21
ORD04727,CUST3141,C010,CAM038,2026-03-11,4238,PROD15
ORD04728,CUST3142,C007,CAM036,2026-01-13,1364,PROD30
ORD04729,CUST3143,C005,CAM022,2026-06-13,1846,PROD12
ORD04730,CUST3143,C005,CAM022,2026-07-13,2467,PROD19
ORD04731,CUST3143,C005,CAM022,2026-07-18,793,PROD35
ORD04732,CUST3143,C005,CAM022,2026-09-14,8236,PROD22
ORD04733,CUST3144,C013,CAM019,2026-05-22,3959,PROD44
ORD04734,CUST3145,C018,CAM017,2026-04-25,3380,PROD27
ORD04735,CUST3146,C014,CAM014,2026-05-12,840,PROD02
ORD04736,CUST3147,C010,CAM038,2026-03-06,2305,PROD40
ORD04737,CUST3147,C010,CAM038,2026-04-12,3524,PROD06
ORD04738,CUST3148,C004,CAM020,2026-02-19,1745,PROD21
ORD04739,CUST3149,C023,CAM010,2026-04-07,11618,PROD41
ORD04740,CUST3149,C023,CAM010,2026-05-12,1852,PROD44
ORD04741,CUST3150,C006,CAM008,2026-03-21,7190,PROD39
ORD04742,CUST3150,C006,CAM008,2026-05-15,2711,PROD42
ORD04743,CUST3150,C006,CAM008,2026-06-13,2014,PROD36
ORD04744,CUST3151,C008,CAM007,2026-01-21,952,PROD11
ORD04745,CUST3152,C010,CAM012,2026-01-30,10133,PROD16
ORD04746,CUST3153,C006,CAM008,2026-03-23,2228,PROD13
ORD04747,CUST3154,C005,CAM021,2026-05-28,4015,PROD02
ORD04748,CUST3154,C005,CAM021,2026-06-15,1504,PROD37
ORD04749,CUST3154,C005,CAM021,2026-07-19,1430,PROD30
ORD04750,CUST3155,C003,CAM011,2026-03-16,1305,PROD16
ORD04751,CUST3156,C018,CAM017,2026-04-18,2820,PROD33
ORD04752,CUST3157,C007,CAM037,2026-01-06,2000,PROD22
ORD04753,CUST3158,C011,CAM001,2026-03-02,1473,PROD47
ORD04754,CUST3158,C011,CAM001,2026-03-11,4239,PROD01
ORD04755,CUST3159,C004,CAM040,2026-01-19,846,PROD27
ORD04756,CUST3160,C009,CAM034,2026-05-26,2394,PROD25
ORD04757,CUST3161,C009,CAM034,2026-06-04,3333,PROD17
ORD04758,CUST3162,C018,CAM039,2026-01-29,2805,PROD50
ORD04759,CUST3162,C018,CAM039,2026-03-13,729,PROD42
ORD04760,CUST3163,C018,CAM016,2026-01-26,1677,PROD31
ORD04761,CUST3163,C018,CAM016,2026-03-24,11540,PROD47
ORD04762,CUST3164,C020,CAM026,2026-04-28,10070,PROD47
ORD04763,CUST3165,C007,CAM037,2026-01-05,3055,PROD46
ORD04764,CUST3166,C018,CAM018,2026-06-15,5180,PROD28
ORD04765,CUST3167,C021,CAM025,2026-02-12,5805,PROD17
ORD04766,CUST3167,C021,CAM025,2026-04-06,1884,PROD38
ORD04767,CUST3168,C018,CAM039,2026-01-22,2115,PROD24
ORD04768,CUST3169,C004,CAM040,2026-02-08,1117,PROD16
ORD04769,CUST3170,C020,CAM026,2026-05-04,3662,PROD07
ORD04770,CUST3170,C020,CAM026,2026-05-30,3989,PROD42
ORD04771,CUST3170,C020,CAM026,2026-07-18,3503,PROD05
ORD04772,CUST3170,C020,CAM026,2026-08-21,827,PROD46
ORD04773,CUST3171,C020,CAM026,2026-05-13,8090,PROD17
ORD04774,CUST3171,C020,CAM026,2026-06-08,6079,PROD19
ORD04775,CUST3172,C018,CAM016,2026-01-22,3234,PROD29
ORD04776,CUST3173,C007,CAM036,2026-01-09,1622,PROD39
ORD04777,CUST3174,C011,CAM009,2026-04-12,5260,PROD19
ORD04778,CUST3174,C011,CAM009,2026-04-18,3673,PROD15
ORD04779,CUST3175,C007,CAM037,2026-01-14,2983,PROD19
ORD04780,CUST3176,C018,CAM017,2026-04-18,2508,PROD20
ORD04781,CUST3177,C005,CAM021,2026-06-15,10505,PROD19
ORD04782,CUST3178,C012,CAM024,2026-05-09,3998,PROD19
ORD04783,CUST3178,C012,CAM024,2026-07-07,12954,PROD25
ORD04784,CUST3179,C023,CAM010,2026-04-14,579,PROD14
ORD04785,CUST3179,C023,CAM010,2026-05-26,6069,PROD20
ORD04786,CUST3180,C011,CAM009,2026-04-08,3757,PROD47
ORD04787,CUST3180,C011,CAM009,2026-05-15,1777,PROD48
ORD04788,CUST3181,C007,CAM036,2026-01-17,3074,PROD40
ORD04789,CUST3182,C018,CAM017,2026-04-24,4854,PROD38
ORD04790,CUST3183,C013,CAM006,2026-04-19,5840,PROD24
ORD04791,CUST3184,C018,CAM018,2026-06-22,7556,PROD42
ORD04792,CUST3185,C009,CAM030,2026-04-06,3214,PROD31
ORD04793,CUST3186,C008,CAM033,2026-01-28,3269,PROD05
ORD04794,CUST3187,C009,CAM035,2026-04-09,8220,PROD15
ORD04795,CUST3187,C009,CAM035,2026-04-23,14941,PROD18
ORD04796,CUST3188,C017,CAM029,2026-02-23,2758,PROD08
ORD04797,CUST3189,C018,CAM004,2026-05-21,9170,PROD30
ORD04798,CUST3190,C013,CAM023,2026-04-17,1402,PROD01
ORD04799,CUST3191,C011,CAM015,2026-06-03,3296,PROD34
ORD04800,CUST3192,C005,CAM021,2026-06-16,3256,PROD43
ORD04801,CUST3192,C005,CAM021,2026-06-23,5390,PROD26
ORD04802,CUST3193,C005,CAM021,2026-05-27,200,PROD33
ORD04803,CUST3194,C011,CAM015,2026-05-27,3446,PROD35
ORD04804,CUST3195,C013,CAM032,2026-04-01,3003,PROD06
ORD04805,CUST3196,C014,CAM014,2026-04-30,1582,PROD34
ORD04806,CUST3197,C012,CAM024,2026-05-10,4561,PROD48
ORD04807,CUST3198,C011,CAM015,2026-06-03,3818,PROD16
ORD04808,CUST3199,C008,CAM033,2026-02-19,6655,PROD12
ORD04809,CUST3200,C018,CAM017,2026-04-21,3169,PROD06
ORD04810,CUST3201,C013,CAM006,2026-04-09,993,PROD05
ORD04811,CUST3202,C021,CAM025,2026-02-25,6053,PROD14
ORD04812,CUST3202,C021,CAM025,2026-03-16,4686,PROD16
ORD04813,CUST3203,C009,CAM035,2026-04-18,1656,PROD30
ORD04814,CUST3204,C023,CAM010,2026-04-12,2283,PROD04
ORD04815,CUST3205,C012,CAM024,2026-05-08,2460,PROD08
ORD04816,CUST3206,C020,CAM026,2026-04-21,1997,PROD07
ORD04817,CUST3207,C011,CAM001,2026-03-03,7407,PROD20
ORD04818,CUST3208,C003,CAM011,2026-02-23,1257,PROD08
ORD04819,CUST3209,C023,CAM010,2026-04-11,7108,PROD13
ORD04820,CUST3210,C009,CAM034,2026-06-04,3737,PROD49
ORD04821,CUST3211,C009,CAM035,2026-04-06,9056,PROD27
ORD04822,CUST3211,C009,CAM035,2026-05-19,1622,PROD18
ORD04823,CUST3212,C018,CAM016,2026-01-25,533,PROD33
ORD04824,CUST3212,C018,CAM016,2026-03-01,1689,PROD33
ORD04825,CUST3213,C018,CAM018,2026-06-15,2048,PROD35
ORD04826,CUST3213,C018,CAM018,2026-07-05,1863,PROD22
ORD04827,CUST3214,C018,CAM039,2026-01-29,5267,PROD41
ORD04828,CUST3215,C002,CAM002,2026-04-09,1705,PROD12
ORD04829,CUST3216,C017,CAM029,2026-01-30,2241,PROD33
ORD04830,CUST3216,C017,CAM029,2026-03-06,1927,PROD32
ORD04831,CUST3216,C017,CAM029,2026-03-21,3033,PROD12
ORD04832,CUST3216,C017,CAM029,2026-03-30,5019,PROD49
ORD04833,CUST3217,C008,CAM033,2026-02-18,6033,PROD29
ORD04834,CUST3218,C013,CAM023,2026-04-13,4437,PROD12
ORD04835,CUST3219,C013,CAM023,2026-04-15,5092,PROD15
ORD04836,CUST3219,C013,CAM023,2026-05-03,1350,PROD20
ORD04837,CUST3219,C013,CAM023,2026-06-09,4262,PROD20
ORD04838,CUST3220,C010,CAM038,2026-03-11,2007,PROD44
ORD04839,CUST3221,C004,CAM040,2026-02-06,215,PROD44
ORD04840,CUST3221,C004,CAM040,2026-02-20,2967,PROD21
ORD04841,CUST3221,C004,CAM040,2026-03-07,1773,PROD13
ORD04842,CUST3221,C004,CAM040,2026-04-30,3122,PROD26
ORD04843,CUST3222,C013,CAM006,2026-04-08,1195,PROD40
ORD04844,CUST3223,C013,CAM019,2026-05-13,3615,PROD34
ORD04845,CUST3224,C010,CAM038,2026-03-09,6949,PROD18
ORD04846,CUST3225,C013,CAM006,2026-04-11,4716,PROD20
ORD04847,CUST3226,C004,CAM020,2026-02-10,3929,PROD47
ORD04848,CUST3226,C004,CAM020,2026-03-09,5316,PROD48
ORD04849,CUST3227,C010,CAM012,2026-02-02,5264,PROD37
ORD04850,CUST3228,C020,CAM026,2026-05-13,1412,PROD49
ORD04851,CUST3229,C024,CAM013,2026-05-18,3183,PROD23
ORD04852,CUST3230,C009,CAM030,2026-03-31,2645,PROD50
ORD04853,CUST3231,C011,CAM001,2026-02-25,1222,PROD13
ORD04854,CUST3232,C013,CAM019,2026-05-16,4450,PROD24
ORD04855,CUST3233,C024,CAM013,2026-05-27,2065,PROD25
ORD04856,CUST3234,C004,CAM020,2026-02-12,3172,PROD40
ORD04857,CUST3235,C013,CAM019,2026-05-22,2423,PROD07
ORD04858,CUST3236,C005,CAM022,2026-06-06,1412,PROD47
ORD04859,CUST3236,C005,CAM022,2026-07-11,4169,PROD47
ORD04860,CUST3237,C018,CAM004,2026-05-25,2353,PROD03
ORD04861,CUST3238,C010,CAM012,2026-02-09,4971,PROD46
ORD04862,CUST3239,C013,CAM032,2026-03-16,2544,PROD39
ORD04863,CUST3240,C003,CAM011,2026-03-07,3109,PROD04
ORD04864,CUST3240,C003,CAM011,2026-04-21,6544,PROD22
ORD04865,CUST3240,C003,CAM011,2026-05-13,6596,PROD35
ORD04866,CUST3241,C005,CAM022,2026-06-13,2579,PROD08
ORD04867,CUST3242,C018,CAM018,2026-05-30,1068,PROD05
ORD04868,CUST3243,C003,CAM011,2026-03-19,6181,PROD10
ORD04869,CUST3244,C018,CAM016,2026-01-17,4106,PROD37
ORD04870,CUST3245,C005,CAM021,2026-06-10,7204,PROD16
ORD04871,CUST3245,C005,CAM021,2026-07-05,3768,PROD37
ORD04872,CUST3246,C018,CAM031,2026-03-03,3134,PROD34
ORD04873,CUST3246,C018,CAM031,2026-04-29,6007,PROD19
ORD04874,CUST3247,C007,CAM037,2026-01-05,2863,PROD50
ORD04875,CUST3247,C007,CAM037,2026-01-14,8065,PROD45
ORD04876,CUST3248,C002,CAM027,2026-05-01,1468,PROD24
ORD04877,CUST3248,C002,CAM027,2026-06-24,4886,PROD29
ORD04878,CUST3249,C011,CAM015,2026-06-06,8711,PROD21
ORD04879,CUST3249,C011,CAM015,2026-07-10,1207,PROD15
ORD04880,CUST3250,C018,CAM039,2026-01-26,1129,PROD44
ORD04881,CUST3251,C023,CAM010,2026-04-08,2996,PROD48
ORD04882,CUST3251,C023,CAM010,2026-04-14,1078,PROD09
ORD04883,CUST3251,C023,CAM010,2026-04-26,6951,PROD42
ORD04884,CUST3251,C023,CAM010,2026-05-27,4733,PROD28
ORD04885,CUST3252,C013,CAM006,2026-04-28,200,PROD04
ORD04886,CUST3253,C007,CAM037,2026-01-13,2679,PROD33
ORD04887,CUST3253,C007,CAM037,2026-02-10,4037,PROD02
ORD04888,CUST3253,C007,CAM037,2026-03-23,3357,PROD28
ORD04889,CUST3253,C007,CAM037,2026-03-30,3504,PROD33
ORD04890,CUST3253,C007,CAM037,2026-05-29,13596,PROD21
ORD04891,CUST3254,C023,CAM005,2026-06-06,4776,PROD22
ORD04892,CUST3254,C023,CAM005,2026-07-21,1187,PROD05
ORD04893,CUST3255,C007,CAM028,2026-03-08,6684,PROD36
ORD04894,CUST3256,C011,CAM001,2026-02-28,1013,PROD33
ORD04895,CUST3257,C017,CAM029,2026-02-26,2914,PROD30
ORD04896,CUST3257,C017,CAM029,2026-04-11,2814,PROD42
ORD04897,CUST3258,C020,CAM026,2026-05-13,8943,PROD44
ORD04898,CUST3258,C020,CAM026,2026-06-14,1278,PROD18
ORD04899,CUST3259,C011,CAM009,2026-04-22,3815,PROD48
ORD04900,CUST3260,C011,CAM009,2026-04-18,3296,PROD42
ORD04901,CUST3260,C011,CAM009,2026-05-29,10522,PROD22
ORD04902,CUST3261,C009,CAM035,2026-04-14,5931,PROD48
ORD04903,CUST3262,C017,CAM029,2026-02-12,3728,PROD26
ORD04904,CUST3263,C018,CAM018,2026-06-04,2674,PROD25
ORD04905,CUST3263,C018,CAM018,2026-06-10,1623,PROD01
ORD04906,CUST3263,C018,CAM018,2026-06-29,1722,PROD21
ORD04907,CUST3264,C002,CAM027,2026-04-12,5038,PROD15
ORD04908,CUST3264,C002,CAM027,2026-05-24,9843,PROD44
ORD04909,CUST3265,C010,CAM038,2026-03-08,4162,PROD42
ORD04910,CUST3266,C011,CAM001,2026-03-03,3036,PROD37
ORD04911,CUST3267,C006,CAM008,2026-03-25,6548,PROD50
ORD04912,CUST3267,C006,CAM008,2026-04-08,8040,PROD14
ORD04913,CUST3268,C012,CAM024,2026-05-09,4275,PROD35
ORD04914,CUST3268,C012,CAM024,2026-06-21,5290,PROD03
ORD04915,CUST3269,C008,CAM007,2026-01-20,6703,PROD05
ORD04916,CUST3270,C007,CAM037,2026-01-10,3601,PROD43
ORD04917,CUST3271,C002,CAM027,2026-04-14,2782,PROD28
ORD04918,CUST3271,C002,CAM027,2026-05-06,8988,PROD15
ORD04919,CUST3271,C002,CAM027,2026-05-24,4856,PROD50
ORD04920,CUST3271,C002,CAM027,2026-06-20,2193,PROD02
ORD04921,CUST3271,C002,CAM027,2026-07-03,6483,PROD29
ORD04922,CUST3272,C021,CAM025,2026-03-07,4189,PROD02
ORD04923,CUST3273,C005,CAM022,2026-06-05,2955,PROD29
ORD04924,CUST3274,C010,CAM012,2026-01-31,1557,PROD50
ORD04925,CUST3275,C023,CAM005,2026-05-25,1417,PROD12
ORD04926,CUST3275,C023,CAM005,2026-07-01,2886,PROD38
ORD04927,CUST3275,C023,CAM005,2026-08-21,5721,PROD34
ORD04928,CUST3275,C023,CAM005,2026-09-02,3069,PROD11
ORD04929,CUST3276,C012,CAM024,2026-05-10,4906,PROD32
ORD04930,CUST3276,C012,CAM024,2026-07-01,5034,PROD39
ORD04931,CUST3276,C012,CAM024,2026-07-28,3085,PROD48
ORD04932,CUST3277,C007,CAM036,2026-01-14,1016,PROD06
ORD04933,CUST3278,C009,CAM030,2026-04-06,2218,PROD17
ORD04934,CUST3279,C021,CAM025,2026-02-12,5374,PROD02
ORD04935,CUST3280,C005,CAM021,2026-06-05,2924,PROD26
ORD04936,CUST3281,C009,CAM034,2026-05-13,1405,PROD20
ORD04937,CUST3282,C018,CAM016,2026-01-16,770,PROD42
ORD04938,CUST3283,C018,CAM017,2026-04-20,13345,PROD06
ORD04939,CUST3284,C005,CAM021,2026-06-13,4618,PROD31
ORD04940,CUST3285,C017,CAM029,2026-02-07,2755,PROD21
ORD04941,CUST3286,C004,CAM020,2026-02-10,7352,PROD12
ORD04942,CUST3287,C011,CAM009,2026-04-08,3359,PROD10
ORD04943,CUST3287,C011,CAM009,2026-04-21,875,PROD45
ORD04944,CUST3288,C011,CAM003,2026-03-09,1897,PROD14
ORD04945,CUST3288,C011,CAM003,2026-05-08,9341,PROD48
ORD04946,CUST3288,C011,CAM003,2026-06-24,1677,PROD19
ORD04947,CUST3289,C008,CAM007,2026-01-24,4440,PROD27
ORD04948,CUST3290,C013,CAM023,2026-04-05,2411,PROD10
ORD04949,CUST3291,C005,CAM022,2026-06-04,3170,PROD08
ORD04950,CUST3292,C007,CAM028,2026-03-11,2890,PROD14
ORD04951,CUST3292,C007,CAM028,2026-04-04,6811,PROD26
ORD04952,CUST3292,C007,CAM028,2026-05-19,2632,PROD24
ORD04953,CUST3293,C018,CAM031,2026-02-18,4774,PROD02
ORD04954,CUST3294,C003,CAM011,2026-02-23,3107,PROD31
ORD04955,CUST3295,C004,CAM020,2026-02-10,2104,PROD03
ORD04956,CUST3296,C013,CAM006,2026-04-15,7774,PROD47
ORD04957,CUST3297,C017,CAM029,2026-02-04,2125,PROD01
ORD04958,CUST3297,C017,CAM029,2026-03-03,5422,PROD15
ORD04959,CUST3298,C018,CAM018,2026-06-08,2087,PROD08
ORD04960,CUST3299,C009,CAM035,2026-04-13,2450,PROD35
ORD04961,CUST3300,C024,CAM013,2026-05-21,1300,PROD41
ORD04962,CUST3301,C002,CAM027,2026-04-17,2243,PROD17
ORD04963,CUST3302,C018,CAM004,2026-05-23,200,PROD24
ORD04964,CUST3303,C018,CAM018,2026-06-16,2505,PROD31
ORD04965,CUST3304,C020,CAM026,2026-05-12,949,PROD37
ORD04966,CUST3305,C013,CAM006,2026-04-07,4967,PROD09
ORD04967,CUST3306,C021,CAM025,2026-02-13,2369,PROD06
ORD04968,CUST3306,C021,CAM025,2026-04-06,4864,PROD07
ORD04969,CUST3307,C018,CAM016,2026-01-21,1403,PROD40
ORD04970,CUST3307,C018,CAM016,2026-02-01,2027,PROD16
ORD04971,CUST3308,C004,CAM020,2026-02-14,1956,PROD43
ORD04972,CUST3308,C004,CAM020,2026-03-10,830,PROD22
ORD04973,CUST3309,C011,CAM003,2026-03-16,7491,PROD34
ORD04974,CUST3310,C006,CAM008,2026-03-25,4111,PROD18
ORD04975,CUST3311,C018,CAM017,2026-04-17,1203,PROD24
ORD04976,CUST3312,C008,CAM033,2026-02-01,2454,PROD03
ORD04977,CUST3313,C013,CAM019,2026-05-20,7957,PROD13
ORD04978,CUST3314,C017,CAM029,2026-01-30,3015,PROD03
ORD04979,CUST3314,C017,CAM029,2026-03-29,2284,PROD16
ORD04980,CUST3314,C017,CAM029,2026-04-13,2664,PROD26
ORD04981,CUST3314,C017,CAM029,2026-05-08,545,PROD01
ORD04982,CUST3315,C007,CAM028,2026-03-21,4089,PROD23
ORD04983,CUST3316,C009,CAM034,2026-05-30,5786,PROD37
ORD04984,CUST3317,C013,CAM019,2026-05-22,1797,PROD30
ORD04985,CUST3318,C008,CAM007,2026-01-22,3441,PROD08
ORD04986,CUST3319,C021,CAM025,2026-02-17,5221,PROD33
ORD04987,CUST3320,C018,CAM017,2026-04-23,13317,PROD12
ORD04988,CUST3321,C018,CAM039,2026-01-26,1729,PROD32
ORD04989,CUST3322,C007,CAM037,2026-01-13,869,PROD07
ORD04990,CUST3323,C013,CAM032,2026-03-19,3721,PROD17
ORD04991,CUST3324,C018,CAM039,2026-01-26,5134,PROD02
ORD04992,CUST3325,C013,CAM032,2026-03-13,8176,PROD30
ORD04993,CUST3325,C013,CAM032,2026-05-10,709,PROD08
ORD04994,CUST3326,C018,CAM017,2026-04-22,3396,PROD23
ORD04995,CUST3326,C018,CAM017,2026-05-16,1764,PROD29
ORD04996,CUST3327,C018,CAM039,2026-01-29,450,PROD06
ORD04997,CUST3328,C023,CAM005,2026-06-07,1840,PROD33
ORD04998,CUST3328,C023,CAM005,2026-06-24,883,PROD10
ORD04999,CUST3329,C014,CAM014,2026-05-06,3044,PROD13
ORD05000,CUST3330,C024,CAM013,2026-06-09,2117,PROD39
ORD05001,CUST3331,C005,CAM021,2026-05-28,3936,PROD34
ORD05002,CUST3332,C021,CAM025,2026-02-10,439,PROD24
ORD05003,CUST3333,C002,CAM027,2026-04-15,9370,PROD34
ORD05004,CUST3334,C008,CAM033,2026-02-08,2502,PROD44
ORD05005,CUST3334,C008,CAM033,2026-02-23,3000,PROD41
ORD05006,CUST3335,C011,CAM001,2026-03-04,4032,PROD49
ORD05007,CUST3336,C007,CAM028,2026-03-10,3929,PROD40
ORD05008,CUST3337,C013,CAM023,2026-04-16,2542,PROD04
ORD05009,CUST3338,C002,CAM002,2026-04-12,945,PROD34
ORD05010,CUST3339,C009,CAM030,2026-04-05,1291,PROD09
ORD05011,CUST3340,C008,CAM007,2026-01-22,431,PROD17
ORD05012,CUST3340,C008,CAM007,2026-03-13,5356,PROD36
ORD05013,CUST3340,C008,CAM007,2026-04-29,4923,PROD20
ORD05014,CUST3341,C006,CAM008,2026-03-25,1188,PROD05
ORD05015,CUST3342,C021,CAM025,2026-03-05,4099,PROD10
ORD05016,CUST3343,C006,CAM008,2026-03-18,1590,PROD16
ORD05017,CUST3344,C011,CAM009,2026-04-13,10425,PROD26
ORD05018,CUST3345,C013,CAM023,2026-04-06,7483,PROD23
ORD05019,CUST3346,C011,CAM001,2026-03-04,8863,PROD18
ORD05020,CUST3347,C011,CAM001,2026-03-09,4207,PROD48
ORD05021,CUST3347,C011,CAM001,2026-04-20,3281,PROD44
ORD05022,CUST3347,C011,CAM001,2026-05-04,3519,PROD14
ORD05023,CUST3348,C011,CAM001,2026-03-01,5571,PROD49
ORD05024,CUST3349,C014,CAM014,2026-04-29,4077,PROD34
ORD05025,CUST3350,C012,CAM024,2026-05-15,4081,PROD41
ORD05026,CUST3350,C012,CAM024,2026-06-27,6621,PROD31
ORD05027,CUST3350,C012,CAM024,2026-07-16,6999,PROD43
ORD05028,CUST3351,C009,CAM030,2026-04-02,1821,PROD35
ORD05029,CUST3352,C013,CAM019,2026-05-27,3881,PROD05
ORD05030,CUST3353,C014,CAM014,2026-05-09,744,PROD03
ORD05031,CUST3354,C003,CAM011,2026-03-21,2617,PROD08
ORD05032,CUST3355,C012,CAM024,2026-05-14,3230,PROD11
ORD05033,CUST3356,C011,CAM001,2026-03-12,2175,PROD15
ORD05034,CUST3357,C005,CAM022,2026-06-02,1710,PROD47
ORD05035,CUST3357,C005,CAM022,2026-07-15,7976,PROD39
ORD05036,CUST3358,C020,CAM026,2026-04-30,2770,PROD43
ORD05037,CUST3358,C020,CAM026,2026-06-05,7970,PROD45
ORD05038,CUST3358,C020,CAM026,2026-07-07,2861,PROD27
ORD05039,CUST3358,C020,CAM026,2026-07-15,13067,PROD41
ORD05040,CUST3359,C003,CAM011,2026-03-22,3945,PROD47
ORD05041,CUST3360,C011,CAM001,2026-03-05,5810,PROD41
ORD05042,CUST3361,C005,CAM022,2026-06-09,3455,PROD17
ORD05043,CUST3362,C024,CAM013,2026-05-19,8256,PROD46
ORD05044,CUST3362,C024,CAM013,2026-07-14,3891,PROD32
ORD05045,CUST3363,C009,CAM030,2026-04-07,5162,PROD38
ORD05046,CUST3364,C013,CAM019,2026-05-16,6843,PROD50
ORD05047,CUST3364,C013,CAM019,2026-07-12,6311,PROD46
ORD05048,CUST3364,C013,CAM019,2026-08-17,2239,PROD36
ORD05049,CUST3364,C013,CAM019,2026-09-29,5981,PROD37
ORD05050,CUST3365,C002,CAM027,2026-04-27,3827,PROD43
ORD05051,CUST3366,C018,CAM016,2026-01-15,4905,PROD38
ORD05052,CUST3367,C003,CAM011,2026-03-20,4173,PROD07
ORD05053,CUST3368,C024,CAM013,2026-05-20,7163,PROD49
ORD05054,CUST3368,C024,CAM013,2026-06-09,2221,PROD24
ORD05055,CUST3369,C005,CAM022,2026-06-18,2487,PROD26
ORD05056,CUST3370,C006,CAM008,2026-03-16,2174,PROD29
ORD05057,CUST3371,C006,CAM008,2026-03-23,3682,PROD34
ORD05058,CUST3372,C009,CAM034,2026-05-22,1274,PROD41
ORD05059,CUST3373,C023,CAM010,2026-04-16,13896,PROD02
ORD05060,CUST3373,C023,CAM010,2026-05-04,3083,PROD37
ORD05061,CUST3374,C007,CAM028,2026-03-06,9636,PROD22
ORD05062,CUST3375,C007,CAM028,2026-03-15,2917,PROD02
ORD05063,CUST3376,C011,CAM015,2026-05-30,1384,PROD17
ORD05064,CUST3377,C005,CAM021,2026-06-14,6495,PROD16
ORD05065,CUST3378,C018,CAM039,2026-01-28,1996,PROD21
ORD05066,CUST3379,C023,CAM010,2026-04-15,461,PROD17
ORD05067,CUST3380,C005,CAM021,2026-05-29,968,PROD50
ORD05068,CUST3380,C005,CAM021,2026-07-28,3310,PROD36
ORD05069,CUST3380,C005,CAM021,2026-09-12,2782,PROD21
ORD05070,CUST3380,C005,CAM021,2026-11-03,3083,PROD26
ORD05071,CUST3381,C007,CAM028,2026-03-17,2632,PROD12
ORD05072,CUST3382,C004,CAM040,2026-02-02,4451,PROD22
ORD05073,CUST3383,C023,CAM010,2026-04-13,6979,PROD15
ORD05074,CUST3384,C004,CAM020,2026-02-15,11990,PROD47
ORD05075,CUST3384,C004,CAM020,2026-02-25,2653,PROD41
ORD05076,CUST3385,C008,CAM007,2026-01-23,4022,PROD41
ORD05077,CUST3386,C018,CAM017,2026-04-25,9941,PROD46
ORD05078,CUST3386,C018,CAM017,2026-05-31,5593,PROD23
ORD05079,CUST3386,C018,CAM017,2026-06-26,3316,PROD29
ORD05080,CUST3387,C023,CAM010,2026-04-16,3134,PROD11
ORD05081,CUST3387,C023,CAM010,2026-05-11,2847,PROD02
ORD05082,CUST3387,C023,CAM010,2026-05-23,6501,PROD13
ORD05083,CUST3388,C004,CAM020,2026-02-15,9932,PROD45
ORD05084,CUST3389,C007,CAM037,2026-01-13,3972,PROD36
ORD05085,CUST3389,C007,CAM037,2026-02-21,2980,PROD12
ORD05086,CUST3390,C011,CAM015,2026-06-01,4129,PROD13
ORD05087,CUST3391,C018,CAM016,2026-01-16,8698,PROD43
ORD05088,CUST3392,C020,CAM026,2026-04-27,3006,PROD22
ORD05089,CUST3392,C020,CAM026,2026-06-05,8408,PROD23
ORD05090,CUST3392,C020,CAM026,2026-07-05,2723,PROD09
ORD05091,CUST3393,C008,CAM007,2026-01-19,1437,PROD48
ORD05092,CUST3394,C023,CAM005,2026-05-31,3124,PROD06
ORD05093,CUST3395,C018,CAM016,2026-01-18,2474,PROD03
ORD05094,CUST3396,C012,CAM024,2026-05-15,2201,PROD18
ORD05095,CUST3396,C012,CAM024,2026-05-21,4033,PROD32
ORD05096,CUST3396,C012,CAM024,2026-06-09,5408,PROD45
ORD05097,CUST3397,C017,CAM029,2026-02-06,2381,PROD29
ORD05098,CUST3398,C011,CAM001,2026-03-03,1022,PROD19
ORD05099,CUST3398,C011,CAM001,2026-03-23,2466,PROD02
ORD05100,CUST3398,C011,CAM001,2026-05-21,3671,PROD40
ORD05101,CUST3399,C024,CAM013,2026-06-12,2403,PROD36
ORD05102,CUST3400,C024,CAM013,2026-06-04,537,PROD12
ORD05103,CUST3400,C024,CAM013,2026-08-02,1165,PROD34
ORD05104,CUST3401,C020,CAM026,2026-05-01,498,PROD25
ORD05105,CUST3402,C003,CAM011,2026-03-03,3023,PROD24
ORD05106,CUST3403,C009,CAM034,2026-06-04,8209,PROD24
ORD05107,CUST3403,C009,CAM034,2026-07-02,2140,PROD16
ORD05108,CUST3404,C009,CAM034,2026-05-27,2618,PROD45
ORD05109,CUST3405,C020,CAM026,2026-04-29,3480,PROD45
ORD05110,CUST3406,C018,CAM031,2026-02-27,9019,PROD07
ORD05111,CUST3407,C004,CAM020,2026-02-21,2029,PROD07
ORD05112,CUST3408,C010,CAM012,2026-02-14,3843,PROD47
ORD05113,CUST3409,C018,CAM016,2026-01-26,5027,PROD36
ORD05114,CUST3410,C007,CAM036,2026-01-08,3355,PROD37
ORD05115,CUST3411,C012,CAM024,2026-05-07,4082,PROD29
ORD05116,CUST3412,C007,CAM036,2026-01-19,5156,PROD11
ORD05117,CUST3413,C018,CAM031,2026-02-27,313,PROD42
ORD05118,CUST3414,C004,CAM040,2026-01-29,728,PROD46
ORD05119,CUST3415,C024,CAM013,2026-05-19,2597,PROD05
ORD05120,CUST3416,C018,CAM017,2026-04-21,4409,PROD47
ORD05121,CUST3417,C009,CAM030,2026-04-07,5736,PROD46
ORD05122,CUST3418,C018,CAM018,2026-05-30,5022,PROD14
ORD05123,CUST3419,C018,CAM017,2026-04-27,865,PROD45
ORD05124,CUST3419,C018,CAM017,2026-06-14,2043,PROD20
ORD05125,CUST3419,C018,CAM017,2026-07-10,4363,PROD15
ORD05126,CUST3419,C018,CAM017,2026-08-20,3999,PROD33
ORD05127,CUST3419,C018,CAM017,2026-09-20,3900,PROD10
ORD05128,CUST3420,C012,CAM024,2026-05-15,7385,PROD38
ORD05129,CUST3421,C014,CAM014,2026-04-29,7182,PROD04
ORD05130,CUST3422,C013,CAM019,2026-05-19,5887,PROD50
ORD05131,CUST3423,C018,CAM031,2026-03-01,3098,PROD27
ORD05132,CUST3423,C018,CAM031,2026-04-21,5446,PROD11
ORD05133,CUST3424,C018,CAM018,2026-06-01,9929,PROD39
ORD05134,CUST3424,C018,CAM018,2026-07-25,5293,PROD49
ORD05135,CUST3424,C018,CAM018,2026-08-10,2146,PROD12
ORD05136,CUST3425,C002,CAM027,2026-04-28,1416,PROD47
ORD05137,CUST3426,C011,CAM003,2026-03-14,3901,PROD26
ORD05138,CUST3426,C011,CAM003,2026-04-24,892,PROD45
ORD05139,CUST3427,C007,CAM037,2026-01-11,744,PROD25
ORD05140,CUST3428,C011,CAM003,2026-03-16,5254,PROD22
ORD05141,CUST3428,C011,CAM003,2026-04-01,2632,PROD07
ORD05142,CUST3429,C013,CAM019,2026-05-19,6902,PROD28
ORD05143,CUST3430,C023,CAM010,2026-04-11,10672,PROD17
ORD05144,CUST3430,C023,CAM010,2026-05-11,2627,PROD13
ORD05145,CUST3431,C008,CAM033,2026-02-08,4690,PROD41
ORD05146,CUST3432,C010,CAM038,2026-03-08,1963,PROD07
ORD05147,CUST3433,C018,CAM018,2026-06-03,2829,PROD39
ORD05148,CUST3433,C018,CAM018,2026-06-11,1173,PROD36
ORD05149,CUST3434,C018,CAM004,2026-05-28,1775,PROD11
ORD05150,CUST3435,C013,CAM019,2026-05-24,8718,PROD21
ORD05151,CUST3435,C013,CAM019,2026-06-22,1182,PROD20
ORD05152,CUST3436,C004,CAM020,2026-02-17,2426,PROD12
ORD05153,CUST3437,C009,CAM034,2026-05-30,1250,PROD12
ORD05154,CUST3438,C013,CAM006,2026-04-09,1334,PROD07
ORD05155,CUST3439,C018,CAM031,2026-03-03,1372,PROD39
ORD05156,CUST3440,C007,CAM028,2026-03-24,2699,PROD29
ORD05157,CUST3441,C011,CAM015,2026-06-05,4267,PROD12
ORD05158,CUST3442,C004,CAM040,2026-01-22,10882,PROD29
ORD05159,CUST3443,C008,CAM033,2026-02-16,4560,PROD35
ORD05160,CUST3443,C008,CAM033,2026-04-12,200,PROD08
ORD05161,CUST3443,C008,CAM033,2026-06-07,5950,PROD20
ORD05162,CUST3443,C008,CAM033,2026-06-30,8148,PROD07
ORD05163,CUST3443,C008,CAM033,2026-07-27,2092,PROD44
ORD05164,CUST3444,C013,CAM023,2026-04-12,1571,PROD07
ORD05165,CUST3445,C017,CAM029,2026-02-05,6687,PROD40
ORD05166,CUST3446,C008,CAM007,2026-01-25,3131,PROD36
ORD05167,CUST3447,C014,CAM014,2026-05-11,1976,PROD08
ORD05168,CUST3448,C023,CAM005,2026-05-24,1613,PROD24
ORD05169,CUST3448,C023,CAM005,2026-06-07,3177,PROD16
ORD05170,CUST3448,C023,CAM005,2026-08-03,6946,PROD32
ORD05171,CUST3449,C018,CAM004,2026-05-24,2526,PROD04
ORD05172,CUST3449,C018,CAM004,2026-06-28,1915,PROD43
ORD05173,CUST3449,C018,CAM004,2026-08-17,1172,PROD49
ORD05174,CUST3450,C011,CAM003,2026-03-10,4405,PROD06
ORD05175,CUST3451,C008,CAM007,2026-01-23,1336,PROD37
ORD05176,CUST3452,C008,CAM007,2026-01-26,4406,PROD49
ORD05177,CUST3453,C018,CAM039,2026-01-24,9331,PROD09
ORD05178,CUST3454,C010,CAM012,2026-02-12,13539,PROD41
ORD05179,CUST3455,C013,CAM032,2026-03-21,2575,PROD06
ORD05180,CUST3456,C004,CAM020,2026-02-06,9925,PROD21
ORD05181,CUST3457,C010,CAM012,2026-02-03,5296,PROD20
ORD05182,CUST3458,C017,CAM029,2026-02-24,7449,PROD50
ORD05183,CUST3459,C010,CAM038,2026-03-03,5835,PROD03
ORD05184,CUST3460,C007,CAM036,2026-01-03,3186,PROD38
ORD05185,CUST3461,C013,CAM019,2026-05-26,2569,PROD42
ORD05186,CUST3462,C007,CAM037,2026-01-05,2768,PROD04
ORD05187,CUST3463,C003,CAM011,2026-03-07,2178,PROD35
ORD05188,CUST3464,C002,CAM027,2026-05-04,2708,PROD28
ORD05189,CUST3465,C018,CAM017,2026-04-18,1753,PROD44
ORD05190,CUST3466,C006,CAM008,2026-03-16,4410,PROD07
ORD05191,CUST3467,C018,CAM016,2026-01-17,632,PROD46
ORD05192,CUST3468,C004,CAM040,2026-01-20,3761,PROD32
ORD05193,CUST3469,C010,CAM012,2026-02-06,903,PROD01
ORD05194,CUST3470,C023,CAM005,2026-06-03,7012,PROD45
ORD05195,CUST3470,C023,CAM005,2026-06-15,1318,PROD19
ORD05196,CUST3471,C023,CAM005,2026-05-29,1879,PROD22
ORD05197,CUST3472,C017,CAM029,2026-02-11,5907,PROD24
ORD05198,CUST3473,C018,CAM016,2026-01-21,4433,PROD10
ORD05199,CUST3473,C018,CAM016,2026-03-05,1281,PROD16
ORD05200,CUST3473,C018,CAM016,2026-04-18,827,PROD43
ORD05201,CUST3474,C005,CAM021,2026-06-06,1728,PROD46
ORD05202,CUST3475,C020,CAM026,2026-05-09,5918,PROD42
ORD05203,CUST3475,C020,CAM026,2026-06-30,4046,PROD18
ORD05204,CUST3475,C020,CAM026,2026-07-31,6094,PROD45
ORD05205,CUST3476,C011,CAM001,2026-03-10,3756,PROD25
ORD05206,CUST3477,C005,CAM021,2026-05-30,2272,PROD32
ORD05207,CUST3478,C011,CAM003,2026-03-09,586,PROD26
ORD05208,CUST3479,C003,CAM011,2026-03-17,10323,PROD09
ORD05209,CUST3480,C024,CAM013,2026-06-08,697,PROD41
ORD05210,CUST3480,C024,CAM013,2026-06-20,445,PROD08
ORD05211,CUST3481,C002,CAM002,2026-04-15,666,PROD35
ORD05212,CUST3481,C002,CAM002,2026-05-10,7522,PROD11
ORD05213,CUST3482,C010,CAM012,2026-01-27,10135,PROD46
ORD05214,CUST3483,C005,CAM021,2026-06-05,3164,PROD19
ORD05215,CUST3483,C005,CAM021,2026-06-28,6143,PROD37
ORD05216,CUST3484,C011,CAM015,2026-05-24,3308,PROD26
ORD05217,CUST3485,C008,CAM007,2026-01-21,8324,PROD36
ORD05218,CUST3486,C004,CAM040,2026-02-02,5094,PROD34
ORD05219,CUST3486,C004,CAM040,2026-02-09,1361,PROD31
ORD05220,CUST3486,C004,CAM040,2026-03-16,3531,PROD07
ORD05221,CUST3486,C004,CAM040,2026-03-28,6390,PROD15
ORD05222,CUST3487,C007,CAM037,2026-01-11,2672,PROD49
ORD05223,CUST3487,C007,CAM037,2026-03-01,1914,PROD05
ORD05224,CUST3488,C013,CAM032,2026-03-22,200,PROD29
ORD05225,CUST3489,C003,CAM011,2026-02-27,8790,PROD50
ORD05226,CUST3490,C018,CAM031,2026-03-03,7268,PROD50
ORD05227,CUST3491,C008,CAM033,2026-02-21,3088,PROD21
ORD05228,CUST3492,C018,CAM018,2026-06-13,1471,PROD10
ORD05229,CUST3492,C018,CAM018,2026-07-09,4508,PROD17
ORD05230,CUST3493,C011,CAM009,2026-04-19,5335,PROD42
ORD05231,CUST3494,C018,CAM018,2026-06-07,7051,PROD19
ORD05232,CUST3495,C018,CAM031,2026-02-12,4605,PROD41
ORD05233,CUST3495,C018,CAM031,2026-03-01,5171,PROD22
ORD05234,CUST3495,C018,CAM031,2026-04-17,2536,PROD47
ORD05235,CUST3496,C018,CAM031,2026-02-10,1287,PROD05
ORD05236,CUST3497,C018,CAM004,2026-05-21,2917,PROD19
ORD05237,CUST3498,C017,CAM029,2026-02-04,4850,PROD21
ORD05238,CUST3498,C017,CAM029,2026-02-12,2304,PROD08
ORD05239,CUST3499,C023,CAM005,2026-05-24,1847,PROD35
ORD05240,CUST3499,C023,CAM005,2026-05-30,3657,PROD40
ORD05241,CUST3500,C017,CAM029,2026-02-04,1776,PROD21
ORD05242,CUST3501,C005,CAM022,2026-05-31,2402,PROD07
ORD05243,CUST3501,C005,CAM022,2026-07-18,3220,PROD15
ORD05244,CUST3502,C017,CAM029,2026-02-11,776,PROD04
ORD05245,CUST3502,C017,CAM029,2026-04-09,10061,PROD25
ORD05246,CUST3503,C023,CAM010,2026-04-13,7519,PROD15
ORD05247,CUST3503,C023,CAM010,2026-06-05,10316,PROD41
ORD05248,CUST3504,C011,CAM009,2026-04-10,5925,PROD31
ORD05249,CUST3504,C011,CAM009,2026-05-21,854,PROD42
ORD05250,CUST3505,C008,CAM033,2026-02-06,424,PROD25
ORD05251,CUST3506,C021,CAM025,2026-03-04,4887,PROD32
ORD05252,CUST3506,C021,CAM025,2026-04-17,4217,PROD17
ORD05253,CUST3507,C002,CAM002,2026-04-18,1737,PROD10
ORD05254,CUST3508,C009,CAM030,2026-04-06,8916,PROD15
ORD05255,CUST3509,C002,CAM002,2026-04-12,1978,PROD12
ORD05256,CUST3510,C018,CAM039,2026-01-25,4455,PROD24
ORD05257,CUST3511,C011,CAM009,2026-04-08,11231,PROD20
ORD05258,CUST3512,C004,CAM020,2026-02-07,4369,PROD46
ORD05259,CUST3513,C008,CAM033,2026-02-24,3042,PROD26
ORD05260,CUST3514,C009,CAM030,2026-04-08,3059,PROD26
ORD05261,CUST3515,C007,CAM037,2026-01-11,3320,PROD29
ORD05262,CUST3516,C004,CAM040,2026-01-30,1000,PROD22
ORD05263,CUST3517,C018,CAM018,2026-06-16,7201,PROD47
ORD05264,CUST3518,C009,CAM034,2026-05-16,3933,PROD46
ORD05265,CUST3518,C009,CAM034,2026-06-02,2902,PROD37
ORD05266,CUST3518,C009,CAM034,2026-06-19,4081,PROD47
ORD05267,CUST3519,C013,CAM023,2026-04-15,3933,PROD30
ORD05268,CUST3520,C012,CAM024,2026-05-13,5178,PROD20
ORD05269,CUST3521,C023,CAM010,2026-04-10,1569,PROD07
ORD05270,CUST3521,C023,CAM010,2026-05-19,3550,PROD42
ORD05271,CUST3522,C018,CAM039,2026-01-25,4079,PROD50
ORD05272,CUST3523,C023,CAM005,2026-06-04,5725,PROD14
ORD05273,CUST3523,C023,CAM005,2026-06-30,1710,PROD36
ORD05274,CUST3523,C023,CAM005,2026-07-15,7297,PROD43
ORD05275,CUST3524,C010,CAM012,2026-02-04,11981,PROD29
ORD05276,CUST3525,C005,CAM021,2026-06-15,4252,PROD37
ORD05277,CUST3525,C005,CAM021,2026-08-01,9946,PROD12
ORD05278,CUST3525,C005,CAM021,2026-08-23,7722,PROD48
ORD05279,CUST3525,C005,CAM021,2026-10-10,3507,PROD37
ORD05280,CUST3526,C009,CAM034,2026-05-14,3607,PROD37
ORD05281,CUST3527,C017,CAM029,2026-02-24,616,PROD27
ORD05282,CUST3527,C017,CAM029,2026-03-21,7272,PROD30
ORD05283,CUST3527,C017,CAM029,2026-04-10,3636,PROD48
ORD05284,CUST3528,C010,CAM012,2026-02-12,3446,PROD21
ORD05285,CUST3529,C003,CAM011,2026-03-19,951,PROD48
ORD05286,CUST3530,C004,CAM040,2026-01-19,3914,PROD05
ORD05287,CUST3531,C009,CAM035,2026-04-06,1990,PROD04
ORD05288,CUST3531,C009,CAM035,2026-05-02,1516,PROD06
ORD05289,CUST3531,C009,CAM035,2026-05-27,3203,PROD23
ORD05290,CUST3532,C011,CAM009,2026-04-12,11017,PROD20
ORD05291,CUST3533,C023,CAM005,2026-05-24,4022,PROD21
ORD05292,CUST3533,C023,CAM005,2026-07-05,4819,PROD29
ORD05293,CUST3533,C023,CAM005,2026-08-09,3614,PROD22
ORD05294,CUST3533,C023,CAM005,2026-09-28,7995,PROD12
ORD05295,CUST3534,C021,CAM025,2026-02-18,1637,PROD36
ORD05296,CUST3534,C021,CAM025,2026-03-05,5517,PROD10
ORD05297,CUST3534,C021,CAM025,2026-03-20,3729,PROD27
ORD05298,CUST3535,C018,CAM018,2026-06-12,1687,PROD27
ORD05299,CUST3536,C014,CAM014,2026-05-16,1071,PROD31
ORD05300,CUST3537,C004,CAM040,2026-01-26,3026,PROD16
ORD05301,CUST3538,C005,CAM021,2026-06-14,548,PROD29
ORD05302,CUST3539,C011,CAM003,2026-03-09,7769,PROD25
ORD05303,CUST3539,C011,CAM003,2026-04-13,3228,PROD25
ORD05304,CUST3539,C011,CAM003,2026-05-18,3349,PROD11
ORD05305,CUST3539,C011,CAM003,2026-07-11,907,PROD02
ORD05306,CUST3540,C018,CAM031,2026-02-21,1126,PROD38
ORD05307,CUST3541,C024,CAM013,2026-05-22,15000,PROD02
ORD05308,CUST3542,C004,CAM020,2026-02-17,2086,PROD06
ORD05309,CUST3543,C004,CAM040,2026-01-20,1374,PROD40
ORD05310,CUST3543,C004,CAM040,2026-02-13,1425,PROD44
ORD05311,CUST3544,C018,CAM018,2026-06-24,980,PROD43
ORD05312,CUST3544,C018,CAM018,2026-07-11,366,PROD41
ORD05313,CUST3544,C018,CAM018,2026-08-05,2002,PROD19
ORD05314,CUST3545,C009,CAM030,2026-03-30,3721,PROD32
ORD05315,CUST3546,C013,CAM032,2026-03-28,2674,PROD27
ORD05316,CUST3547,C007,CAM037,2026-01-10,2025,PROD13
ORD05317,CUST3548,C010,CAM038,2026-03-07,1435,PROD02
ORD05318,CUST3549,C018,CAM004,2026-05-23,5818,PROD04
ORD05319,CUST3550,C013,CAM023,2026-04-06,4008,PROD17
ORD05320,CUST3551,C010,CAM012,2026-02-01,1212,PROD18
ORD05321,CUST3552,C008,CAM033,2026-02-21,2194,PROD43
ORD05322,CUST3553,C005,CAM022,2026-06-09,3289,PROD09
ORD05323,CUST3554,C009,CAM034,2026-05-29,2051,PROD37
ORD05324,CUST3554,C009,CAM034,2026-06-04,3387,PROD20
ORD05325,CUST3555,C013,CAM023,2026-04-06,3719,PROD25
ORD05326,CUST3556,C010,CAM038,2026-03-03,6139,PROD18
ORD05327,CUST3557,C007,CAM037,2026-01-11,4954,PROD33
ORD05328,CUST3558,C002,CAM027,2026-05-03,3504,PROD46
ORD05329,CUST3559,C021,CAM025,2026-02-13,6386,PROD47
ORD05330,CUST3560,C009,CAM034,2026-05-27,1822,PROD19
ORD05331,CUST3560,C009,CAM034,2026-06-18,626,PROD06
ORD05332,CUST3560,C009,CAM034,2026-07-21,3281,PROD43
ORD05333,CUST3560,C009,CAM034,2026-07-31,1057,PROD43
ORD05334,CUST3560,C009,CAM034,2026-08-25,2084,PROD33
ORD05335,CUST3560,C009,CAM034,2026-09-06,2854,PROD02
ORD05336,CUST3561,C018,CAM004,2026-05-20,1500,PROD07
ORD05337,CUST3562,C018,CAM016,2026-01-16,6138,PROD05
ORD05338,CUST3562,C018,CAM016,2026-01-30,2291,PROD37
ORD05339,CUST3563,C017,CAM029,2026-02-06,2524,PROD05
ORD05340,CUST3564,C018,CAM017,2026-04-13,3352,PROD22
ORD05341,CUST3565,C011,CAM015,2026-06-06,5609,PROD10
ORD05342,CUST3566,C020,CAM026,2026-05-09,1200,PROD30
ORD05343,CUST3567,C011,CAM001,2026-03-07,6725,PROD07
ORD05344,CUST3568,C002,CAM027,2026-04-11,4751,PROD09
ORD05345,CUST3568,C002,CAM027,2026-04-28,9696,PROD48
ORD05346,CUST3569,C007,CAM036,2026-01-06,200,PROD06
ORD05347,CUST3569,C007,CAM036,2026-01-11,6544,PROD28
ORD05348,CUST3570,C024,CAM013,2026-06-07,8833,PROD04
ORD05349,CUST3570,C024,CAM013,2026-07-27,7839,PROD06
ORD05350,CUST3570,C024,CAM013,2026-08-25,4466,PROD21
ORD05351,CUST3571,C006,CAM008,2026-03-24,7893,PROD13
ORD05352,CUST3571,C006,CAM008,2026-05-13,4227,PROD32
ORD05353,CUST3571,C006,CAM008,2026-06-25,7368,PROD46
ORD05354,CUST3572,C023,CAM010,2026-04-11,3355,PROD44
ORD05355,CUST3572,C023,CAM010,2026-05-23,338,PROD04
ORD05356,CUST3573,C009,CAM030,2026-03-31,10176,PROD06
ORD05357,CUST3574,C011,CAM001,2026-03-03,1175,PROD35
ORD05358,CUST3574,C011,CAM001,2026-04-13,1781,PROD13
ORD05359,CUST3575,C011,CAM015,2026-05-24,875,PROD05
ORD05360,CUST3576,C007,CAM036,2026-01-06,1361,PROD49
ORD05361,CUST3577,C018,CAM018,2026-05-31,6665,PROD38
ORD05362,CUST3578,C018,CAM018,2026-06-14,3728,PROD41
ORD05363,CUST3579,C005,CAM022,2026-06-05,1857,PROD23
ORD05364,CUST3580,C014,CAM014,2026-05-06,7227,PROD42
ORD05365,CUST3581,C009,CAM034,2026-05-18,1731,PROD11
ORD05366,CUST3581,C009,CAM034,2026-05-27,4562,PROD04
ORD05367,CUST3581,C009,CAM034,2026-06-05,5910,PROD32
ORD05368,CUST3581,C009,CAM034,2026-07-02,1375,PROD47
ORD05369,CUST3581,C009,CAM034,2026-07-10,6322,PROD40
ORD05370,CUST3581,C009,CAM034,2026-09-01,628,PROD28
ORD05371,CUST3582,C018,CAM004,2026-05-28,4866,PROD46
ORD05372,CUST3583,C007,CAM036,2026-01-01,419,PROD44
ORD05373,CUST3584,C020,CAM026,2026-04-29,2916,PROD24
ORD05374,CUST3585,C017,CAM029,2026-02-20,2588,PROD05
ORD05375,CUST3586,C003,CAM011,2026-03-03,2011,PROD21
ORD05376,CUST3587,C020,CAM026,2026-04-30,2172,PROD31
ORD05377,CUST3588,C021,CAM025,2026-02-24,4025,PROD32
ORD05378,CUST3588,C021,CAM025,2026-03-21,4091,PROD35
ORD05379,CUST3589,C011,CAM003,2026-03-12,1166,PROD11
ORD05380,CUST3589,C011,CAM003,2026-03-19,3312,PROD45
ORD05381,CUST3590,C007,CAM037,2026-01-11,554,PROD30
ORD05382,CUST3591,C009,CAM035,2026-04-18,2152,PROD26
ORD05383,CUST3592,C018,CAM039,2026-01-28,5501,PROD10
ORD05384,CUST3593,C005,CAM021,2026-06-17,719,PROD02
ORD05385,CUST3594,C018,CAM017,2026-04-17,3681,PROD25
ORD05386,CUST3595,C011,CAM015,2026-06-02,1397,PROD24
ORD05387,CUST3595,C011,CAM015,2026-06-07,4660,PROD28
ORD05388,CUST3596,C014,CAM014,2026-05-04,5080,PROD12
ORD05389,CUST3596,C014,CAM014,2026-05-22,2068,PROD07
ORD05390,CUST3597,C004,CAM020,2026-02-18,6480,PROD18
ORD05391,CUST3598,C009,CAM034,2026-05-16,4587,PROD26
ORD05392,CUST3598,C009,CAM034,2026-05-31,6309,PROD20
ORD05393,CUST3598,C009,CAM034,2026-07-28,4406,PROD36
ORD05394,CUST3598,C009,CAM034,2026-08-19,2788,PROD15
ORD05395,CUST3598,C009,CAM034,2026-09-05,6021,PROD32
ORD05396,CUST3599,C004,CAM040,2026-02-10,2587,PROD28
ORD05397,CUST3600,C018,CAM016,2026-01-17,974,PROD43
ORD05398,CUST3601,C010,CAM012,2026-01-30,4304,PROD05
ORD05399,CUST3602,C012,CAM024,2026-05-14,602,PROD10
ORD05400,CUST3603,C009,CAM030,2026-04-06,1923,PROD14
ORD05401,CUST3604,C010,CAM012,2026-02-03,4685,PROD20
ORD05402,CUST3604,C010,CAM012,2026-03-20,960,PROD11
ORD05403,CUST3605,C007,CAM036,2026-01-21,2757,PROD40
ORD05404,CUST3606,C024,CAM013,2026-06-05,943,PROD09
ORD05405,CUST3606,C024,CAM013,2026-07-13,5001,PROD19
ORD05406,CUST3607,C010,CAM012,2026-02-11,3745,PROD45
ORD05407,CUST3608,C023,CAM005,2026-05-26,4188,PROD31
ORD05408,CUST3608,C023,CAM005,2026-06-04,4553,PROD02
ORD05409,CUST3609,C023,CAM005,2026-06-02,2203,PROD14
ORD05410,CUST3609,C023,CAM005,2026-06-27,1232,PROD45
ORD05411,CUST3609,C023,CAM005,2026-07-16,1884,PROD21
ORD05412,CUST3609,C023,CAM005,2026-08-30,1556,PROD31
ORD05413,CUST3610,C005,CAM022,2026-06-07,7976,PROD37
ORD05414,CUST3611,C018,CAM004,2026-05-23,581,PROD09
ORD05415,CUST3612,C014,CAM014,2026-05-17,4353,PROD15
ORD05416,CUST3613,C007,CAM036,2026-01-19,6141,PROD16
ORD05417,CUST3614,C005,CAM021,2026-06-11,2549,PROD02
ORD05418,CUST3615,C007,CAM028,2026-03-22,2061,PROD25
ORD05419,CUST3616,C010,CAM012,2026-01-23,914,PROD06
ORD05420,CUST3617,C007,CAM036,2026-01-16,337,PROD47
ORD05421,CUST3618,C005,CAM022,2026-06-01,4867,PROD50
ORD05422,CUST3619,C021,CAM025,2026-03-06,1847,PROD46
ORD05423,CUST3620,C008,CAM007,2026-01-23,2171,PROD04
ORD05424,CUST3621,C007,CAM028,2026-03-13,11989,PROD01
ORD05425,CUST3622,C018,CAM017,2026-04-24,1866,PROD31
ORD05426,CUST3623,C018,CAM018,2026-05-30,3913,PROD21
ORD05427,CUST3624,C018,CAM039,2026-01-26,4942,PROD35
ORD05428,CUST3625,C009,CAM034,2026-06-05,846,PROD13
ORD05429,CUST3626,C005,CAM022,2026-06-18,3537,PROD47
ORD05430,CUST3626,C005,CAM022,2026-06-26,4032,PROD48
ORD05431,CUST3627,C006,CAM008,2026-03-24,3936,PROD19
ORD05432,CUST3628,C018,CAM031,2026-02-22,3734,PROD01
ORD05433,CUST3629,C007,CAM028,2026-03-14,4907,PROD19
ORD05434,CUST3630,C013,CAM006,2026-04-03,795,PROD49
ORD05435,CUST3631,C013,CAM019,2026-05-10,9835,PROD50
ORD05436,CUST3632,C005,CAM022,2026-06-13,4642,PROD36
ORD05437,CUST3633,C021,CAM025,2026-02-28,3003,PROD21
ORD05438,CUST3634,C006,CAM008,2026-03-20,3383,PROD13
ORD05439,CUST3635,C018,CAM016,2026-01-24,3352,PROD11
ORD05440,CUST3636,C002,CAM027,2026-04-12,5009,PROD02
ORD05441,CUST3637,C013,CAM006,2026-04-04,807,PROD36
ORD05442,CUST3638,C007,CAM037,2026-01-10,926,PROD47
ORD05443,CUST3638,C007,CAM037,2026-02-08,1396,PROD36
ORD05444,CUST3638,C007,CAM037,2026-02-14,6414,PROD41
ORD05445,CUST3638,C007,CAM037,2026-03-18,2628,PROD42
ORD05446,CUST3639,C023,CAM010,2026-04-10,6294,PROD40
ORD05447,CUST3639,C023,CAM010,2026-06-07,4525,PROD49
ORD05448,CUST3639,C023,CAM010,2026-06-14,1363,PROD42
ORD05449,CUST3640,C011,CAM003,2026-03-14,3402,PROD37
ORD05450,CUST3641,C009,CAM030,2026-04-06,10100,PROD46
ORD05451,CUST3641,C009,CAM030,2026-05-26,1517,PROD09
ORD05452,CUST3642,C023,CAM005,2026-05-24,5674,PROD09
ORD05453,CUST3643,C007,CAM036,2026-01-04,1057,PROD46
ORD05454,CUST3644,C018,CAM018,2026-05-28,8653,PROD23
ORD05455,CUST3645,C005,CAM021,2026-05-26,3581,PROD49
ORD05456,CUST3646,C010,CAM012,2026-02-03,836,PROD04
ORD05457,CUST3647,C020,CAM026,2026-05-02,2395,PROD26
ORD05458,CUST3648,C010,CAM012,2026-01-23,2110,PROD06
ORD05459,CUST3649,C023,CAM010,2026-04-07,4167,PROD08
ORD05460,CUST3649,C023,CAM010,2026-05-30,2420,PROD17
ORD05461,CUST3649,C023,CAM010,2026-06-18,3305,PROD16
ORD05462,CUST3650,C007,CAM037,2026-01-15,6314,PROD02
ORD05463,CUST3651,C018,CAM017,2026-04-20,1188,PROD03
ORD05464,CUST3652,C024,CAM013,2026-06-10,2176,PROD10
ORD05465,CUST3652,C024,CAM013,2026-08-09,3130,PROD09
ORD05466,CUST3653,C014,CAM014,2026-05-09,2497,PROD49
ORD05467,CUST3654,C020,CAM026,2026-05-10,878,PROD33
ORD05468,CUST3655,C018,CAM039,2026-01-25,5623,PROD43
ORD05469,CUST3656,C005,CAM022,2026-06-12,4029,PROD03
ORD05470,CUST3657,C009,CAM030,2026-04-07,936,PROD15
ORD05471,CUST3657,C009,CAM030,2026-05-19,1318,PROD32
ORD05472,CUST3657,C009,CAM030,2026-05-24,6271,PROD23
ORD05473,CUST3658,C009,CAM030,2026-03-30,9396,PROD24
ORD05474,CUST3659,C024,CAM013,2026-06-14,2049,PROD26
ORD05475,CUST3660,C007,CAM037,2026-01-07,2705,PROD41
ORD05476,CUST3661,C013,CAM006,2026-04-22,3047,PROD36
ORD05477,CUST3662,C014,CAM014,2026-05-15,2630,PROD13
ORD05478,CUST3663,C004,CAM040,2026-02-06,681,PROD13
ORD05479,CUST3663,C004,CAM040,2026-03-03,3353,PROD17
ORD05480,CUST3664,C009,CAM035,2026-04-07,3159,PROD29
ORD05481,CUST3665,C010,CAM038,2026-03-10,1074,PROD42
ORD05482,CUST3666,C008,CAM033,2026-02-13,1667,PROD14
ORD05483,CUST3667,C011,CAM003,2026-03-10,4064,PROD07
ORD05484,CUST3667,C011,CAM003,2026-05-01,536,PROD14
ORD05485,CUST3668,C010,CAM012,2026-02-12,8417,PROD48
ORD05486,CUST3669,C007,CAM028,2026-03-28,2925,PROD38
ORD05487,CUST3670,C024,CAM013,2026-05-26,5475,PROD04
ORD05488,CUST3671,C010,CAM012,2026-02-08,3757,PROD17
ORD05489,CUST3672,C012,CAM024,2026-05-15,7543,PROD01
ORD05490,CUST3672,C012,CAM024,2026-06-02,3654,PROD12
ORD05491,CUST3673,C011,CAM003,2026-03-14,2500,PROD47
ORD05492,CUST3673,C011,CAM003,2026-04-12,8249,PROD47
ORD05493,CUST3674,C011,CAM001,2026-03-11,2529,PROD39
ORD05494,CUST3675,C010,CAM012,2026-01-24,3769,PROD31
ORD05495,CUST3676,C004,CAM040,2026-02-06,2321,PROD43
ORD05496,CUST3676,C004,CAM040,2026-04-06,2327,PROD16
ORD05497,CUST3677,C024,CAM013,2026-06-05,3124,PROD01
ORD05498,CUST3677,C024,CAM013,2026-08-03,4893,PROD02
ORD05499,CUST3678,C008,CAM033,2026-01-29,4042,PROD18
ORD05500,CUST3679,C013,CAM019,2026-05-17,2526,PROD47
ORD05501,CUST3680,C002,CAM027,2026-04-13,1013,PROD24
ORD05502,CUST3680,C002,CAM027,2026-05-01,5159,PROD42
ORD05503,CUST3681,C018,CAM031,2026-02-23,3724,PROD24
ORD05504,CUST3682,C009,CAM034,2026-05-18,3371,PROD02
ORD05505,CUST3683,C009,CAM035,2026-04-18,2858,PROD08
ORD05506,CUST3683,C009,CAM035,2026-05-12,898,PROD10
ORD05507,CUST3683,C009,CAM035,2026-06-02,5059,PROD30
ORD05508,CUST3683,C009,CAM035,2026-07-28,3223,PROD14
ORD05509,CUST3684,C011,CAM003,2026-03-09,838,PROD31
ORD05510,CUST3685,C013,CAM023,2026-04-03,3470,PROD47
ORD05511,CUST3685,C013,CAM023,2026-04-23,3043,PROD30
ORD05512,CUST3685,C013,CAM023,2026-06-22,4629,PROD38
ORD05513,CUST3685,C013,CAM023,2026-08-10,575,PROD36
ORD05514,CUST3685,C013,CAM023,2026-09-01,3307,PROD18
ORD05515,CUST3685,C013,CAM023,2026-09-07,2172,PROD45
ORD05516,CUST3686,C024,CAM013,2026-06-01,3350,PROD45
ORD05517,CUST3686,C024,CAM013,2026-06-15,5966,PROD14
ORD05518,CUST3687,C007,CAM037,2026-01-11,2782,PROD02
ORD05519,CUST3688,C009,CAM030,2026-04-05,825,PROD30
ORD05520,CUST3689,C018,CAM018,2026-05-31,5640,PROD37
ORD05521,CUST3690,C011,CAM003,2026-03-10,6795,PROD18
ORD05522,CUST3691,C013,CAM032,2026-03-18,2382,PROD13
ORD05523,CUST3692,C013,CAM032,2026-03-17,1146,PROD18
ORD05524,CUST3692,C013,CAM032,2026-05-16,2231,PROD13
ORD05525,CUST3693,C005,CAM022,2026-06-13,4413,PROD42
ORD05526,CUST3694,C017,CAM029,2026-02-26,807,PROD28
ORD05527,CUST3695,C007,CAM037,2026-01-12,2531,PROD46
ORD05528,CUST3696,C020,CAM026,2026-05-12,4597,PROD24
ORD05529,CUST3696,C020,CAM026,2026-05-22,3602,PROD39
ORD05530,CUST3697,C002,CAM027,2026-04-22,2086,PROD35
ORD05531,CUST3698,C005,CAM022,2026-06-10,1249,PROD24
ORD05532,CUST3699,C018,CAM017,2026-04-17,3136,PROD41
ORD05533,CUST3700,C020,CAM026,2026-05-02,5174,PROD26
ORD05534,CUST3700,C020,CAM026,2026-05-30,4357,PROD30
ORD05535,CUST3701,C024,CAM013,2026-06-10,4379,PROD44
ORD05536,CUST3701,C024,CAM013,2026-08-02,2959,PROD32
ORD05537,CUST3701,C024,CAM013,2026-09-19,6074,PROD35
ORD05538,CUST3702,C024,CAM013,2026-05-28,1555,PROD06
ORD05539,CUST3703,C002,CAM027,2026-04-16,1270,PROD22
ORD05540,CUST3704,C024,CAM013,2026-06-06,2741,PROD49
ORD05541,CUST3705,C023,CAM005,2026-05-27,3071,PROD22
ORD05542,CUST3706,C007,CAM028,2026-03-26,5503,PROD22
ORD05543,CUST3706,C007,CAM028,2026-05-04,9905,PROD41
ORD05544,CUST3707,C018,CAM004,2026-05-20,3449,PROD37
ORD05545,CUST3708,C011,CAM009,2026-04-14,2693,PROD26
ORD05546,CUST3709,C017,CAM029,2026-02-25,4681,PROD08
ORD05547,CUST3709,C017,CAM029,2026-04-03,694,PROD35
ORD05548,CUST3710,C013,CAM019,2026-05-24,2639,PROD01
ORD05549,CUST3710,C013,CAM019,2026-06-14,2525,PROD36
ORD05550,CUST3711,C009,CAM034,2026-05-15,1508,PROD44
ORD05551,CUST3712,C010,CAM038,2026-03-08,2999,PROD21
ORD05552,CUST3713,C013,CAM019,2026-05-19,426,PROD26
ORD05553,CUST3714,C011,CAM001,2026-03-09,1641,PROD23
ORD05554,CUST3714,C011,CAM001,2026-04-30,3124,PROD27
ORD05555,CUST3715,C004,CAM020,2026-02-09,2433,PROD42
ORD05556,CUST3715,C004,CAM020,2026-03-15,2121,PROD10
ORD05557,CUST3716,C005,CAM021,2026-06-15,3423,PROD13
ORD05558,CUST3717,C017,CAM029,2026-01-30,3114,PROD33
ORD05559,CUST3718,C010,CAM012,2026-01-22,4431,PROD05
ORD05560,CUST3719,C010,CAM038,2026-03-07,1110,PROD26
ORD05561,CUST3720,C005,CAM022,2026-06-05,6597,PROD07
ORD05562,CUST3721,C013,CAM023,2026-04-06,1808,PROD02
ORD05563,CUST3721,C013,CAM023,2026-04-29,2187,PROD08
ORD05564,CUST3722,C007,CAM036,2026-01-06,5053,PROD44
ORD05565,CUST3723,C004,CAM040,2026-01-20,2111,PROD08
ORD05566,CUST3723,C004,CAM040,2026-02-21,7555,PROD23
ORD05567,CUST3724,C007,CAM036,2026-01-13,3845,PROD39
ORD05568,CUST3724,C007,CAM036,2026-02-06,1210,PROD22
ORD05569,CUST3725,C003,CAM011,2026-03-06,6855,PROD28
ORD05570,CUST3726,C007,CAM036,2026-01-19,1694,PROD41
ORD05571,CUST3727,C007,CAM036,2026-01-19,3450,PROD32
ORD05572,CUST3727,C007,CAM036,2026-01-26,695,PROD32
ORD05573,CUST3728,C008,CAM033,2026-02-08,2519,PROD45
ORD05574,CUST3728,C008,CAM033,2026-03-15,890,PROD25
ORD05575,CUST3729,C020,CAM026,2026-05-06,5800,PROD28
ORD05576,CUST3730,C018,CAM018,2026-06-13,4093,PROD23
ORD05577,CUST3731,C012,CAM024,2026-05-14,6301,PROD25
ORD05578,CUST3732,C003,CAM011,2026-03-10,4579,PROD06
ORD05579,CUST3733,C012,CAM024,2026-05-11,3627,PROD06
ORD05580,CUST3734,C010,CAM038,2026-03-04,4020,PROD48
ORD05581,CUST3735,C009,CAM034,2026-05-17,3447,PROD31
ORD05582,CUST3736,C011,CAM015,2026-05-28,5599,PROD50
ORD05583,CUST3736,C011,CAM015,2026-07-17,4349,PROD29
ORD05584,CUST3736,C011,CAM015,2026-08-04,6197,PROD40
ORD05585,CUST3736,C011,CAM015,2026-09-04,7799,PROD07
ORD05586,CUST3737,C005,CAM022,2026-06-03,678,PROD44
ORD05587,CUST3738,C008,CAM033,2026-01-28,2754,PROD29
ORD05588,CUST3739,C011,CAM003,2026-03-17,2605,PROD18
ORD05589,CUST3739,C011,CAM003,2026-05-05,3281,PROD37
ORD05590,CUST3740,C011,CAM015,2026-06-04,636,PROD42
ORD05591,CUST3741,C004,CAM020,2026-02-07,7508,PROD08
ORD05592,CUST3741,C004,CAM020,2026-03-28,2110,PROD34
ORD05593,CUST3741,C004,CAM020,2026-05-03,3823,PROD12
ORD05594,CUST3741,C004,CAM020,2026-06-05,5158,PROD19
ORD05595,CUST3742,C009,CAM035,2026-04-08,4086,PROD39
ORD05596,CUST3742,C009,CAM035,2026-05-04,15000,PROD28
ORD05597,CUST3743,C005,CAM021,2026-06-14,1689,PROD05
ORD05598,CUST3743,C005,CAM021,2026-07-01,1496,PROD31
ORD05599,CUST3743,C005,CAM021,2026-08-06,2654,PROD16
ORD05600,CUST3743,C005,CAM021,2026-08-11,2516,PROD25
ORD05601,CUST3743,C005,CAM021,2026-10-04,2265,PROD48
ORD05602,CUST3744,C013,CAM019,2026-05-13,10170,PROD03
ORD05603,CUST3745,C002,CAM002,2026-04-10,750,PROD44
ORD05604,CUST3745,C002,CAM002,2026-05-22,5682,PROD32
ORD05605,CUST3746,C013,CAM006,2026-04-25,5619,PROD45
ORD05606,CUST3747,C005,CAM021,2026-05-27,1330,PROD09
ORD05607,CUST3747,C005,CAM021,2026-07-18,3281,PROD39
ORD05608,CUST3747,C005,CAM021,2026-08-28,9652,PROD02
ORD05609,CUST3747,C005,CAM021,2026-09-30,839,PROD32
ORD05610,CUST3748,C006,CAM008,2026-03-22,3715,PROD34
ORD05611,CUST3748,C006,CAM008,2026-05-10,8752,PROD24
ORD05612,CUST3748,C006,CAM008,2026-06-24,2727,PROD35
ORD05613,CUST3749,C007,CAM036,2026-01-14,3356,PROD18
ORD05614,CUST3750,C014,CAM014,2026-05-16,314,PROD05
ORD05615,CUST3751,C009,CAM030,2026-03-30,3941,PROD43
ORD05616,CUST3751,C009,CAM030,2026-04-26,7168,PROD31
ORD05617,CUST3751,C009,CAM030,2026-05-26,2057,PROD33
ORD05618,CUST3751,C009,CAM030,2026-06-15,5768,PROD09
ORD05619,CUST3752,C018,CAM004,2026-05-18,754,PROD37
ORD05620,CUST3752,C018,CAM004,2026-06-03,5031,PROD43
ORD05621,CUST3753,C007,CAM036,2026-01-15,882,PROD35
ORD05622,CUST3754,C010,CAM038,2026-03-11,3546,PROD05
ORD05623,CUST3755,C009,CAM035,2026-04-16,2171,PROD27
ORD05624,CUST3755,C009,CAM035,2026-04-28,309,PROD36
ORD05625,CUST3756,C013,CAM023,2026-04-06,8796,PROD20
ORD05626,CUST3757,C011,CAM015,2026-06-03,1245,PROD01
ORD05627,CUST3758,C002,CAM027,2026-04-09,1720,PROD01
ORD05628,CUST3759,C018,CAM018,2026-06-11,1825,PROD38
ORD05629,CUST3760,C024,CAM013,2026-05-17,3356,PROD09
ORD05630,CUST3760,C024,CAM013,2026-06-11,1853,PROD16
ORD05631,CUST3761,C010,CAM038,2026-03-10,8379,PROD13
ORD05632,CUST3762,C005,CAM021,2026-06-08,5125,PROD14
ORD05633,CUST3763,C011,CAM003,2026-03-11,1480,PROD41
ORD05634,CUST3764,C020,CAM026,2026-05-06,1420,PROD05
ORD05635,CUST3765,C023,CAM010,2026-04-14,8379,PROD33
ORD05636,CUST3765,C023,CAM010,2026-04-28,4683,PROD49
ORD05637,CUST3766,C013,CAM006,2026-04-18,4784,PROD05
ORD05638,CUST3767,C018,CAM017,2026-04-18,1263,PROD49
ORD05639,CUST3767,C018,CAM017,2026-05-19,3884,PROD41
ORD05640,CUST3768,C018,CAM016,2026-01-18,3916,PROD27
ORD05641,CUST3769,C018,CAM039,2026-01-27,1096,PROD21
ORD05642,CUST3769,C018,CAM039,2026-03-22,3188,PROD26
ORD05643,CUST3770,C018,CAM017,2026-04-19,5059,PROD24
ORD05644,CUST3771,C018,CAM031,2026-02-24,11180,PROD15
ORD05645,CUST3772,C008,CAM033,2026-02-01,1992,PROD33
ORD05646,CUST3773,C004,CAM020,2026-02-11,2015,PROD34
ORD05647,CUST3773,C004,CAM020,2026-03-06,5446,PROD32
ORD05648,CUST3773,C004,CAM020,2026-04-29,3801,PROD05
ORD05649,CUST3774,C013,CAM032,2026-03-28,4798,PROD05
ORD05650,CUST3774,C013,CAM032,2026-05-07,12239,PROD06
ORD05651,CUST3774,C013,CAM032,2026-06-26,2730,PROD50
ORD05652,CUST3774,C013,CAM032,2026-07-10,4963,PROD50
ORD05653,CUST3775,C012,CAM024,2026-05-07,1654,PROD26
ORD05654,CUST3776,C009,CAM035,2026-04-13,2517,PROD22
ORD05655,CUST3777,C006,CAM008,2026-03-24,5186,PROD20
ORD05656,CUST3778,C020,CAM026,2026-05-04,2719,PROD25
ORD05657,CUST3779,C014,CAM014,2026-05-17,2416,PROD44
ORD05658,CUST3780,C013,CAM032,2026-03-28,7379,PROD37
ORD05659,CUST3781,C004,CAM020,2026-02-21,4967,PROD45
ORD05660,CUST3782,C013,CAM023,2026-04-08,5394,PROD40
ORD05661,CUST3783,C011,CAM009,2026-04-10,608,PROD18
ORD05662,CUST3783,C011,CAM009,2026-05-02,2160,PROD19
ORD05663,CUST3783,C011,CAM009,2026-06-14,3050,PROD33
ORD05664,CUST3784,C007,CAM036,2026-01-11,2254,PROD21
ORD05665,CUST3785,C008,CAM033,2026-02-15,3872,PROD20
ORD05666,CUST3786,C011,CAM001,2026-03-07,1689,PROD27
ORD05667,CUST3787,C011,CAM015,2026-05-27,1366,PROD43
ORD05668,CUST3788,C007,CAM028,2026-03-12,1568,PROD09
ORD05669,CUST3789,C011,CAM009,2026-04-17,4926,PROD44
ORD05670,CUST3789,C011,CAM009,2026-05-15,3216,PROD46
ORD05671,CUST3789,C011,CAM009,2026-06-23,2320,PROD36
ORD05672,CUST3789,C011,CAM009,2026-07-18,5914,PROD14
ORD05673,CUST3789,C011,CAM009,2026-09-12,5801,PROD30
ORD05674,CUST3789,C011,CAM009,2026-10-24,838,PROD34
ORD05675,CUST3790,C024,CAM013,2026-05-20,2731,PROD19
ORD05676,CUST3791,C013,CAM023,2026-04-06,3069,PROD41
ORD05677,CUST3792,C007,CAM037,2026-01-10,4327,PROD42
ORD05678,CUST3792,C007,CAM037,2026-03-07,1208,PROD32
ORD05679,CUST3792,C007,CAM037,2026-04-04,4670,PROD16
ORD05680,CUST3793,C023,CAM010,2026-04-11,4282,PROD37
ORD05681,CUST3794,C011,CAM003,2026-03-17,6955,PROD17
ORD05682,CUST3795,C012,CAM024,2026-05-08,2076,PROD25
ORD05683,CUST3796,C008,CAM007,2026-01-26,3639,PROD01
ORD05684,CUST3797,C011,CAM001,2026-03-03,3965,PROD17
ORD05685,CUST3798,C011,CAM001,2026-03-11,1602,PROD36
ORD05686,CUST3799,C004,CAM020,2026-02-14,1816,PROD27
ORD05687,CUST3800,C008,CAM033,2026-02-05,7694,PROD28
ORD05688,CUST3800,C008,CAM033,2026-03-22,4947,PROD32
ORD05689,CUST3801,C011,CAM003,2026-03-10,1257,PROD25
ORD05690,CUST3802,C012,CAM024,2026-05-08,1168,PROD08
ORD05691,CUST3802,C012,CAM024,2026-06-05,4544,PROD49
ORD05692,CUST3802,C012,CAM024,2026-07-31,6761,PROD04
ORD05693,CUST3803,C012,CAM024,2026-05-08,8762,PROD36
ORD05694,CUST3804,C012,CAM024,2026-05-11,4191,PROD07
ORD05695,CUST3804,C012,CAM024,2026-07-02,5364,PROD44
ORD05696,CUST3805,C002,CAM002,2026-04-11,2401,PROD43
ORD05697,CUST3805,C002,CAM002,2026-05-22,4155,PROD04
ORD05698,CUST3806,C018,CAM039,2026-01-22,3965,PROD40
ORD05699,CUST3807,C006,CAM008,2026-03-20,5336,PROD16
ORD05700,CUST3807,C006,CAM008,2026-04-08,5366,PROD15
ORD05701,CUST3807,C006,CAM008,2026-05-22,1534,PROD39
ORD05702,CUST3807,C006,CAM008,2026-07-02,4632,PROD49
ORD05703,CUST3808,C009,CAM030,2026-04-06,1714,PROD16
ORD05704,CUST3809,C002,CAM027,2026-04-08,2586,PROD21
ORD05705,CUST3810,C009,CAM030,2026-04-01,4016,PROD25
ORD05706,CUST3810,C009,CAM030,2026-04-19,1438,PROD35
ORD05707,CUST3811,C003,CAM011,2026-02-23,6127,PROD06
ORD05708,CUST3812,C012,CAM024,2026-05-16,1409,PROD18
ORD05709,CUST3813,C018,CAM031,2026-02-25,2416,PROD16
ORD05710,CUST3813,C018,CAM031,2026-04-25,8873,PROD27
ORD05711,CUST3813,C018,CAM031,2026-05-14,1308,PROD16
ORD05712,CUST3814,C010,CAM038,2026-03-05,3469,PROD15
ORD05713,CUST3815,C009,CAM035,2026-04-07,4100,PROD43
ORD05714,CUST3815,C009,CAM035,2026-05-01,677,PROD28
ORD05715,CUST3815,C009,CAM035,2026-06-12,2927,PROD39
ORD05716,CUST3816,C009,CAM030,2026-04-04,1361,PROD15
ORD05717,CUST3817,C009,CAM035,2026-04-07,798,PROD29
ORD05718,CUST3818,C007,CAM028,2026-03-10,1233,PROD25
ORD05719,CUST3819,C005,CAM021,2026-06-12,2769,PROD02
ORD05720,CUST3820,C018,CAM018,2026-06-19,1863,PROD44
ORD05721,CUST3820,C018,CAM018,2026-07-25,7060,PROD28
ORD05722,CUST3820,C018,CAM018,2026-09-18,6214,PROD34
ORD05723,CUST3820,C018,CAM018,2026-10-14,2560,PROD21
ORD05724,CUST3820,C018,CAM018,2026-10-20,1729,PROD32
ORD05725,CUST3821,C018,CAM017,2026-04-25,1689,PROD39
ORD05726,CUST3822,C002,CAM002,2026-04-13,1662,PROD05
ORD05727,CUST3822,C002,CAM002,2026-05-26,8120,PROD45
ORD05728,CUST3822,C002,CAM002,2026-07-13,2795,PROD25
ORD05729,CUST3823,C005,CAM022,2026-06-11,4007,PROD21
ORD05730,CUST3823,C005,CAM022,2026-07-08,1772,PROD26
ORD05731,CUST3824,C003,CAM011,2026-03-02,4672,PROD15
ORD05732,CUST3825,C006,CAM008,2026-03-25,850,PROD02
ORD05733,CUST3826,C011,CAM003,2026-03-12,9733,PROD05
ORD05734,CUST3827,C013,CAM032,2026-03-31,1205,PROD25
ORD05735,CUST3828,C018,CAM004,2026-05-23,624,PROD02
ORD05736,CUST3829,C018,CAM018,2026-06-08,3557,PROD28
ORD05737,CUST3830,C017,CAM029,2026-02-12,2623,PROD15
ORD05738,CUST3830,C017,CAM029,2026-03-06,4936,PROD24
ORD05739,CUST3831,C007,CAM036,2026-01-16,1262,PROD15
ORD05740,CUST3831,C007,CAM036,2026-03-16,7353,PROD38
ORD05741,CUST3831,C007,CAM036,2026-05-01,6335,PROD34
ORD05742,CUST3832,C013,CAM019,2026-05-24,3895,PROD03
ORD05743,CUST3833,C018,CAM039,2026-01-26,1848,PROD15
ORD05744,CUST3833,C018,CAM039,2026-02-05,7206,PROD46
ORD05745,CUST3833,C018,CAM039,2026-02-20,3695,PROD06
ORD05746,CUST3833,C018,CAM039,2026-04-05,6398,PROD45
ORD05747,CUST3834,C005,CAM022,2026-05-31,2500,PROD34
ORD05748,CUST3834,C005,CAM022,2026-06-21,1045,PROD29
ORD05749,CUST3834,C005,CAM022,2026-07-05,2337,PROD19
ORD05750,CUST3835,C012,CAM024,2026-05-13,3275,PROD12
ORD05751,CUST3836,C017,CAM029,2026-02-12,2923,PROD34
ORD05752,CUST3836,C017,CAM029,2026-02-21,2910,PROD15
ORD05753,CUST3837,C008,CAM033,2026-01-30,9613,PROD37
ORD05754,CUST3838,C008,CAM033,2026-02-22,7605,PROD48
ORD05755,CUST3839,C018,CAM017,2026-04-22,7095,PROD28
ORD05756,CUST3840,C009,CAM034,2026-05-17,2271,PROD13
ORD05757,CUST3840,C009,CAM034,2026-06-29,6741,PROD46
ORD05758,CUST3841,C005,CAM021,2026-05-26,11125,PROD18
ORD05759,CUST3842,C002,CAM002,2026-04-10,644,PROD50
ORD05760,CUST3843,C005,CAM022,2026-06-16,2221,PROD47
ORD05761,CUST3844,C017,CAM029,2026-02-03,2163,PROD12
ORD05762,CUST3845,C010,CAM038,2026-03-03,2892,PROD11
ORD05763,CUST3846,C007,CAM036,2026-01-09,452,PROD02
ORD05764,CUST3847,C023,CAM005,2026-06-07,6377,PROD26
ORD05765,CUST3848,C003,CAM011,2026-02-28,282,PROD10
ORD05766,CUST3848,C003,CAM011,2026-04-28,2247,PROD09
ORD05767,CUST3848,C003,CAM011,2026-05-18,7660,PROD39
ORD05768,CUST3849,C007,CAM037,2026-01-10,4374,PROD18
ORD05769,CUST3850,C010,CAM012,2026-01-26,755,PROD46
ORD05770,CUST3851,C014,CAM014,2026-05-06,2279,PROD39
ORD05771,CUST3851,C014,CAM014,2026-06-28,3112,PROD03
ORD05772,CUST3852,C021,CAM025,2026-02-21,4389,PROD19
ORD05773,CUST3852,C021,CAM025,2026-03-27,3261,PROD34
ORD05774,CUST3853,C002,CAM027,2026-04-23,4424,PROD26
ORD05775,CUST3854,C018,CAM031,2026-02-27,2537,PROD34
ORD05776,CUST3855,C023,CAM010,2026-04-14,5661,PROD23
ORD05777,CUST3856,C008,CAM007,2026-01-24,2303,PROD34
ORD05778,CUST3857,C018,CAM016,2026-01-17,5368,PROD32
ORD05779,CUST3858,C002,CAM002,2026-04-08,6744,PROD39
ORD05780,CUST3858,C002,CAM002,2026-05-06,1806,PROD20
ORD05781,CUST3858,C002,CAM002,2026-05-18,1739,PROD39
ORD05782,CUST3859,C018,CAM016,2026-01-21,1889,PROD24
ORD05783,CUST3860,C014,CAM014,2026-05-09,2680,PROD49
ORD05784,CUST3861,C004,CAM020,2026-02-12,1001,PROD41
ORD05785,CUST3862,C003,CAM011,2026-02-27,1715,PROD38
ORD05786,CUST3863,C002,CAM002,2026-04-10,2732,PROD20
ORD05787,CUST3864,C007,CAM037,2026-01-08,9298,PROD15
ORD05788,CUST3864,C007,CAM037,2026-02-10,2396,PROD17
ORD05789,CUST3864,C007,CAM037,2026-03-18,2644,PROD26
ORD05790,CUST3864,C007,CAM037,2026-04-21,1844,PROD46
ORD05791,CUST3865,C024,CAM013,2026-05-28,5649,PROD30
ORD05792,CUST3866,C018,CAM004,2026-05-24,4264,PROD16
ORD05793,CUST3867,C009,CAM035,2026-04-16,6889,PROD19
ORD05794,CUST3868,C017,CAM029,2026-01-31,2235,PROD25
ORD05795,CUST3868,C017,CAM029,2026-03-18,2038,PROD28
ORD05796,CUST3869,C021,CAM025,2026-02-28,1295,PROD33
ORD05797,CUST3869,C021,CAM025,2026-04-09,2061,PROD31
ORD05798,CUST3869,C021,CAM025,2026-04-16,4796,PROD31
ORD05799,CUST3870,C013,CAM032,2026-03-20,1357,PROD20
ORD05800,CUST3871,C018,CAM039,2026-01-23,6901,PROD07
ORD05801,CUST3871,C018,CAM039,2026-02-06,8807,PROD48
ORD05802,CUST3871,C018,CAM039,2026-03-28,5151,PROD36
ORD05803,CUST3871,C018,CAM039,2026-04-19,2958,PROD04
ORD05804,CUST3872,C002,CAM027,2026-04-24,2659,PROD34
ORD05805,CUST3872,C002,CAM027,2026-05-22,2319,PROD02
ORD05806,CUST3873,C004,CAM040,2026-01-30,1256,PROD40
ORD05807,CUST3874,C018,CAM018,2026-06-06,5886,PROD19
ORD05808,CUST3875,C011,CAM003,2026-03-09,5751,PROD38
ORD05809,CUST3876,C024,CAM013,2026-06-14,3299,PROD32
ORD05810,CUST3877,C009,CAM035,2026-04-18,987,PROD43
ORD05811,CUST3878,C007,CAM037,2026-01-13,1873,PROD37
ORD05812,CUST3879,C002,CAM027,2026-04-10,6394,PROD10
ORD05813,CUST3880,C020,CAM026,2026-05-01,6959,PROD46
ORD05814,CUST3881,C007,CAM037,2026-01-15,6857,PROD10
ORD05815,CUST3881,C007,CAM037,2026-03-09,7766,PROD13
ORD05816,CUST3882,C009,CAM034,2026-05-29,2985,PROD26
ORD05817,CUST3883,C018,CAM031,2026-02-11,1381,PROD01
ORD05818,CUST3883,C018,CAM031,2026-02-24,1188,PROD13
ORD05819,CUST3884,C023,CAM005,2026-05-28,2487,PROD10
ORD05820,CUST3884,C023,CAM005,2026-06-29,1265,PROD36
ORD05821,CUST3884,C023,CAM005,2026-08-09,2855,PROD17
ORD05822,CUST3885,C024,CAM013,2026-05-17,3027,PROD11
ORD05823,CUST3886,C003,CAM011,2026-02-24,3979,PROD31
ORD05824,CUST3887,C023,CAM010,2026-04-05,1345,PROD11
ORD05825,CUST3887,C023,CAM010,2026-05-23,3559,PROD32
ORD05826,CUST3888,C018,CAM016,2026-01-16,3078,PROD22
ORD05827,CUST3889,C021,CAM025,2026-03-04,7583,PROD31
ORD05828,CUST3890,C009,CAM034,2026-05-28,6364,PROD48
ORD05829,CUST3891,C005,CAM021,2026-06-13,3179,PROD34
ORD05830,CUST3892,C008,CAM033,2026-02-18,1679,PROD46
ORD05831,CUST3893,C011,CAM015,2026-05-31,3999,PROD39
ORD05832,CUST3894,C013,CAM006,2026-04-10,2488,PROD02
ORD05833,CUST3895,C023,CAM005,2026-06-06,6166,PROD33
ORD05834,CUST3895,C023,CAM005,2026-06-30,3924,PROD32
ORD05835,CUST3896,C007,CAM028,2026-03-18,6463,PROD38
ORD05836,CUST3896,C007,CAM028,2026-04-11,2448,PROD17
ORD05837,CUST3897,C009,CAM034,2026-06-05,2521,PROD15
ORD05838,CUST3897,C009,CAM034,2026-08-03,2452,PROD15
ORD05839,CUST3898,C013,CAM006,2026-04-17,4594,PROD07
ORD05840,CUST3899,C004,CAM040,2026-02-04,456,PROD27
ORD05841,CUST3900,C018,CAM017,2026-04-25,980,PROD22
ORD05842,CUST3901,C008,CAM007,2026-01-19,11952,PROD40
ORD05843,CUST3901,C008,CAM007,2026-02-23,234,PROD43
ORD05844,CUST3902,C018,CAM004,2026-05-23,338,PROD04
ORD05845,CUST3903,C011,CAM001,2026-03-09,4953,PROD10
ORD05846,CUST3904,C011,CAM015,2026-05-30,3450,PROD22
ORD05847,CUST3905,C018,CAM004,2026-05-19,9303,PROD32
ORD05848,CUST3905,C018,CAM004,2026-06-24,5662,PROD26
ORD05849,CUST3906,C013,CAM023,2026-04-06,3774,PROD16
ORD05850,CUST3907,C013,CAM032,2026-03-16,3886,PROD11
ORD05851,CUST3908,C010,CAM038,2026-03-05,1449,PROD38
ORD05852,CUST3909,C023,CAM005,2026-05-24,2855,PROD06
ORD05853,CUST3909,C023,CAM005,2026-07-18,4517,PROD48
ORD05854,CUST3909,C023,CAM005,2026-07-23,2673,PROD10
ORD05855,CUST3910,C018,CAM031,2026-02-23,933,PROD06
ORD05856,CUST3911,C009,CAM034,2026-06-04,10528,PROD10
ORD05857,CUST3912,C007,CAM036,2026-01-01,3432,PROD03
ORD05858,CUST3913,C018,CAM017,2026-04-22,2898,PROD24
ORD05859,CUST3914,C013,CAM032,2026-03-30,7529,PROD45
ORD05860,CUST3915,C011,CAM009,2026-04-10,1698,PROD20
ORD05861,CUST3915,C011,CAM009,2026-05-06,4280,PROD07
ORD05862,CUST3915,C011,CAM009,2026-05-13,2782,PROD38
ORD05863,CUST3916,C011,CAM001,2026-02-26,1343,PROD13
ORD05864,CUST3917,C007,CAM036,2026-01-06,543,PROD32
ORD05865,CUST3918,C009,CAM030,2026-04-02,1443,PROD40
ORD05866,CUST3919,C013,CAM006,2026-04-19,713,PROD40
ORD05867,CUST3919,C013,CAM006,2026-05-12,6849,PROD09
ORD05868,CUST3920,C009,CAM034,2026-05-24,8637,PROD17
ORD05869,CUST3921,C013,CAM023,2026-04-13,3584,PROD33
ORD05870,CUST3922,C024,CAM013,2026-06-01,3416,PROD45
ORD05871,CUST3923,C018,CAM004,2026-05-18,2484,PROD22
ORD05872,CUST3924,C008,CAM033,2026-02-02,6431,PROD29
ORD05873,CUST3925,C017,CAM029,2026-02-15,2499,PROD42
ORD05874,CUST3925,C017,CAM029,2026-04-06,3789,PROD26
ORD05875,CUST3926,C010,CAM038,2026-03-06,1241,PROD20
ORD05876,CUST3927,C010,CAM012,2026-01-29,2479,PROD30
ORD05877,CUST3928,C018,CAM017,2026-04-17,2799,PROD04
ORD05878,CUST3928,C018,CAM017,2026-05-29,991,PROD08
ORD05879,CUST3929,C005,CAM022,2026-06-02,2268,PROD09
ORD05880,CUST3930,C011,CAM015,2026-06-03,1087,PROD50
ORD05881,CUST3930,C011,CAM015,2026-06-29,3246,PROD45
ORD05882,CUST3931,C003,CAM011,2026-03-13,1895,PROD31
ORD05883,CUST3932,C014,CAM014,2026-05-12,6297,PROD42
ORD05884,CUST3932,C014,CAM014,2026-06-28,2617,PROD43
ORD05885,CUST3933,C018,CAM039,2026-01-30,1871,PROD46
ORD05886,CUST3934,C002,CAM027,2026-04-23,3985,PROD24
ORD05887,CUST3935,C013,CAM032,2026-03-21,5297,PROD05
ORD05888,CUST3936,C023,CAM010,2026-04-04,5639,PROD17
ORD05889,CUST3937,C003,CAM011,2026-02-28,2008,PROD30
ORD05890,CUST3938,C004,CAM040,2026-01-30,12755,PROD21
ORD05891,CUST3939,C011,CAM003,2026-03-11,9552,PROD48
ORD05892,CUST3940,C012,CAM024,2026-05-13,5448,PROD49
ORD05893,CUST3941,C004,CAM020,2026-02-11,4950,PROD11
ORD05894,CUST3941,C004,CAM020,2026-03-04,13631,PROD27
ORD05895,CUST3941,C004,CAM020,2026-03-14,2049,PROD32
ORD05896,CUST3941,C004,CAM020,2026-04-09,1898,PROD10
ORD05897,CUST3942,C004,CAM020,2026-02-10,2220,PROD39
ORD05898,CUST3942,C004,CAM020,2026-03-18,1994,PROD18
ORD05899,CUST3943,C005,CAM022,2026-06-04,3671,PROD50
ORD05900,CUST3944,C023,CAM010,2026-04-14,1612,PROD22
ORD05901,CUST3944,C023,CAM010,2026-06-09,12145,PROD40
ORD05902,CUST3945,C008,CAM007,2026-01-23,3306,PROD31
ORD05903,CUST3945,C008,CAM007,2026-03-18,5851,PROD33
ORD05904,CUST3945,C008,CAM007,2026-04-04,933,PROD14
ORD05905,CUST3945,C008,CAM007,2026-04-18,3843,PROD22
ORD05906,CUST3946,C005,CAM021,2026-06-14,7423,PROD48
ORD05907,CUST3947,C005,CAM022,2026-06-07,3499,PROD34
ORD05908,CUST3948,C020,CAM026,2026-05-08,9942,PROD13
ORD05909,CUST3949,C021,CAM025,2026-03-05,2838,PROD03
ORD05910,CUST3950,C008,CAM033,2026-02-20,9053,PROD19
ORD05911,CUST3951,C002,CAM027,2026-05-02,7825,PROD19
ORD05912,CUST3952,C002,CAM027,2026-04-08,391,PROD41
ORD05913,CUST3953,C002,CAM002,2026-04-09,6213,PROD27
ORD05914,CUST3954,C023,CAM010,2026-04-13,4350,PROD21
ORD05915,CUST3955,C002,CAM027,2026-04-26,2711,PROD17
ORD05916,CUST3955,C002,CAM027,2026-05-20,1526,PROD42
ORD05917,CUST3956,C011,CAM003,2026-03-09,6416,PROD43
ORD05918,CUST3957,C009,CAM034,2026-05-18,2561,PROD01
ORD05919,CUST3958,C009,CAM030,2026-04-01,4711,PROD29
ORD05920,CUST3958,C009,CAM030,2026-04-21,419,PROD26
ORD05921,CUST3958,C009,CAM030,2026-04-26,3263,PROD28
ORD05922,CUST3958,C009,CAM030,2026-05-04,5268,PROD05
ORD05923,CUST3959,C008,CAM007,2026-01-22,9742,PROD35
ORD05924,CUST3960,C009,CAM030,2026-03-29,6123,PROD47
ORD05925,CUST3961,C024,CAM013,2026-06-10,1497,PROD20
ORD05926,CUST3962,C023,CAM010,2026-04-13,2056,PROD32
ORD05927,CUST3963,C013,CAM032,2026-03-15,763,PROD36
ORD05928,CUST3964,C009,CAM034,2026-06-03,10085,PROD16
ORD05929,CUST3964,C009,CAM034,2026-07-02,411,PROD36
ORD05930,CUST3964,C009,CAM034,2026-08-22,12992,PROD22
ORD05931,CUST3965,C008,CAM007,2026-01-26,9552,PROD01
ORD05932,CUST3966,C007,CAM028,2026-03-19,3693,PROD42
ORD05933,CUST3966,C007,CAM028,2026-04-08,1300,PROD31
ORD05934,CUST3966,C007,CAM028,2026-04-14,3979,PROD07
ORD05935,CUST3966,C007,CAM028,2026-04-27,7020,PROD48
ORD05936,CUST3967,C011,CAM003,2026-03-13,1599,PROD19
ORD05937,CUST3967,C011,CAM003,2026-04-29,3574,PROD17
ORD05938,CUST3968,C023,CAM010,2026-04-06,3147,PROD14
ORD05939,CUST3969,C005,CAM021,2026-05-29,3982,PROD49
ORD05940,CUST3970,C009,CAM030,2026-04-02,3027,PROD45
ORD05941,CUST3971,C006,CAM008,2026-03-17,4363,PROD10
ORD05942,CUST3971,C006,CAM008,2026-05-16,2165,PROD08
ORD05943,CUST3971,C006,CAM008,2026-07-14,4389,PROD01
ORD05944,CUST3971,C006,CAM008,2026-08-03,10842,PROD05
ORD05945,CUST3971,C006,CAM008,2026-09-26,1734,PROD50
ORD05946,CUST3972,C011,CAM001,2026-03-05,1539,PROD08
ORD05947,CUST3973,C018,CAM039,2026-01-28,8914,PROD33
ORD05948,CUST3974,C021,CAM025,2026-03-07,2259,PROD30
ORD05949,CUST3975,C007,CAM028,2026-03-09,5066,PROD40
ORD05950,CUST3976,C007,CAM037,2026-01-06,3186,PROD06
ORD05951,CUST3977,C024,CAM013,2026-05-22,2506,PROD13
ORD05952,CUST3978,C005,CAM022,2026-06-07,2751,PROD40
ORD05953,CUST3979,C005,CAM021,2026-06-17,5531,PROD05
ORD05954,CUST3979,C005,CAM021,2026-07-02,3626,PROD10
ORD05955,CUST3980,C013,CAM019,2026-05-13,3681,PROD45
ORD05956,CUST3981,C008,CAM007,2026-01-21,2633,PROD49
ORD05957,CUST3982,C011,CAM001,2026-03-08,3439,PROD25
ORD05958,CUST3982,C011,CAM001,2026-05-02,352,PROD49
ORD05959,CUST3982,C011,CAM001,2026-06-03,1816,PROD07
ORD05960,CUST3983,C023,CAM010,2026-04-12,2138,PROD26
ORD05961,CUST3984,C009,CAM035,2026-04-08,3286,PROD41
ORD05962,CUST3984,C009,CAM035,2026-05-13,485,PROD50
ORD05963,CUST3985,C005,CAM021,2026-06-16,4231,PROD48
ORD05964,CUST3986,C009,CAM030,2026-04-08,4992,PROD50
ORD05965,CUST3987,C018,CAM017,2026-04-27,6426,PROD42
ORD05966,CUST3988,C007,CAM028,2026-03-12,4561,PROD03
ORD05967,CUST3989,C013,CAM032,2026-03-15,2295,PROD23
ORD05968,CUST3989,C013,CAM032,2026-03-21,8686,PROD43
ORD05969,CUST3989,C013,CAM032,2026-04-18,3682,PROD42
ORD05970,CUST3990,C009,CAM035,2026-04-12,4573,PROD01
ORD05971,CUST3991,C002,CAM002,2026-04-15,8493,PROD07
ORD05972,CUST3991,C002,CAM002,2026-05-28,1038,PROD34
ORD05973,CUST3991,C002,CAM002,2026-07-07,3612,PROD50
ORD05974,CUST3991,C002,CAM002,2026-07-19,3099,PROD38
ORD05975,CUST3992,C011,CAM003,2026-03-16,5545,PROD36
ORD05976,CUST3993,C011,CAM009,2026-04-18,909,PROD03
ORD05977,CUST3993,C011,CAM009,2026-06-12,3937,PROD41
ORD05978,CUST3993,C011,CAM009,2026-07-07,12392,PROD16
ORD05979,CUST3993,C011,CAM009,2026-07-31,2679,PROD35
ORD05980,CUST3993,C011,CAM009,2026-09-26,6241,PROD28
ORD05981,CUST3994,C018,CAM004,2026-05-18,7908,PROD04
ORD05982,CUST3995,C013,CAM006,2026-04-24,2620,PROD09
ORD05983,CUST3996,C011,CAM009,2026-04-16,6436,PROD10
ORD05984,CUST3997,C010,CAM012,2026-01-29,943,PROD05
ORD05985,CUST3998,C024,CAM013,2026-05-28,1964,PROD20
ORD05986,CUST3998,C024,CAM013,2026-07-19,6204,PROD20
ORD05987,CUST3998,C024,CAM013,2026-08-19,3780,PROD02
ORD05988,CUST3999,C018,CAM016,2026-01-19,937,PROD46
ORD05989,CUST4000,C011,CAM015,2026-06-05,2509,PROD34
ORD05990,CUST4000,C011,CAM015,2026-07-18,5044,PROD39
ORD05991,CUST4000,C011,CAM015,2026-09-15,3146,PROD07
ORD05992,CUST4001,C009,CAM035,2026-04-07,1346,PROD17
ORD05993,CUST4001,C009,CAM035,2026-05-31,6873,PROD22
ORD05994,CUST4001,C009,CAM035,2026-06-25,3215,PROD08
ORD05995,CUST4002,C013,CAM019,2026-05-26,11792,PROD06
ORD05996,CUST4003,C018,CAM016,2026-01-15,763,PROD49
ORD05997,CUST4003,C018,CAM016,2026-02-24,2566,PROD49
ORD05998,CUST4003,C018,CAM016,2026-04-04,6637,PROD06
ORD05999,CUST4004,C008,CAM007,2026-01-26,9036,PROD45
ORD06000,CUST4005,C011,CAM003,2026-03-13,1807,PROD43
ORD06001,CUST4006,C021,CAM025,2026-02-12,3050,PROD49
ORD06002,CUST4007,C004,CAM020,2026-02-15,3835,PROD27
ORD06003,CUST4008,C017,CAM029,2026-02-20,6726,PROD48
ORD06004,CUST4008,C017,CAM029,2026-02-28,5335,PROD09
ORD06005,CUST4009,C010,CAM038,2026-03-04,6536,PROD38
ORD06006,CUST4010,C018,CAM031,2026-02-13,10638,PROD03
ORD06007,CUST4011,C004,CAM020,2026-02-17,1909,PROD07
ORD06008,CUST4012,C011,CAM015,2026-05-25,7891,PROD36
ORD06009,CUST4013,C024,CAM013,2026-05-24,928,PROD11
ORD06010,CUST4013,C024,CAM013,2026-06-09,3483,PROD42
ORD06011,CUST4014,C011,CAM001,2026-02-28,6580,PROD02
ORD06012,CUST4015,C007,CAM028,2026-03-12,9111,PROD09
ORD06013,CUST4016,C018,CAM018,2026-06-18,3126,PROD44
ORD06014,CUST4017,C023,CAM010,2026-04-07,3867,PROD01
ORD06015,CUST4018,C024,CAM013,2026-06-02,1611,PROD37
ORD06016,CUST4019,C013,CAM032,2026-04-01,5173,PROD13
ORD06017,CUST4020,C005,CAM021,2026-06-10,2107,PROD28
ORD06018,CUST4020,C005,CAM021,2026-06-28,2876,PROD40
ORD06019,CUST4021,C009,CAM035,2026-04-12,4357,PROD34
ORD06020,CUST4021,C009,CAM035,2026-05-05,3170,PROD23
ORD06021,CUST4022,C018,CAM031,2026-02-22,3229,PROD27
ORD06022,CUST4023,C023,CAM005,2026-05-31,2092,PROD40
ORD06023,CUST4023,C023,CAM005,2026-07-29,9218,PROD08
ORD06024,CUST4023,C023,CAM005,2026-09-17,1709,PROD27
ORD06025,CUST4024,C013,CAM006,2026-04-23,4179,PROD01
ORD06026,CUST4025,C002,CAM002,2026-04-14,983,PROD48
ORD06027,CUST4026,C008,CAM033,2026-02-19,3592,PROD12
ORD06028,CUST4026,C008,CAM033,2026-04-17,579,PROD42
ORD06029,CUST4026,C008,CAM033,2026-05-29,4094,PROD08
ORD06030,CUST4026,C008,CAM033,2026-07-15,4664,PROD16
ORD06031,CUST4026,C008,CAM033,2026-07-28,7181,PROD46
ORD06032,CUST4027,C021,CAM025,2026-02-16,2120,PROD48
ORD06033,CUST4028,C007,CAM037,2026-01-06,3685,PROD09
ORD06034,CUST4029,C020,CAM026,2026-04-27,872,PROD37
ORD06035,CUST4030,C007,CAM037,2026-01-15,1408,PROD08
ORD06036,CUST4030,C007,CAM037,2026-03-14,1870,PROD45
ORD06037,CUST4031,C013,CAM032,2026-03-22,6298,PROD14
ORD06038,CUST4031,C013,CAM032,2026-04-24,2517,PROD10
ORD06039,CUST4032,C004,CAM040,2026-02-10,737,PROD08
ORD06040,CUST4033,C004,CAM040,2026-01-29,3644,PROD27
ORD06041,CUST4034,C013,CAM032,2026-03-30,1692,PROD18
ORD06042,CUST4035,C018,CAM004,2026-05-28,6166,PROD41
ORD06043,CUST4035,C018,CAM004,2026-06-11,4165,PROD14
ORD06044,CUST4035,C018,CAM004,2026-07-10,5537,PROD23
ORD06045,CUST4036,C005,CAM022,2026-06-06,1595,PROD18
ORD06046,CUST4037,C005,CAM021,2026-05-25,3316,PROD28
ORD06047,CUST4037,C005,CAM021,2026-06-28,7225,PROD11
ORD06048,CUST4037,C005,CAM021,2026-07-06,2871,PROD04
ORD06049,CUST4037,C005,CAM021,2026-08-27,6627,PROD30
ORD06050,CUST4037,C005,CAM021,2026-10-04,5124,PROD19
ORD06051,CUST4038,C014,CAM014,2026-05-12,2145,PROD19
ORD06052,CUST4038,C014,CAM014,2026-05-26,3038,PROD19
ORD06053,CUST4038,C014,CAM014,2026-06-17,2275,PROD12
ORD06054,CUST4038,C014,CAM014,2026-07-19,3806,PROD50
ORD06055,CUST4038,C014,CAM014,2026-07-24,1381,PROD31
ORD06056,CUST4039,C007,CAM036,2026-01-25,798,PROD38
ORD06057,CUST4040,C009,CAM030,2026-04-03,2160,PROD15
ORD06058,CUST4040,C009,CAM030,2026-05-06,554,PROD13
ORD06059,CUST4040,C009,CAM030,2026-06-24,2941,PROD18
ORD06060,CUST4040,C009,CAM030,2026-08-21,2336,PROD31
ORD06061,CUST4041,C005,CAM022,2026-06-07,4704,PROD15
ORD06062,CUST4041,C005,CAM022,2026-07-10,5050,PROD09
ORD06063,CUST4041,C005,CAM022,2026-07-16,686,PROD50
ORD06064,CUST4042,C023,CAM005,2026-06-06,2062,PROD36
ORD06065,CUST4042,C023,CAM005,2026-07-13,2557,PROD42
ORD06066,CUST4042,C023,CAM005,2026-07-27,3042,PROD08
ORD06067,CUST4043,C018,CAM017,2026-04-24,4623,PROD45
ORD06068,CUST4044,C010,CAM012,2026-01-27,3025,PROD34
ORD06069,CUST4045,C018,CAM004,2026-05-22,2988,PROD02
ORD06070,CUST4046,C020,CAM026,2026-05-07,7879,PROD07
ORD06071,CUST4047,C024,CAM013,2026-06-14,267,PROD16
ORD06072,CUST4047,C024,CAM013,2026-08-06,4439,PROD43
ORD06073,CUST4047,C024,CAM013,2026-09-15,1006,PROD40
ORD06074,CUST4047,C024,CAM013,2026-10-26,2315,PROD34
ORD06075,CUST4048,C023,CAM010,2026-04-14,11887,PROD34
ORD06076,CUST4049,C013,CAM019,2026-05-12,4411,PROD21
ORD06077,CUST4050,C013,CAM006,2026-04-25,490,PROD27
ORD06078,CUST4051,C014,CAM014,2026-05-09,3602,PROD13
ORD06079,CUST4051,C014,CAM014,2026-05-25,1689,PROD07
ORD06080,CUST4051,C014,CAM014,2026-07-15,1067,PROD20
ORD06081,CUST4051,C014,CAM014,2026-09-04,5972,PROD49
ORD06082,CUST4052,C005,CAM021,2026-06-01,2848,PROD18
ORD06083,CUST4053,C018,CAM017,2026-04-19,2562,PROD43
ORD06084,CUST4054,C014,CAM014,2026-05-18,937,PROD23
ORD06085,CUST4055,C018,CAM031,2026-02-22,6852,PROD13
ORD06086,CUST4056,C011,CAM003,2026-03-14,3122,PROD22
ORD06087,CUST4056,C011,CAM003,2026-04-10,597,PROD31
ORD06088,CUST4056,C011,CAM003,2026-06-02,2259,PROD16
ORD06089,CUST4057,C009,CAM035,2026-04-11,1352,PROD28
ORD06090,CUST4058,C007,CAM036,2026-01-01,12967,PROD07
ORD06091,CUST4059,C013,CAM006,2026-04-07,6850,PROD03
ORD06092,CUST4060,C009,CAM030,2026-04-05,3600,PROD48
ORD06093,CUST4061,C004,CAM040,2026-01-21,2874,PROD36
ORD06094,CUST4062,C011,CAM009,2026-04-12,6269,PROD14
ORD06095,CUST4062,C011,CAM009,2026-04-30,5855,PROD24
ORD06096,CUST4063,C007,CAM028,2026-03-07,8825,PROD38
ORD06097,CUST4064,C020,CAM026,2026-04-22,3790,PROD42
ORD06098,CUST4065,C010,CAM012,2026-02-02,7755,PROD06
ORD06099,CUST4066,C012,CAM024,2026-05-10,9328,PROD06
ORD06100,CUST4067,C006,CAM008,2026-03-20,436,PROD35
ORD06101,CUST4068,C024,CAM013,2026-06-06,3992,PROD16
ORD06102,CUST4069,C021,CAM025,2026-02-24,10687,PROD35
ORD06103,CUST4070,C023,CAM005,2026-05-22,4662,PROD32
ORD06104,CUST4071,C007,CAM036,2026-01-07,3745,PROD22
ORD06105,CUST4072,C014,CAM014,2026-05-01,15000,PROD15
ORD06106,CUST4073,C017,CAM029,2026-02-07,8739,PROD45
ORD06107,CUST4073,C017,CAM029,2026-03-06,3424,PROD23
ORD06108,CUST4074,C010,CAM038,2026-03-10,1715,PROD11
ORD06109,CUST4075,C011,CAM001,2026-02-28,8794,PROD37
ORD06110,CUST4076,C010,CAM012,2026-02-09,6146,PROD12
ORD06111,CUST4077,C024,CAM013,2026-05-22,740,PROD03
ORD06112,CUST4077,C024,CAM013,2026-07-12,7585,PROD12
ORD06113,CUST4077,C024,CAM013,2026-07-29,4419,PROD14
ORD06114,CUST4078,C007,CAM037,2026-01-07,413,PROD04
ORD06115,CUST4078,C007,CAM037,2026-02-23,253,PROD29
ORD06116,CUST4079,C017,CAM029,2026-02-18,3940,PROD08
ORD06117,CUST4079,C017,CAM029,2026-04-10,3534,PROD47
ORD06118,CUST4079,C017,CAM029,2026-04-28,6553,PROD24
ORD06119,CUST4079,C017,CAM029,2026-06-12,3042,PROD49
ORD06120,CUST4080,C014,CAM014,2026-05-08,4277,PROD28
ORD06121,CUST4081,C009,CAM035,2026-04-17,12765,PROD11
ORD06122,CUST4081,C009,CAM035,2026-05-22,2907,PROD25
ORD06123,CUST4081,C009,CAM035,2026-05-27,2539,PROD11
ORD06124,CUST4081,C009,CAM035,2026-06-24,6994,PROD03
ORD06125,CUST4082,C002,CAM002,2026-04-10,3004,PROD27
ORD06126,CUST4083,C018,CAM039,2026-01-22,2308,PROD14
ORD06127,CUST4084,C002,CAM027,2026-04-12,2506,PROD28
ORD06128,CUST4085,C024,CAM013,2026-06-08,3098,PROD18
ORD06129,CUST4086,C014,CAM014,2026-05-15,1960,PROD44
ORD06130,CUST4087,C020,CAM026,2026-05-07,2538,PROD38
ORD06131,CUST4088,C013,CAM023,2026-04-17,2567,PROD39
ORD06132,CUST4089,C018,CAM039,2026-01-30,12677,PROD29
ORD06133,CUST4090,C018,CAM016,2026-01-17,2192,PROD29
ORD06134,CUST4091,C007,CAM036,2026-01-11,3448,PROD14
ORD06135,CUST4092,C007,CAM028,2026-03-30,5271,PROD13
ORD06136,CUST4093,C011,CAM001,2026-03-06,3559,PROD35
ORD06137,CUST4094,C011,CAM001,2026-02-27,9197,PROD08
ORD06138,CUST4095,C023,CAM010,2026-04-15,3444,PROD04
ORD06139,CUST4095,C023,CAM010,2026-05-04,2753,PROD48
ORD06140,CUST4096,C013,CAM032,2026-03-26,685,PROD08
ORD06141,CUST4097,C009,CAM034,2026-05-25,3504,PROD42
ORD06142,CUST4098,C004,CAM040,2026-02-09,1237,PROD09
ORD06143,CUST4099,C010,CAM038,2026-03-11,5678,PROD15
ORD06144,CUST4100,C003,CAM011,2026-02-27,1541,PROD04
ORD06145,CUST4101,C010,CAM012,2026-02-07,4580,PROD05
ORD06146,CUST4102,C009,CAM034,2026-05-27,1212,PROD22
ORD06147,CUST4103,C010,CAM038,2026-03-11,3347,PROD17
ORD06148,CUST4103,C010,CAM038,2026-04-06,7118,PROD36
ORD06149,CUST4104,C020,CAM026,2026-05-15,5264,PROD28
ORD06150,CUST4104,C020,CAM026,2026-06-20,10530,PROD14
ORD06151,CUST4104,C020,CAM026,2026-07-03,7025,PROD15
ORD06152,CUST4105,C013,CAM032,2026-03-29,2489,PROD10
ORD06153,CUST4105,C013,CAM032,2026-05-12,4310,PROD29
ORD06154,CUST4105,C013,CAM032,2026-05-21,2606,PROD28
ORD06155,CUST4106,C014,CAM014,2026-05-16,2051,PROD49
ORD06156,CUST4106,C014,CAM014,2026-06-10,4742,PROD30
ORD06157,CUST4107,C002,CAM027,2026-04-29,6628,PROD22
ORD06158,CUST4107,C002,CAM027,2026-05-05,3616,PROD03
ORD06159,CUST4107,C002,CAM027,2026-06-27,10197,PROD01
ORD06160,CUST4108,C014,CAM014,2026-04-29,990,PROD45
ORD06161,CUST4109,C018,CAM039,2026-01-21,15000,PROD11
ORD06162,CUST4109,C018,CAM039,2026-03-15,3113,PROD48
ORD06163,CUST4109,C018,CAM039,2026-05-10,2037,PROD41
ORD06164,CUST4109,C018,CAM039,2026-06-21,4781,PROD06
ORD06165,CUST4110,C005,CAM021,2026-06-15,251,PROD07
ORD06166,CUST4110,C005,CAM021,2026-07-18,4680,PROD35
ORD06167,CUST4110,C005,CAM021,2026-09-02,5540,PROD24
ORD06168,CUST4110,C005,CAM021,2026-09-10,1486,PROD41
ORD06169,CUST4110,C005,CAM021,2026-11-01,2549,PROD39
ORD06170,CUST4111,C013,CAM006,2026-04-26,2110,PROD23
ORD06171,CUST4111,C013,CAM006,2026-05-21,3543,PROD25
ORD06172,CUST4111,C013,CAM006,2026-07-08,1310,PROD08
ORD06173,CUST4112,C018,CAM031,2026-02-26,4816,PROD49
ORD06174,CUST4113,C013,CAM006,2026-04-11,1509,PROD35
ORD06175,CUST4113,C013,CAM006,2026-06-07,6408,PROD10
ORD06176,CUST4113,C013,CAM006,2026-07-20,4731,PROD43
ORD06177,CUST4113,C013,CAM006,2026-08-30,2193,PROD35
ORD06178,CUST4114,C002,CAM027,2026-04-17,4313,PROD50
ORD06179,CUST4115,C018,CAM016,2026-01-17,742,PROD49
ORD06180,CUST4115,C018,CAM016,2026-02-09,1360,PROD33
ORD06181,CUST4115,C018,CAM016,2026-03-25,1185,PROD03
ORD06182,CUST4115,C018,CAM016,2026-04-19,1930,PROD25
ORD06183,CUST4116,C013,CAM019,2026-05-09,4946,PROD30
ORD06184,CUST4117,C013,CAM019,2026-05-09,6460,PROD01
ORD06185,CUST4118,C013,CAM006,2026-04-11,2771,PROD25
ORD06186,CUST4119,C020,CAM026,2026-05-09,6198,PROD24
ORD06187,CUST4120,C005,CAM022,2026-06-15,4446,PROD10
ORD06188,CUST4120,C005,CAM022,2026-07-15,1669,PROD25
ORD06189,CUST4120,C005,CAM022,2026-08-25,5760,PROD08
ORD06190,CUST4121,C021,CAM025,2026-02-22,300,PROD18
ORD06191,CUST4121,C021,CAM025,2026-03-31,3068,PROD15
ORD06192,CUST4122,C002,CAM002,2026-04-13,4893,PROD24
ORD06193,CUST4123,C021,CAM025,2026-03-07,739,PROD37
ORD06194,CUST4123,C021,CAM025,2026-04-05,5728,PROD47
ORD06195,CUST4124,C009,CAM034,2026-05-27,1087,PROD41
ORD06196,CUST4125,C004,CAM040,2026-01-19,2284,PROD16
ORD06197,CUST4126,C024,CAM013,2026-06-05,7183,PROD36
ORD06198,CUST4127,C002,CAM027,2026-04-27,5342,PROD02
ORD06199,CUST4128,C018,CAM016,2026-01-24,2485,PROD34
ORD06200,CUST4129,C011,CAM009,2026-04-12,5237,PROD18
ORD06201,CUST4129,C011,CAM009,2026-06-07,4110,PROD04
ORD06202,CUST4129,C011,CAM009,2026-06-19,1814,PROD26
ORD06203,CUST4130,C018,CAM017,2026-04-16,1841,PROD34
ORD06204,CUST4131,C024,CAM013,2026-05-17,3444,PROD47
ORD06205,CUST4131,C024,CAM013,2026-06-07,6430,PROD42
ORD06206,CUST4132,C011,CAM001,2026-03-14,6047,PROD32
ORD06207,CUST4133,C018,CAM039,2026-01-29,3181,PROD46
ORD06208,CUST4134,C005,CAM021,2026-05-30,8012,PROD05
ORD06209,CUST4135,C018,CAM016,2026-01-19,3898,PROD44
ORD06210,CUST4135,C018,CAM016,2026-01-28,3295,PROD10
ORD06211,CUST4136,C018,CAM018,2026-06-07,1688,PROD19
ORD06212,CUST4137,C013,CAM019,2026-05-13,8580,PROD42
ORD06213,CUST4138,C009,CAM034,2026-05-31,3861,PROD27
ORD06214,CUST4139,C004,CAM040,2026-01-23,2609,PROD27
ORD06215,CUST4139,C004,CAM040,2026-03-17,4359,PROD46
ORD06216,CUST4140,C007,CAM028,2026-03-17,5096,PROD34
ORD06217,CUST4141,C023,CAM010,2026-04-07,2125,PROD50
ORD06218,CUST4141,C023,CAM010,2026-04-28,4261,PROD06
ORD06219,CUST4142,C023,CAM010,2026-04-04,4659,PROD19
ORD06220,CUST4143,C006,CAM008,2026-03-22,818,PROD49
ORD06221,CUST4143,C006,CAM008,2026-04-19,3807,PROD49
ORD06222,CUST4144,C007,CAM037,2026-01-05,4636,PROD15
ORD06223,CUST4144,C007,CAM037,2026-02-25,1020,PROD44
ORD06224,CUST4144,C007,CAM037,2026-03-25,1879,PROD22
ORD06225,CUST4145,C011,CAM003,2026-03-11,5279,PROD47
ORD06226,CUST4145,C011,CAM003,2026-03-17,6573,PROD43
ORD06227,CUST4145,C011,CAM003,2026-03-27,2396,PROD31
ORD06228,CUST4146,C009,CAM035,2026-04-10,3193,PROD18
ORD06229,CUST4147,C011,CAM003,2026-03-13,2077,PROD34
ORD06230,CUST4148,C009,CAM034,2026-05-10,3381,PROD47
ORD06231,CUST4149,C023,CAM005,2026-06-02,10188,PROD45
ORD06232,CUST4149,C023,CAM005,2026-07-09,4013,PROD34
ORD06233,CUST4150,C003,CAM011,2026-03-21,3932,PROD22
ORD06234,CUST4151,C002,CAM002,2026-04-10,4212,PROD45
ORD06235,CUST4152,C013,CAM019,2026-05-18,6859,PROD44
ORD06236,CUST4152,C013,CAM019,2026-07-02,4832,PROD04
ORD06237,CUST4153,C007,CAM028,2026-03-15,3916,PROD14
ORD06238,CUST4154,C013,CAM006,2026-04-27,849,PROD13
ORD06239,CUST4155,C013,CAM019,2026-05-24,2617,PROD21
ORD06240,CUST4156,C011,CAM001,2026-02-28,4424,PROD15
ORD06241,CUST4157,C008,CAM033,2026-02-01,6072,PROD06
ORD06242,CUST4158,C004,CAM020,2026-02-20,2079,PROD47
ORD06243,CUST4159,C007,CAM037,2026-01-06,1527,PROD39
ORD06244,CUST4160,C010,CAM038,2026-03-06,1293,PROD41
ORD06245,CUST4161,C024,CAM013,2026-05-23,2052,PROD09
ORD06246,CUST4162,C013,CAM019,2026-05-18,1495,PROD03
ORD06247,CUST4163,C011,CAM003,2026-03-09,3388,PROD06
ORD06248,CUST4164,C007,CAM036,2026-01-20,7072,PROD32
ORD06249,CUST4165,C004,CAM020,2026-02-16,1486,PROD07
ORD06250,CUST4166,C018,CAM018,2026-06-11,2175,PROD50
ORD06251,CUST4167,C005,CAM022,2026-06-15,3879,PROD01
ORD06252,CUST4168,C010,CAM012,2026-01-25,2429,PROD02
ORD06253,CUST4169,C013,CAM023,2026-04-04,2372,PROD27
ORD06254,CUST4170,C003,CAM011,2026-03-12,1254,PROD39
ORD06255,CUST4170,C003,CAM011,2026-04-19,3405,PROD01
ORD06256,CUST4170,C003,CAM011,2026-05-09,2536,PROD45
ORD06257,CUST4170,C003,CAM011,2026-06-07,5905,PROD22
ORD06258,CUST4171,C007,CAM036,2026-01-21,4311,PROD17
ORD06259,CUST4172,C009,CAM030,2026-04-02,1417,PROD39
ORD06260,CUST4173,C006,CAM008,2026-03-22,4519,PROD40
ORD06261,CUST4174,C018,CAM017,2026-04-19,2972,PROD40
ORD06262,CUST4175,C013,CAM023,2026-04-08,2310,PROD04
ORD06263,CUST4175,C013,CAM023,2026-04-17,2996,PROD20
ORD06264,CUST4175,C013,CAM023,2026-05-30,4089,PROD05
ORD06265,CUST4175,C013,CAM023,2026-07-25,5517,PROD08
ORD06266,CUST4176,C013,CAM006,2026-04-19,1397,PROD37
ORD06267,CUST4177,C008,CAM007,2026-01-19,10046,PROD15
ORD06268,CUST4178,C009,CAM030,2026-04-04,1691,PROD22
ORD06269,CUST4179,C011,CAM009,2026-04-08,2148,PROD49
ORD06270,CUST4180,C009,CAM035,2026-04-09,2247,PROD47
ORD06271,CUST4180,C009,CAM035,2026-04-24,958,PROD14
ORD06272,CUST4180,C009,CAM035,2026-06-06,1785,PROD39
ORD06273,CUST4180,C009,CAM035,2026-07-13,5571,PROD10
ORD06274,CUST4181,C002,CAM002,2026-04-11,4544,PROD22
ORD06275,CUST4182,C013,CAM032,2026-03-22,2528,PROD17
ORD06276,CUST4182,C013,CAM032,2026-03-29,4215,PROD45
ORD06277,CUST4182,C013,CAM032,2026-05-20,924,PROD47
ORD06278,CUST4183,C004,CAM040,2026-01-22,4566,PROD27
ORD06279,CUST4184,C023,CAM010,2026-04-04,2060,PROD41
ORD06280,CUST4185,C013,CAM023,2026-04-15,715,PROD16
ORD06281,CUST4186,C011,CAM001,2026-03-09,1810,PROD48
ORD06282,CUST4187,C008,CAM007,2026-01-26,3663,PROD08
ORD06283,CUST4188,C011,CAM001,2026-03-01,5247,PROD02
ORD06284,CUST4189,C011,CAM015,2026-05-26,4909,PROD04
ORD06285,CUST4190,C013,CAM023,2026-04-17,2609,PROD25
ORD06286,CUST4191,C003,CAM011,2026-03-23,4371,PROD49
ORD06287,CUST4192,C018,CAM018,2026-06-07,4829,PROD30
ORD06288,CUST4192,C018,CAM018,2026-06-16,3849,PROD21
ORD06289,CUST4192,C018,CAM018,2026-08-07,9336,PROD14
ORD06290,CUST4192,C018,CAM018,2026-08-18,12847,PROD12
ORD06291,CUST4192,C018,CAM018,2026-10-11,3210,PROD14
ORD06292,CUST4193,C024,CAM013,2026-06-14,1074,PROD04
ORD06293,CUST4194,C014,CAM014,2026-05-12,8291,PROD12
ORD06294,CUST4195,C007,CAM028,2026-03-24,1398,PROD41
ORD06295,CUST4195,C007,CAM028,2026-05-22,3347,PROD32
ORD06296,CUST4196,C013,CAM019,2026-05-25,222,PROD10
ORD06297,CUST4197,C014,CAM014,2026-05-05,1467,PROD17
ORD06298,CUST4198,C008,CAM033,2026-02-20,2274,PROD08
ORD06299,CUST4199,C003,CAM011,2026-03-04,4827,PROD01
ORD06300,CUST4200,C011,CAM009,2026-04-22,4198,PROD22
ORD06301,CUST4201,C023,CAM010,2026-04-07,6698,PROD43
ORD06302,CUST4202,C008,CAM033,2026-02-20,574,PROD09
ORD06303,CUST4203,C021,CAM025,2026-02-10,1391,PROD42
ORD06304,CUST4203,C021,CAM025,2026-03-10,1187,PROD40
ORD06305,CUST4204,C006,CAM008,2026-03-17,4178,PROD43
ORD06306,CUST4204,C006,CAM008,2026-04-14,3730,PROD29
ORD06307,CUST4204,C006,CAM008,2026-06-02,1406,PROD45
ORD06308,CUST4205,C009,CAM035,2026-04-15,2550,PROD33
ORD06309,CUST4206,C024,CAM013,2026-06-04,2755,PROD05
ORD06310,CUST4207,C023,CAM010,2026-04-08,3879,PROD12
ORD06311,CUST4207,C023,CAM010,2026-04-14,1757,PROD46
ORD06312,CUST4207,C023,CAM010,2026-05-17,5647,PROD17
ORD06313,CUST4207,C023,CAM010,2026-06-28,1592,PROD11
ORD06314,CUST4208,C006,CAM008,2026-03-25,265,PROD40
ORD06315,CUST4209,C021,CAM025,2026-02-22,4396,PROD37
ORD06316,CUST4210,C007,CAM028,2026-03-18,977,PROD43
ORD06317,CUST4211,C013,CAM023,2026-04-16,2344,PROD39
ORD06318,CUST4212,C010,CAM038,2026-03-10,4482,PROD34
ORD06319,CUST4212,C010,CAM038,2026-04-02,355,PROD10
ORD06320,CUST4212,C010,CAM038,2026-05-11,435,PROD24
ORD06321,CUST4213,C020,CAM026,2026-05-01,7373,PROD37
ORD06322,CUST4214,C011,CAM009,2026-04-12,5325,PROD07
ORD06323,CUST4215,C023,CAM010,2026-04-04,3757,PROD20
ORD06324,CUST4216,C023,CAM005,2026-05-28,6415,PROD13
ORD06325,CUST4217,C009,CAM034,2026-05-15,3876,PROD15
ORD06326,CUST4218,C003,CAM011,2026-03-19,5995,PROD28
ORD06327,CUST4218,C003,CAM011,2026-04-18,4197,PROD37
ORD06328,CUST4219,C007,CAM028,2026-03-07,1912,PROD45
ORD06329,CUST4220,C004,CAM040,2026-02-04,2385,PROD26
ORD06330,CUST4221,C011,CAM009,2026-04-11,3424,PROD27
ORD06331,CUST4222,C023,CAM005,2026-06-05,4053,PROD14
ORD06332,CUST4222,C023,CAM005,2026-06-29,4617,PROD36
ORD06333,CUST4223,C007,CAM036,2026-01-08,2294,PROD15
ORD06334,CUST4224,C009,CAM030,2026-04-08,367,PROD24
ORD06335,CUST4225,C017,CAM029,2026-02-06,2032,PROD34
ORD06336,CUST4226,C013,CAM032,2026-03-30,1345,PROD49
ORD06337,CUST4227,C005,CAM021,2026-06-02,8247,PROD23
ORD06338,CUST4228,C009,CAM034,2026-05-31,1014,PROD10
ORD06339,CUST4228,C009,CAM034,2026-07-19,3116,PROD37
ORD06340,CUST4229,C013,CAM019,2026-05-21,8172,PROD36
ORD06341,CUST4230,C003,CAM011,2026-03-22,709,PROD26
ORD06342,CUST4231,C018,CAM016,2026-01-27,2734,PROD44
ORD06343,CUST4232,C004,CAM040,2026-01-31,6931,PROD06
ORD06344,CUST4233,C014,CAM014,2026-05-16,990,PROD25
ORD06345,CUST4234,C011,CAM003,2026-03-15,2255,PROD14
ORD06346,CUST4235,C011,CAM003,2026-03-17,5893,PROD28
ORD06347,CUST4236,C008,CAM033,2026-02-18,7413,PROD10
ORD06348,CUST4237,C013,CAM032,2026-03-15,2467,PROD21
ORD06349,CUST4238,C021,CAM025,2026-02-19,9311,PROD49
ORD06350,CUST4239,C023,CAM010,2026-04-08,3639,PROD50
ORD06351,CUST4240,C006,CAM008,2026-03-22,759,PROD16
ORD06352,CUST4241,C018,CAM017,2026-04-22,7769,PROD18
ORD06353,CUST4242,C009,CAM030,2026-03-29,5390,PROD11
ORD06354,CUST4243,C011,CAM003,2026-03-12,4962,PROD43
ORD06355,CUST4243,C011,CAM003,2026-05-10,5903,PROD33
ORD06356,CUST4244,C009,CAM035,2026-04-15,5908,PROD25
ORD06357,CUST4245,C018,CAM031,2026-02-11,3908,PROD49
ORD06358,CUST4245,C018,CAM031,2026-03-12,5514,PROD33
ORD06359,CUST4245,C018,CAM031,2026-03-29,1578,PROD05
ORD06360,CUST4245,C018,CAM031,2026-04-08,3851,PROD43
ORD06361,CUST4245,C018,CAM031,2026-04-25,4624,PROD40
ORD06362,CUST4246,C018,CAM017,2026-04-13,3893,PROD05
ORD06363,CUST4246,C018,CAM017,2026-05-12,2825,PROD34
ORD06364,CUST4246,C018,CAM017,2026-05-20,1838,PROD40
ORD06365,CUST4246,C018,CAM017,2026-07-05,4245,PROD18
ORD06366,CUST4246,C018,CAM017,2026-07-15,1372,PROD19
ORD06367,CUST4246,C018,CAM017,2026-08-29,7241,PROD39
ORD06368,CUST4247,C007,CAM037,2026-01-10,6562,PROD27
ORD06369,CUST4247,C007,CAM037,2026-03-05,1225,PROD12
ORD06370,CUST4248,C013,CAM032,2026-03-29,6942,PROD38
ORD06371,CUST4249,C002,CAM002,2026-04-18,6379,PROD10
ORD06372,CUST4250,C023,CAM010,2026-04-15,1261,PROD41
ORD06373,CUST4250,C023,CAM010,2026-05-07,4584,PROD18
ORD06374,CUST4250,C023,CAM010,2026-05-13,1874,PROD32
ORD06375,CUST4250,C023,CAM010,2026-06-15,2452,PROD29
ORD06376,CUST4251,C013,CAM032,2026-03-18,1266,PROD04
ORD06377,CUST4252,C010,CAM038,2026-03-10,4164,PROD47
ORD06378,CUST4253,C004,CAM020,2026-02-19,1242,PROD39
ORD06379,CUST4254,C007,CAM028,2026-03-17,1432,PROD06
ORD06380,CUST4254,C007,CAM028,2026-05-08,3249,PROD32
ORD06381,CUST4255,C024,CAM013,2026-06-06,4576,PROD25
ORD06382,CUST4256,C003,CAM011,2026-02-28,1655,PROD39
ORD06383,CUST4257,C003,CAM011,2026-03-19,5033,PROD02
ORD06384,CUST4258,C002,CAM027,2026-04-24,4002,PROD17
ORD06385,CUST4259,C004,CAM040,2026-01-24,2716,PROD30
ORD06386,CUST4259,C004,CAM040,2026-02-12,2935,PROD06
ORD06387,CUST4259,C004,CAM040,2026-02-25,5518,PROD21
ORD06388,CUST4259,C004,CAM040,2026-03-24,6659,PROD46
ORD06389,CUST4260,C020,CAM026,2026-04-25,4898,PROD26
ORD06390,CUST4261,C018,CAM018,2026-06-09,207,PROD06
ORD06391,CUST4262,C002,CAM002,2026-04-08,1163,PROD11
ORD06392,CUST4262,C002,CAM002,2026-05-26,5377,PROD07
ORD06393,CUST4263,C018,CAM039,2026-01-30,3287,PROD25
ORD06394,CUST4263,C018,CAM039,2026-02-11,7734,PROD15
ORD06395,CUST4264,C021,CAM025,2026-02-22,1684,PROD33
ORD06396,CUST4264,C021,CAM025,2026-04-10,4637,PROD21
ORD06397,CUST4264,C021,CAM025,2026-04-23,2777,PROD30
ORD06398,CUST4265,C007,CAM028,2026-03-23,6903,PROD23
ORD06399,CUST4266,C018,CAM018,2026-05-29,2651,PROD29
ORD06400,CUST4266,C018,CAM018,2026-06-07,518,PROD43
ORD06401,CUST4267,C018,CAM017,2026-04-22,872,PROD38
ORD06402,CUST4267,C018,CAM017,2026-04-30,3547,PROD47
ORD06403,CUST4268,C008,CAM007,2026-01-23,5139,PROD26
ORD06404,CUST4268,C008,CAM007,2026-02-15,7846,PROD33
ORD06405,CUST4268,C008,CAM007,2026-02-22,2695,PROD07
ORD06406,CUST4268,C008,CAM007,2026-03-26,2745,PROD18
ORD06407,CUST4269,C003,CAM011,2026-02-24,7481,PROD14
ORD06408,CUST4270,C005,CAM021,2026-06-01,3029,PROD26
ORD06409,CUST4271,C023,CAM005,2026-05-25,5977,PROD30
ORD06410,CUST4272,C020,CAM026,2026-05-14,3090,PROD33
ORD06411,CUST4273,C018,CAM017,2026-04-18,1647,PROD11
ORD06412,CUST4273,C018,CAM017,2026-06-02,2409,PROD06
ORD06413,CUST4274,C020,CAM026,2026-05-15,6461,PROD12
ORD06414,CUST4275,C014,CAM014,2026-05-05,579,PROD27
ORD06415,CUST4276,C009,CAM035,2026-04-15,3583,PROD48
ORD06416,CUST4277,C018,CAM004,2026-05-25,3660,PROD44
ORD06417,CUST4278,C013,CAM006,2026-04-17,12767,PROD28
ORD06418,CUST4279,C011,CAM003,2026-03-12,473,PROD35
ORD06419,CUST4280,C003,CAM011,2026-03-23,5326,PROD33
ORD06420,CUST4280,C003,CAM011,2026-04-08,7401,PROD35
ORD06421,CUST4280,C003,CAM011,2026-05-26,1980,PROD21
ORD06422,CUST4280,C003,CAM011,2026-06-26,2375,PROD02
ORD06423,CUST4280,C003,CAM011,2026-07-22,6680,PROD15
ORD06424,CUST4281,C011,CAM015,2026-06-04,2369,PROD48
ORD06425,CUST4282,C024,CAM013,2026-06-01,1871,PROD38
ORD06426,CUST4283,C018,CAM004,2026-05-28,6548,PROD44
ORD06427,CUST4284,C011,CAM009,2026-04-22,7723,PROD04
ORD06428,CUST4285,C018,CAM004,2026-05-25,492,PROD26
ORD06429,CUST4285,C018,CAM004,2026-07-02,1193,PROD50
ORD06430,CUST4286,C018,CAM017,2026-04-17,904,PROD01
ORD06431,CUST4287,C010,CAM038,2026-03-03,2258,PROD10
ORD06432,CUST4288,C023,CAM005,2026-05-27,4403,PROD41
ORD06433,CUST4288,C023,CAM005,2026-06-23,1560,PROD21
ORD06434,CUST4289,C023,CAM010,2026-04-06,1610,PROD26
ORD06435,CUST4289,C023,CAM010,2026-05-24,3039,PROD43
ORD06436,CUST4290,C024,CAM013,2026-05-17,2312,PROD35
ORD06437,CUST4291,C013,CAM006,2026-04-06,8196,PROD26
ORD06438,CUST4292,C014,CAM014,2026-05-03,1311,PROD34
ORD06439,CUST4293,C018,CAM004,2026-05-20,3993,PROD37
ORD06440,CUST4293,C018,CAM004,2026-06-02,2531,PROD21
ORD06441,CUST4294,C011,CAM003,2026-03-15,1029,PROD49
ORD06442,CUST4295,C007,CAM037,2026-01-05,8406,PROD35
ORD06443,CUST4296,C002,CAM002,2026-04-18,1831,PROD28
ORD06444,CUST4296,C002,CAM002,2026-06-01,1729,PROD39
ORD06445,CUST4296,C002,CAM002,2026-07-10,3099,PROD19
ORD06446,CUST4296,C002,CAM002,2026-09-03,1852,PROD35
ORD06447,CUST4297,C017,CAM029,2026-01-30,5827,PROD09
ORD06448,CUST4298,C018,CAM017,2026-04-23,3046,PROD39
ORD06449,CUST4299,C011,CAM015,2026-06-03,1946,PROD35
ORD06450,CUST4299,C011,CAM015,2026-07-05,2208,PROD47
ORD06451,CUST4300,C012,CAM024,2026-05-11,1706,PROD19
ORD06452,CUST4301,C023,CAM005,2026-05-26,3390,PROD39
ORD06453,CUST4301,C023,CAM005,2026-06-21,1235,PROD48
ORD06454,CUST4302,C020,CAM026,2026-05-05,1045,PROD05
ORD06455,CUST4303,C023,CAM010,2026-04-05,6723,PROD29
ORD06456,CUST4303,C023,CAM010,2026-05-20,8049,PROD35
ORD06457,CUST4303,C023,CAM010,2026-06-26,3916,PROD30
ORD06458,CUST4303,C023,CAM010,2026-08-21,2762,PROD49
ORD06459,CUST4304,C011,CAM003,2026-03-16,3583,PROD12
ORD06460,CUST4304,C011,CAM003,2026-04-05,2065,PROD35
ORD06461,CUST4304,C011,CAM003,2026-05-05,3859,PROD29
ORD06462,CUST4304,C011,CAM003,2026-06-03,2161,PROD31
ORD06463,CUST4305,C020,CAM026,2026-05-06,2105,PROD43
ORD06464,CUST4306,C009,CAM034,2026-05-10,4016,PROD29
ORD06465,CUST4307,C002,CAM002,2026-04-14,5466,PROD40
ORD06466,CUST4308,C018,CAM004,2026-05-28,2738,PROD30
ORD06467,CUST4309,C020,CAM026,2026-05-08,4446,PROD25
ORD06468,CUST4310,C013,CAM032,2026-03-13,1597,PROD37
ORD06469,CUST4311,C018,CAM004,2026-05-26,4521,PROD10
ORD06470,CUST4312,C007,CAM037,2026-01-07,14355,PROD37
ORD06471,CUST4313,C012,CAM024,2026-05-14,1568,PROD03
ORD06472,CUST4314,C011,CAM015,2026-06-02,1736,PROD44
ORD06473,CUST4315,C011,CAM009,2026-04-08,2261,PROD12
ORD06474,CUST4316,C023,CAM010,2026-04-14,12011,PROD24
ORD06475,CUST4317,C018,CAM017,2026-04-21,2565,PROD43
ORD06476,CUST4318,C024,CAM013,2026-05-28,1255,PROD25
ORD06477,CUST4319,C018,CAM018,2026-06-18,831,PROD44
ORD06478,CUST4320,C005,CAM022,2026-06-17,1132,PROD44
ORD06479,CUST4320,C005,CAM022,2026-06-29,5758,PROD11
ORD06480,CUST4321,C013,CAM023,2026-04-17,3065,PROD50
ORD06481,CUST4322,C009,CAM034,2026-05-20,8188,PROD18
ORD06482,CUST4323,C018,CAM004,2026-05-20,3920,PROD26
ORD06483,CUST4324,C013,CAM023,2026-04-12,1578,PROD09
ORD06484,CUST4325,C020,CAM026,2026-05-15,5057,PROD19
ORD06485,CUST4326,C007,CAM028,2026-03-26,4631,PROD09
ORD06486,CUST4327,C018,CAM031,2026-02-27,1681,PROD18
ORD06487,CUST4328,C011,CAM009,2026-04-20,5615,PROD15
ORD06488,CUST4329,C004,CAM040,2026-01-24,831,PROD37
ORD06489,CUST4330,C011,CAM003,2026-03-14,3751,PROD17
ORD06490,CUST4331,C018,CAM031,2026-03-03,1464,PROD21
ORD06491,CUST4332,C007,CAM028,2026-03-23,6503,PROD47
ORD06492,CUST4333,C008,CAM033,2026-02-02,747,PROD22
ORD06493,CUST4334,C018,CAM004,2026-05-20,6287,PROD11
ORD06494,CUST4335,C013,CAM006,2026-04-21,801,PROD45
ORD06495,CUST4336,C002,CAM002,2026-04-13,1988,PROD44
ORD06496,CUST4337,C002,CAM002,2026-04-09,597,PROD33
ORD06497,CUST4337,C002,CAM002,2026-04-20,9949,PROD36
ORD06498,CUST4338,C011,CAM003,2026-03-15,1923,PROD02
ORD06499,CUST4339,C010,CAM012,2026-02-03,2248,PROD25
ORD06500,CUST4340,C008,CAM007,2026-01-26,953,PROD40
ORD06501,CUST4341,C012,CAM024,2026-05-14,4140,PROD19
ORD06502,CUST4342,C012,CAM024,2026-05-11,6073,PROD13
ORD06503,CUST4343,C020,CAM026,2026-05-09,7271,PROD44
ORD06504,CUST4344,C010,CAM012,2026-02-14,5276,PROD08
ORD06505,CUST4345,C007,CAM037,2026-01-14,6955,PROD04
ORD06506,CUST4346,C009,CAM035,2026-04-14,2069,PROD22
ORD06507,CUST4347,C013,CAM032,2026-03-16,3285,PROD03
ORD06508,CUST4348,C005,CAM021,2026-06-04,5685,PROD20
ORD06509,CUST4348,C005,CAM021,2026-06-14,5003,PROD21
ORD06510,CUST4349,C008,CAM033,2026-02-11,5340,PROD21
ORD06511,CUST4349,C008,CAM033,2026-02-28,4542,PROD07
ORD06512,CUST4349,C008,CAM033,2026-03-18,1157,PROD47
ORD06513,CUST4350,C010,CAM012,2026-01-30,9746,PROD14
ORD06514,CUST4351,C005,CAM022,2026-06-12,9531,PROD34
ORD06515,CUST4352,C024,CAM013,2026-05-24,1310,PROD29
ORD06516,CUST4353,C013,CAM019,2026-05-18,1412,PROD40
ORD06517,CUST4353,C013,CAM019,2026-06-09,4570,PROD10
ORD06518,CUST4354,C006,CAM008,2026-03-17,5839,PROD50
ORD06519,CUST4354,C006,CAM008,2026-05-11,8724,PROD06
ORD06520,CUST4355,C007,CAM028,2026-03-30,1856,PROD30
ORD06521,CUST4356,C023,CAM005,2026-06-07,3336,PROD08
ORD06522,CUST4357,C018,CAM039,2026-01-30,4722,PROD36
ORD06523,CUST4358,C018,CAM031,2026-03-01,11491,PROD09
ORD06524,CUST4359,C017,CAM029,2026-02-14,10260,PROD24
ORD06525,CUST4359,C017,CAM029,2026-02-27,4283,PROD16
ORD06526,CUST4359,C017,CAM029,2026-04-27,2421,PROD33
ORD06527,CUST4359,C017,CAM029,2026-06-04,13959,PROD36
ORD06528,CUST4360,C002,CAM027,2026-05-02,3206,PROD11
ORD06529,CUST4361,C018,CAM017,2026-04-23,2333,PROD50
ORD06530,CUST4362,C018,CAM039,2026-01-27,1140,PROD21
ORD06531,CUST4362,C018,CAM039,2026-03-28,1794,PROD50
ORD06532,CUST4363,C008,CAM007,2026-01-26,8138,PROD49
ORD06533,CUST4364,C023,CAM005,2026-06-05,6242,PROD11
ORD06534,CUST4364,C023,CAM005,2026-06-18,5531,PROD32
ORD06535,CUST4365,C004,CAM040,2026-01-28,6782,PROD48
ORD06536,CUST4366,C002,CAM002,2026-04-12,5224,PROD22
ORD06537,CUST4367,C009,CAM034,2026-05-28,7868,PROD24
ORD06538,CUST4368,C018,CAM004,2026-05-23,2558,PROD40
ORD06539,CUST4369,C004,CAM040,2026-01-23,1773,PROD20
ORD06540,CUST4370,C018,CAM004,2026-05-19,9079,PROD45
ORD06541,CUST4371,C017,CAM029,2026-02-09,1787,PROD01
ORD06542,CUST4371,C017,CAM029,2026-02-16,2080,PROD03
ORD06543,CUST4371,C017,CAM029,2026-03-02,3851,PROD20
ORD06544,CUST4371,C017,CAM029,2026-03-30,4815,PROD41
ORD06545,CUST4372,C009,CAM030,2026-04-07,11128,PROD15
ORD06546,CUST4373,C008,CAM007,2026-01-21,3047,PROD08
ORD06547,CUST4373,C008,CAM007,2026-03-18,2497,PROD21
ORD06548,CUST4373,C008,CAM007,2026-05-17,8762,PROD21
ORD06549,CUST4374,C020,CAM026,2026-04-25,5270,PROD22
ORD06550,CUST4374,C020,CAM026,2026-05-30,4727,PROD03
ORD06551,CUST4374,C020,CAM026,2026-07-07,15000,PROD14
ORD06552,CUST4375,C007,CAM037,2026-01-15,5552,PROD48
ORD06553,CUST4376,C007,CAM036,2026-01-22,11942,PROD20
ORD06554,CUST4376,C007,CAM036,2026-02-14,4299,PROD34
ORD06555,CUST4376,C007,CAM036,2026-03-24,3110,PROD40
ORD06556,CUST4376,C007,CAM036,2026-04-22,3674,PROD25
ORD06557,CUST4376,C007,CAM036,2026-06-03,1255,PROD40
ORD06558,CUST4376,C007,CAM036,2026-07-23,4070,PROD32
ORD06559,CUST4377,C011,CAM003,2026-03-16,4637,PROD45
ORD06560,CUST4378,C011,CAM009,2026-04-21,1949,PROD41
ORD06561,CUST4379,C023,CAM005,2026-06-05,2725,PROD19
ORD06562,CUST4380,C024,CAM013,2026-05-30,5059,PROD01
ORD06563,CUST4380,C024,CAM013,2026-06-12,1537,PROD24
ORD06564,CUST4381,C013,CAM019,2026-05-24,2713,PROD46
ORD06565,CUST4382,C006,CAM008,2026-03-21,9279,PROD05
ORD06566,CUST4382,C006,CAM008,2026-04-28,4863,PROD14
ORD06567,CUST4383,C012,CAM024,2026-05-09,2070,PROD07
ORD06568,CUST4384,C002,CAM027,2026-04-12,1092,PROD05
ORD06569,CUST4384,C002,CAM027,2026-04-25,10395,PROD13
ORD06570,CUST4385,C024,CAM013,2026-05-21,4206,PROD42
ORD06571,CUST4386,C013,CAM023,2026-04-13,3363,PROD06
ORD06572,CUST4387,C018,CAM004,2026-05-24,2824,PROD06
ORD06573,CUST4388,C014,CAM014,2026-05-06,3058,PROD32
ORD06574,CUST4389,C018,CAM017,2026-04-19,9241,PROD30
ORD06575,CUST4390,C018,CAM017,2026-04-13,774,PROD50
ORD06576,CUST4391,C014,CAM014,2026-05-11,3671,PROD06
ORD06577,CUST4392,C002,CAM002,2026-04-15,3919,PROD12
ORD06578,CUST4392,C002,CAM002,2026-05-12,9850,PROD31
ORD06579,CUST4393,C011,CAM001,2026-03-07,2930,PROD24
ORD06580,CUST4393,C011,CAM001,2026-04-16,4375,PROD41
ORD06581,CUST4394,C014,CAM014,2026-05-14,4585,PROD10
ORD06582,CUST4394,C014,CAM014,2026-07-13,5418,PROD37
ORD06583,CUST4394,C014,CAM014,2026-07-20,4735,PROD21
ORD06584,CUST4395,C021,CAM025,2026-02-28,7592,PROD50
ORD06585,CUST4395,C021,CAM025,2026-04-28,1649,PROD43
ORD06586,CUST4395,C021,CAM025,2026-06-19,617,PROD30
ORD06587,CUST4396,C011,CAM003,2026-03-17,5424,PROD07
ORD06588,CUST4396,C011,CAM003,2026-04-16,2682,PROD04
ORD06589,CUST4397,C011,CAM009,2026-04-13,2231,PROD08
ORD06590,CUST4398,C006,CAM008,2026-03-23,3480,PROD30
ORD06591,CUST4398,C006,CAM008,2026-05-10,5388,PROD14
ORD06592,CUST4398,C006,CAM008,2026-05-27,4565,PROD29
ORD06593,CUST4398,C006,CAM008,2026-07-21,1246,PROD46
ORD06594,CUST4399,C014,CAM014,2026-05-05,4049,PROD42
ORD06595,CUST4400,C014,CAM014,2026-05-04,1498,PROD02
ORD06596,CUST4401,C020,CAM026,2026-04-24,2241,PROD37
ORD06597,CUST4401,C020,CAM026,2026-06-04,968,PROD40
ORD06598,CUST4402,C007,CAM028,2026-03-29,13393,PROD11
ORD06599,CUST4403,C021,CAM025,2026-03-04,4303,PROD21
ORD06600,CUST4404,C009,CAM030,2026-04-07,3443,PROD20
ORD06601,CUST4404,C009,CAM030,2026-04-27,1840,PROD36
ORD06602,CUST4404,C009,CAM030,2026-06-06,1839,PROD10
ORD06603,CUST4405,C017,CAM029,2026-02-27,4058,PROD42
ORD06604,CUST4405,C017,CAM029,2026-03-27,11525,PROD45
ORD06605,CUST4406,C017,CAM029,2026-02-24,2547,PROD35
ORD06606,CUST4407,C024,CAM013,2026-05-27,4402,PROD20
ORD06607,CUST4408,C007,CAM028,2026-03-19,1209,PROD47
ORD06608,CUST4408,C007,CAM028,2026-05-04,6495,PROD30
ORD06609,CUST4408,C007,CAM028,2026-06-25,7548,PROD48
ORD06610,CUST4409,C005,CAM022,2026-06-06,9175,PROD26
ORD06611,CUST4409,C005,CAM022,2026-06-29,2684,PROD16
ORD06612,CUST4409,C005,CAM022,2026-07-05,3569,PROD37
ORD06613,CUST4410,C010,CAM038,2026-03-07,5301,PROD37
ORD06614,CUST4411,C011,CAM009,2026-04-23,2530,PROD47
ORD06615,CUST4412,C009,CAM035,2026-04-08,3224,PROD39
ORD06616,CUST4413,C010,CAM012,2026-02-06,708,PROD12
ORD06617,CUST4414,C013,CAM006,2026-04-08,580,PROD11
ORD06618,CUST4415,C011,CAM015,2026-05-28,1224,PROD39
ORD06619,CUST4415,C011,CAM015,2026-07-01,1580,PROD49
ORD06620,CUST4415,C011,CAM015,2026-08-08,2028,PROD32
ORD06621,CUST4415,C011,CAM015,2026-09-28,728,PROD08
ORD06622,CUST4415,C011,CAM015,2026-10-16,3788,PROD32
ORD06623,CUST4416,C023,CAM010,2026-04-09,4723,PROD36
ORD06624,CUST4416,C023,CAM010,2026-05-17,4042,PROD16
ORD06625,CUST4416,C023,CAM010,2026-05-30,3760,PROD10
ORD06626,CUST4417,C005,CAM021,2026-06-14,3366,PROD07
ORD06627,CUST4418,C018,CAM031,2026-02-21,9780,PROD47
ORD06628,CUST4419,C007,CAM036,2026-01-02,7547,PROD12
ORD06629,CUST4420,C009,CAM030,2026-03-29,1255,PROD36
ORD06630,CUST4420,C009,CAM030,2026-05-04,839,PROD39
ORD06631,CUST4421,C013,CAM023,2026-04-13,11369,PROD34
ORD06632,CUST4422,C009,CAM034,2026-05-26,2457,PROD29
ORD06633,CUST4423,C013,CAM023,2026-04-13,3846,PROD48
ORD06634,CUST4424,C007,CAM028,2026-03-28,4724,PROD43
ORD06635,CUST4425,C013,CAM023,2026-04-08,2957,PROD41
ORD06636,CUST4426,C018,CAM004,2026-05-24,5956,PROD49
ORD06637,CUST4427,C010,CAM012,2026-02-14,780,PROD13
ORD06638,CUST4428,C002,CAM002,2026-04-12,9253,PROD16
ORD06639,CUST4429,C013,CAM023,2026-04-13,2951,PROD37
ORD06640,CUST4429,C013,CAM023,2026-06-11,3269,PROD37
ORD06641,CUST4430,C008,CAM007,2026-01-19,5483,PROD23
ORD06642,CUST4431,C007,CAM036,2026-01-06,2991,PROD47
ORD06643,CUST4432,C020,CAM026,2026-04-21,6616,PROD10
ORD06644,CUST4432,C020,CAM026,2026-06-06,5085,PROD37
ORD06645,CUST4433,C024,CAM013,2026-06-10,8550,PROD38
ORD06646,CUST4434,C004,CAM020,2026-02-17,2426,PROD06
ORD06647,CUST4435,C011,CAM003,2026-03-12,4337,PROD42
ORD06648,CUST4436,C008,CAM007,2026-01-26,8300,PROD40
ORD06649,CUST4436,C008,CAM007,2026-03-24,3659,PROD13
ORD06650,CUST4436,C008,CAM007,2026-03-29,5638,PROD37
ORD06651,CUST4437,C005,CAM022,2026-06-14,8439,PROD44
ORD06652,CUST4437,C005,CAM022,2026-07-26,1831,PROD32
ORD06653,CUST4437,C005,CAM022,2026-08-05,2779,PROD39
ORD06654,CUST4437,C005,CAM022,2026-08-17,1467,PROD10
ORD06655,CUST4437,C005,CAM022,2026-09-16,6414,PROD04
ORD06656,CUST4437,C005,CAM022,2026-10-31,948,PROD10
ORD06657,CUST4438,C020,CAM026,2026-04-23,6669,PROD11
ORD06658,CUST4438,C020,CAM026,2026-05-05,3561,PROD44
ORD06659,CUST4439,C002,CAM002,2026-04-15,4410,PROD49
ORD06660,CUST4440,C013,CAM006,2026-04-07,5221,PROD39
ORD06661,CUST4440,C013,CAM006,2026-05-31,6286,PROD48
ORD06662,CUST4440,C013,CAM006,2026-07-18,3946,PROD06
ORD06663,CUST4441,C006,CAM008,2026-03-17,5525,PROD07
ORD06664,CUST4442,C018,CAM018,2026-06-24,3118,PROD08
ORD06665,CUST4442,C018,CAM018,2026-08-07,4280,PROD47
ORD06666,CUST4442,C018,CAM018,2026-08-14,2384,PROD29
ORD06667,CUST4443,C013,CAM019,2026-05-18,4997,PROD34
ORD06668,CUST4444,C005,CAM022,2026-06-13,2546,PROD13
ORD06669,CUST4445,C018,CAM017,2026-04-19,10861,PROD37
ORD06670,CUST4445,C018,CAM017,2026-05-06,1782,PROD28
ORD06671,CUST4446,C023,CAM005,2026-06-01,11220,PROD01
ORD06672,CUST4446,C023,CAM005,2026-07-18,4365,PROD12
ORD06673,CUST4447,C018,CAM004,2026-05-28,2256,PROD20
ORD06674,CUST4448,C013,CAM006,2026-04-19,4328,PROD49
ORD06675,CUST4448,C013,CAM006,2026-06-13,3797,PROD19
ORD06676,CUST4448,C013,CAM006,2026-06-29,3047,PROD07
ORD06677,CUST4449,C011,CAM015,2026-05-27,6488,PROD36
ORD06678,CUST4449,C011,CAM015,2026-07-14,3690,PROD26
ORD06679,CUST4450,C008,CAM033,2026-02-13,4020,PROD22
ORD06680,CUST4450,C008,CAM033,2026-04-14,297,PROD01
ORD06681,CUST4450,C008,CAM033,2026-05-25,8694,PROD43
ORD06682,CUST4450,C008,CAM033,2026-06-19,2684,PROD09
ORD06683,CUST4451,C023,CAM010,2026-04-13,5016,PROD09
ORD06684,CUST4451,C023,CAM010,2026-04-19,9377,PROD38
ORD06685,CUST4452,C006,CAM008,2026-03-21,4729,PROD23
ORD06686,CUST4453,C009,CAM030,2026-04-04,4563,PROD05
ORD06687,CUST4454,C021,CAM025,2026-03-04,4424,PROD01
ORD06688,CUST4455,C023,CAM005,2026-05-28,5213,PROD37
ORD06689,CUST4456,C018,CAM017,2026-04-24,5382,PROD45
ORD06690,CUST4456,C018,CAM017,2026-06-05,4086,PROD32
ORD06691,CUST4457,C013,CAM006,2026-04-03,3152,PROD15
ORD06692,CUST4458,C009,CAM035,2026-04-07,8550,PROD13
ORD06693,CUST4458,C009,CAM035,2026-05-09,7176,PROD23
ORD06694,CUST4459,C014,CAM014,2026-05-09,5716,PROD25
ORD06695,CUST4460,C011,CAM009,2026-04-12,1477,PROD02
ORD06696,CUST4460,C011,CAM009,2026-05-03,1960,PROD05
ORD06697,CUST4460,C011,CAM009,2026-06-24,3638,PROD50
ORD06698,CUST4460,C011,CAM009,2026-07-08,2063,PROD02
ORD06699,CUST4461,C018,CAM016,2026-01-22,1094,PROD28
ORD06700,CUST4462,C018,CAM018,2026-06-06,6183,PROD31
ORD06701,CUST4463,C011,CAM015,2026-05-31,830,PROD04
ORD06702,CUST4464,C011,CAM015,2026-06-01,9963,PROD29
ORD06703,CUST4465,C017,CAM029,2026-02-22,8592,PROD28
ORD06704,CUST4466,C018,CAM017,2026-04-13,3873,PROD09
ORD06705,CUST4467,C011,CAM015,2026-06-05,7832,PROD42
ORD06706,CUST4467,C011,CAM015,2026-06-16,2665,PROD22
ORD06707,CUST4468,C014,CAM014,2026-05-07,2168,PROD11
ORD06708,CUST4469,C006,CAM008,2026-03-16,1511,PROD46
ORD06709,CUST4469,C006,CAM008,2026-05-15,4164,PROD19
ORD06710,CUST4469,C006,CAM008,2026-05-22,4229,PROD16
ORD06711,CUST4470,C020,CAM026,2026-04-22,1726,PROD24
ORD06712,CUST4470,C020,CAM026,2026-05-22,1824,PROD32
ORD06713,CUST4471,C014,CAM014,2026-05-13,668,PROD20
ORD06714,CUST4472,C018,CAM018,2026-05-28,6903,PROD38
ORD06715,CUST4473,C002,CAM002,2026-04-13,434,PROD28
ORD06716,CUST4474,C012,CAM024,2026-05-09,4905,PROD17
ORD06717,CUST4475,C011,CAM009,2026-04-11,3377,PROD17
ORD06718,CUST4475,C011,CAM009,2026-05-15,4939,PROD28
ORD06719,CUST4476,C010,CAM038,2026-03-04,1030,PROD04
ORD06720,CUST4476,C010,CAM038,2026-04-27,3543,PROD08
ORD06721,CUST4477,C018,CAM018,2026-06-20,1839,PROD03
ORD06722,CUST4478,C007,CAM028,2026-03-06,951,PROD48
ORD06723,CUST4479,C008,CAM033,2026-02-10,3615,PROD07
ORD06724,CUST4480,C002,CAM002,2026-04-14,6204,PROD06
ORD06725,CUST4480,C002,CAM002,2026-05-20,4809,PROD11
ORD06726,CUST4481,C004,CAM020,2026-02-07,3767,PROD34
ORD06727,CUST4482,C002,CAM027,2026-05-03,1807,PROD24
ORD06728,CUST4483,C013,CAM032,2026-03-12,1048,PROD02
ORD06729,CUST4483,C013,CAM032,2026-05-11,1842,PROD47
ORD06730,CUST4484,C011,CAM001,2026-03-07,5711,PROD30
ORD06731,CUST4485,C013,CAM023,2026-04-06,1231,PROD27
ORD06732,CUST4486,C004,CAM040,2026-01-21,6855,PROD30
ORD06733,CUST4486,C004,CAM040,2026-03-12,9254,PROD15
ORD06734,CUST4487,C023,CAM010,2026-04-05,2272,PROD19
ORD06735,CUST4488,C021,CAM025,2026-02-25,4107,PROD32
ORD06736,CUST4489,C013,CAM032,2026-03-15,827,PROD12
ORD06737,CUST4490,C013,CAM019,2026-05-14,6733,PROD37
ORD06738,CUST4490,C013,CAM019,2026-06-15,6566,PROD12
ORD06739,CUST4491,C012,CAM024,2026-05-15,2756,PROD44
ORD06740,CUST4492,C011,CAM001,2026-03-11,10081,PROD28
ORD06741,CUST4493,C004,CAM040,2026-01-26,2629,PROD14
ORD06742,CUST4494,C020,CAM026,2026-05-06,8821,PROD13
ORD06743,CUST4494,C020,CAM026,2026-06-22,3423,PROD50
ORD06744,CUST4495,C005,CAM022,2026-06-18,4689,PROD29
ORD06745,CUST4496,C013,CAM032,2026-03-22,5698,PROD28
ORD06746,CUST4497,C010,CAM012,2026-01-23,4430,PROD38
ORD06747,CUST4497,C010,CAM012,2026-02-01,6480,PROD34
ORD06748,CUST4498,C012,CAM024,2026-05-09,5054,PROD31
ORD06749,CUST4499,C018,CAM039,2026-01-21,1689,PROD18
ORD06750,CUST4499,C018,CAM039,2026-02-20,5691,PROD27
ORD06751,CUST4499,C018,CAM039,2026-03-24,4613,PROD07
ORD06752,CUST4500,C013,CAM023,2026-04-08,5804,PROD02
ORD06753,CUST4501,C018,CAM016,2026-01-16,1137,PROD04
ORD06754,CUST4502,C021,CAM025,2026-02-27,1618,PROD30
ORD06755,CUST4503,C005,CAM022,2026-06-07,4701,PROD48
ORD06756,CUST4503,C005,CAM022,2026-07-23,3026,PROD17
ORD06757,CUST4504,C002,CAM002,2026-04-11,3278,PROD36
ORD06758,CUST4505,C011,CAM015,2026-06-05,7512,PROD49
ORD06759,CUST4506,C004,CAM040,2026-02-09,1251,PROD18
ORD06760,CUST4507,C020,CAM026,2026-04-19,756,PROD43
ORD06761,CUST4507,C020,CAM026,2026-06-08,2253,PROD05
ORD06762,CUST4508,C009,CAM030,2026-03-31,4625,PROD40
ORD06763,CUST4508,C009,CAM030,2026-05-13,1114,PROD33
ORD06764,CUST4509,C007,CAM028,2026-03-24,3614,PROD39
ORD06765,CUST4510,C018,CAM004,2026-05-25,4912,PROD26
ORD06766,CUST4511,C020,CAM026,2026-05-08,4601,PROD32
ORD06767,CUST4512,C011,CAM009,2026-04-15,10627,PROD13
ORD06768,CUST4513,C013,CAM006,2026-04-21,11165,PROD08
ORD06769,CUST4514,C002,CAM002,2026-04-14,582,PROD36
ORD06770,CUST4515,C002,CAM027,2026-04-17,1610,PROD25
ORD06771,CUST4515,C002,CAM027,2026-04-28,7547,PROD10
ORD06772,CUST4515,C002,CAM027,2026-05-16,2399,PROD32
ORD06773,CUST4516,C018,CAM004,2026-05-18,4354,PROD37
ORD06774,CUST4517,C005,CAM021,2026-05-31,2051,PROD12
ORD06775,CUST4517,C005,CAM021,2026-07-23,6813,PROD21
ORD06776,CUST4517,C005,CAM021,2026-08-24,1167,PROD12
ORD06777,CUST4517,C005,CAM021,2026-09-11,1982,PROD48
ORD06778,CUST4517,C005,CAM021,2026-10-30,1947,PROD33
ORD06779,CUST4518,C018,CAM039,2026-01-30,4706,PROD38
ORD06780,CUST4519,C006,CAM008,2026-03-17,679,PROD29
ORD06781,CUST4520,C005,CAM022,2026-05-30,6292,PROD17
ORD06782,CUST4520,C005,CAM022,2026-06-14,916,PROD28
ORD06783,CUST4520,C005,CAM022,2026-08-12,2161,PROD43
ORD06784,CUST4520,C005,CAM022,2026-08-25,1973,PROD02
ORD06785,CUST4520,C005,CAM022,2026-09-12,2919,PROD30
ORD06786,CUST4521,C013,CAM032,2026-03-25,2467,PROD35
ORD06787,CUST4522,C018,CAM018,2026-05-31,2486,PROD27
ORD06788,CUST4522,C018,CAM018,2026-06-08,4675,PROD11
ORD06789,CUST4523,C011,CAM001,2026-02-25,2616,PROD43
ORD06790,CUST4524,C003,CAM011,2026-03-03,3478,PROD35
ORD06791,CUST4524,C003,CAM011,2026-04-28,4250,PROD06
ORD06792,CUST4524,C003,CAM011,2026-05-18,3148,PROD24
ORD06793,CUST4524,C003,CAM011,2026-07-05,7280,PROD45
ORD06794,CUST4525,C004,CAM040,2026-02-06,2162,PROD39
ORD06795,CUST4526,C014,CAM014,2026-05-17,5337,PROD10
ORD06796,CUST4527,C009,CAM034,2026-05-12,1448,PROD02
ORD06797,CUST4528,C018,CAM039,2026-01-29,5027,PROD38
ORD06798,CUST4529,C011,CAM001,2026-03-13,3400,PROD05
ORD06799,CUST4529,C011,CAM001,2026-04-21,11223,PROD26
ORD06800,CUST4529,C011,CAM001,2026-05-12,2310,PROD20
ORD06801,CUST4529,C011,CAM001,2026-06-20,2741,PROD09
ORD06802,CUST4529,C011,CAM001,2026-07-05,2535,PROD49
ORD06803,CUST4529,C011,CAM001,2026-07-17,2336,PROD29
ORD06804,CUST4530,C017,CAM029,2026-02-15,5593,PROD15
ORD06805,CUST4531,C009,CAM034,2026-05-24,832,PROD24
ORD06806,CUST4532,C018,CAM031,2026-02-10,6709,PROD04
ORD06807,CUST4533,C003,CAM011,2026-02-23,4927,PROD03
ORD06808,CUST4534,C024,CAM013,2026-06-01,1104,PROD43
ORD06809,CUST4535,C009,CAM030,2026-03-31,653,PROD25
ORD06810,CUST4536,C007,CAM036,2026-01-03,4117,PROD26
ORD06811,CUST4537,C011,CAM015,2026-06-04,5603,PROD06
ORD06812,CUST4538,C007,CAM028,2026-03-22,4116,PROD44
ORD06813,CUST4539,C008,CAM007,2026-01-22,1538,PROD39
ORD06814,CUST4540,C013,CAM006,2026-04-16,916,PROD33
ORD06815,CUST4541,C004,CAM020,2026-02-20,5633,PROD26
ORD06816,CUST4542,C008,CAM007,2026-01-25,1793,PROD04
ORD06817,CUST4543,C013,CAM019,2026-05-09,3762,PROD15
ORD06818,CUST4544,C009,CAM030,2026-03-30,5583,PROD06
ORD06819,CUST4544,C009,CAM030,2026-05-24,4434,PROD38
ORD06820,CUST4544,C009,CAM030,2026-06-25,3271,PROD08
ORD06821,CUST4545,C009,CAM035,2026-04-12,6161,PROD36
ORD06822,CUST4545,C009,CAM035,2026-05-28,3356,PROD16
ORD06823,CUST4546,C013,CAM032,2026-03-24,7499,PROD45
ORD06824,CUST4547,C013,CAM019,2026-05-25,1587,PROD47
ORD06825,CUST4548,C002,CAM027,2026-04-19,673,PROD30
ORD06826,CUST4548,C002,CAM027,2026-05-31,2464,PROD43
ORD06827,CUST4548,C002,CAM027,2026-07-17,6243,PROD42
ORD06828,CUST4549,C020,CAM026,2026-04-24,1229,PROD03
ORD06829,CUST4549,C020,CAM026,2026-06-06,2113,PROD27
ORD06830,CUST4549,C020,CAM026,2026-07-25,4088,PROD41
ORD06831,CUST4550,C018,CAM039,2026-01-30,2698,PROD35
ORD06832,CUST4551,C017,CAM029,2026-02-22,3140,PROD40
ORD06833,CUST4551,C017,CAM029,2026-03-26,5442,PROD02
ORD06834,CUST4552,C005,CAM021,2026-06-07,1811,PROD10
ORD06835,CUST4553,C018,CAM017,2026-04-27,848,PROD36
ORD06836,CUST4553,C018,CAM017,2026-05-23,4316,PROD07
ORD06837,CUST4554,C012,CAM024,2026-05-09,2933,PROD23
ORD06838,CUST4554,C012,CAM024,2026-06-20,4781,PROD49
ORD06839,CUST4555,C009,CAM034,2026-06-05,6496,PROD18
ORD06840,CUST4556,C023,CAM010,2026-04-12,5945,PROD33
ORD06841,CUST4556,C023,CAM010,2026-05-23,6367,PROD50
ORD06842,CUST4556,C023,CAM010,2026-06-11,2713,PROD18
ORD06843,CUST4557,C008,CAM033,2026-02-09,5341,PROD33
ORD06844,CUST4558,C021,CAM025,2026-02-28,2230,PROD28
ORD06845,CUST4558,C021,CAM025,2026-03-13,1979,PROD17
ORD06846,CUST4559,C013,CAM006,2026-04-18,4384,PROD49
ORD06847,CUST4559,C013,CAM006,2026-05-26,3578,PROD29
ORD06848,CUST4559,C013,CAM006,2026-07-08,3831,PROD37
ORD06849,CUST4560,C013,CAM032,2026-03-22,1168,PROD05
ORD06850,CUST4560,C013,CAM032,2026-04-01,3436,PROD20
ORD06851,CUST4561,C010,CAM038,2026-03-06,1272,PROD08
ORD06852,CUST4562,C009,CAM030,2026-04-01,357,PROD49
ORD06853,CUST4563,C017,CAM029,2026-02-19,2464,PROD14
ORD06854,CUST4564,C008,CAM033,2026-02-10,3793,PROD14
ORD06855,CUST4564,C008,CAM033,2026-03-17,6410,PROD47
ORD06856,CUST4564,C008,CAM033,2026-04-17,3883,PROD01
ORD06857,CUST4564,C008,CAM033,2026-05-13,2840,PROD12
ORD06858,CUST4565,C024,CAM013,2026-05-18,6617,PROD21
ORD06859,CUST4566,C013,CAM019,2026-05-24,3906,PROD22
ORD06860,CUST4566,C013,CAM019,2026-07-17,7485,PROD45
ORD06861,CUST4566,C013,CAM019,2026-07-23,5014,PROD11
ORD06862,CUST4567,C004,CAM040,2026-01-26,5744,PROD32
ORD06863,CUST4568,C013,CAM032,2026-03-17,2210,PROD07
ORD06864,CUST4568,C013,CAM032,2026-04-18,1546,PROD21
ORD06865,CUST4568,C013,CAM032,2026-06-03,9393,PROD03
ORD06866,CUST4568,C013,CAM032,2026-08-02,6299,PROD13
ORD06867,CUST4569,C013,CAM032,2026-03-18,4405,PROD37
ORD06868,CUST4570,C013,CAM023,2026-04-09,3299,PROD31
ORD06869,CUST4571,C013,CAM019,2026-05-23,1639,PROD48
ORD06870,CUST4572,C013,CAM006,2026-04-27,7849,PROD45
ORD06871,CUST4573,C018,CAM017,2026-04-14,725,PROD47
ORD06872,CUST4574,C008,CAM007,2026-01-24,1635,PROD36
ORD06873,CUST4575,C009,CAM034,2026-05-13,1642,PROD29
ORD06874,CUST4575,C009,CAM034,2026-06-04,598,PROD27
ORD06875,CUST4575,C009,CAM034,2026-07-12,2440,PROD07
ORD06876,CUST4575,C009,CAM034,2026-09-05,5413,PROD15
ORD06877,CUST4575,C009,CAM034,2026-11-02,1471,PROD21
ORD06878,CUST4575,C009,CAM034,2026-12-16,2076,PROD12
ORD06879,CUST4575,C009,CAM034,2027-01-15,764,PROD41
ORD06880,CUST4576,C018,CAM039,2026-01-25,964,PROD40
ORD06881,CUST4577,C013,CAM006,2026-04-20,-3783,PROD16
ORD06882,CUST4578,C011,CAM015,2026-06-01,11718,PROD40
ORD06883,CUST4579,C002,CAM027,2026-04-22,2511,PROD33
ORD06884,CUST4579,C002,CAM027,2026-05-21,1785,PROD37
ORD06885,CUST4579,C002,CAM027,2026-06-14,1511,PROD45
ORD06886,CUST4580,C011,CAM009,2026-04-10,3995,PROD38
ORD06887,CUST4581,C013,CAM023,2026-04-08,5046,PROD04
ORD06888,CUST4582,C018,CAM017,2026-04-16,6717,PROD47
ORD06889,CUST4583,C018,CAM016,2026-01-25,3322,PROD44
ORD06890,CUST4583,C018,CAM016,2026-03-20,1549,PROD31
ORD06891,CUST4584,C005,CAM021,2026-05-31,1017,PROD25
ORD06892,CUST4585,C002,CAM002,2026-04-08,3653,PROD05
ORD06893,CUST4586,C007,CAM036,2026-01-03,3042,PROD47
ORD06894,CUST4587,C018,CAM004,2026-05-21,1102,PROD35
ORD06895,CUST4588,C013,CAM023,2026-04-15,2088,PROD26
ORD06896,CUST4589,C007,CAM028,2026-03-19,2281,PROD27
ORD06897,CUST4590,C003,CAM011,2026-03-15,2297,PROD33
ORD06898,CUST4590,C003,CAM011,2026-04-26,3929,PROD17
ORD06899,CUST4591,C013,CAM032,2026-03-20,3690,PROD25
ORD06900,CUST4592,C013,CAM032,2026-03-09,4783,PROD39
ORD06901,CUST4592,C013,CAM032,2026-04-24,2736,PROD42
ORD06902,CUST4592,C013,CAM032,2026-06-04,2647,PROD20
ORD06903,CUST4593,C021,CAM025,2026-02-13,1997,PROD38
ORD06904,CUST4593,C021,CAM025,2026-03-06,543,PROD12
ORD06905,CUST4593,C021,CAM025,2026-03-14,8597,PROD19
ORD06906,CUST4593,C021,CAM025,2026-04-12,2021,PROD25
ORD06907,CUST4594,C009,CAM030,2026-04-02,3018,PROD48
ORD06908,CUST4595,C011,CAM015,2026-05-31,2521,PROD28
ORD06909,CUST4596,C004,CAM020,2026-02-19,4976,PROD28
ORD06910,CUST4596,C004,CAM020,2026-03-12,4305,PROD11
ORD06911,CUST4597,C006,CAM008,2026-03-20,6142,PROD24
ORD06912,CUST4597,C006,CAM008,2026-04-25,2427,PROD49
ORD06913,CUST4598,C013,CAM006,2026-04-13,2696,PROD02
ORD06914,CUST4599,C024,CAM013,2026-05-31,4358,PROD20
ORD06915,CUST4600,C013,CAM023,2026-04-08,3235,PROD13
ORD06916,CUST4601,C008,CAM007,2026-01-26,8455,PROD02
ORD06917,CUST4602,C023,CAM005,2026-05-26,6648,PROD24
ORD06918,CUST4602,C023,CAM005,2026-06-16,1183,PROD26
ORD06919,CUST4603,C007,CAM037,2026-01-07,9533,PROD12
ORD06920,CUST4604,C010,CAM038,2026-03-09,3652,PROD19
ORD06921,CUST4605,C013,CAM032,2026-03-12,4019,PROD22
ORD06922,CUST4606,C006,CAM008,2026-03-25,4307,PROD04
ORD06923,CUST4607,C009,CAM035,2026-04-17,3960,PROD28
ORD06924,CUST4608,C013,CAM032,2026-03-14,4031,PROD10
ORD06925,CUST4608,C013,CAM032,2026-04-06,2572,PROD12
ORD06926,CUST4609,C013,CAM006,2026-04-28,6835,PROD31
ORD06927,CUST4610,C005,CAM022,2026-06-14,1752,PROD09
ORD06928,CUST4610,C005,CAM022,2026-08-06,4055,PROD21
ORD06929,CUST4611,C006,CAM008,2026-03-17,3009,PROD07
ORD06930,CUST4612,C009,CAM030,2026-03-31,2805,PROD07
ORD06931,CUST4612,C009,CAM030,2026-04-10,1331,PROD24
ORD06932,CUST4613,C023,CAM010,2026-04-12,5284,PROD17
ORD06933,CUST4614,C023,CAM010,2026-04-16,5711,PROD25
ORD06934,CUST4615,C011,CAM009,2026-04-08,921,PROD35
ORD06935,CUST4616,C007,CAM037,2026-01-06,2845,PROD34
ORD06936,CUST4617,C023,CAM005,2026-06-06,1987,PROD36
ORD06937,CUST4618,C009,CAM030,2026-04-01,5318,PROD12
ORD06938,CUST4619,C006,CAM008,2026-03-25,1419,PROD23
ORD06939,CUST4620,C010,CAM038,2026-03-03,1446,PROD18
ORD06940,CUST4621,C013,CAM006,2026-04-07,4625,PROD27
ORD06941,CUST4622,C018,CAM031,2026-02-18,1430,PROD41
ORD06942,CUST4623,C018,CAM018,2026-06-08,2987,PROD47
ORD06943,CUST4623,C018,CAM018,2026-06-20,5111,PROD11
ORD06944,CUST4624,C018,CAM004,2026-05-21,2931,PROD15
ORD06945,CUST4625,C002,CAM002,2026-04-15,1186,PROD28
ORD06946,CUST4626,C018,CAM018,2026-06-17,2970,PROD25
ORD06947,CUST4627,C005,CAM022,2026-06-16,4635,PROD36
ORD06948,CUST4627,C005,CAM022,2026-07-13,6573,PROD41
ORD06949,CUST4628,C011,CAM001,2026-03-08,5093,PROD33
ORD06950,CUST4629,C005,CAM021,2026-06-02,10731,PROD43
ORD06951,CUST4629,C005,CAM021,2026-07-12,5174,PROD45
ORD06952,CUST4630,C011,CAM015,2026-05-26,5082,PROD17
ORD06953,CUST4631,C003,CAM011,2026-03-20,210,PROD18
ORD06954,CUST4632,C013,CAM032,2026-03-10,3621,PROD28
ORD06955,CUST4633,C002,CAM027,2026-04-17,7944,PROD19
ORD06956,CUST4634,C014,CAM014,2026-05-13,4368,PROD10
ORD06957,CUST4635,C005,CAM022,2026-06-05,1723,PROD05
ORD06958,CUST4636,C024,CAM013,2026-05-21,1255,PROD10
ORD06959,CUST4637,C004,CAM040,2026-02-01,5155,PROD35
ORD06960,CUST4637,C004,CAM040,2026-03-17,8637,PROD49
ORD06961,CUST4638,C018,CAM018,2026-06-18,2771,PROD44
ORD06962,CUST4639,C004,CAM040,2026-02-10,1654,PROD06
ORD06963,CUST4640,C018,CAM018,2026-06-09,224,PROD26
ORD06964,CUST4641,C010,CAM038,2026-03-06,1297,PROD19
ORD06965,CUST4642,C021,CAM025,2026-03-01,2644,PROD11
ORD06966,CUST4643,C008,CAM033,2026-02-02,200,PROD36
ORD06967,CUST4643,C008,CAM033,2026-03-13,2889,PROD25
ORD06968,CUST4644,C003,CAM011,2026-02-28,4458,PROD31
ORD06969,CUST4645,C013,CAM019,2026-05-08,2574,PROD04
ORD06970,CUST4646,C007,CAM036,2026-01-03,2849,PROD25
ORD06971,CUST4647,C002,CAM027,2026-05-04,5688,PROD22
ORD06972,CUST4647,C002,CAM027,2026-06-23,2288,PROD41
ORD06973,CUST4648,C004,CAM020,2026-02-07,7488,PROD15
ORD06974,CUST4649,C003,CAM011,2026-03-18,4363,PROD10
ORD06975,CUST4650,C003,CAM011,2026-03-14,5946,PROD22
ORD06976,CUST4651,C007,CAM036,2026-01-08,2185,PROD01
ORD06977,CUST4652,C018,CAM017,2026-04-16,5037,PROD46
ORD06978,CUST4653,C011,CAM009,2026-04-20,1404,PROD33
ORD06979,CUST4654,C018,CAM004,2026-05-26,1292,PROD28
ORD06980,CUST4655,C023,CAM010,2026-04-06,1452,PROD17
ORD06981,CUST4655,C023,CAM010,2026-05-23,8827,PROD24
ORD06982,CUST4655,C023,CAM010,2026-06-13,3277,PROD17
ORD06983,CUST4656,C010,CAM038,2026-03-03,2284,PROD14
ORD06984,CUST4657,C009,CAM030,2026-04-06,1399,PROD45
ORD06985,CUST4658,C012,CAM024,2026-05-14,2621,PROD14
ORD06986,CUST4659,C018,CAM031,2026-02-27,828,PROD42
ORD06987,CUST4659,C018,CAM031,2026-04-16,1550,PROD42
ORD06988,CUST4659,C018,CAM031,2026-06-08,791,PROD47
ORD06989,CUST4660,C007,CAM037,2026-01-10,5333,PROD39
ORD06990,CUST4660,C007,CAM037,2026-01-22,2546,PROD10
ORD06991,CUST4661,C011,CAM001,2026-03-11,779,PROD33
ORD06992,CUST4662,C005,CAM021,2026-06-01,2594,PROD48
ORD06993,CUST4663,C002,CAM002,2026-04-17,3223,PROD28
ORD06994,CUST4664,C018,CAM031,2026-02-26,1593,PROD10
ORD06995,CUST4665,C007,CAM036,2026-01-23,3338,PROD20
ORD06996,CUST4666,C013,CAM006,2026-04-18,2831,PROD09
ORD06997,CUST4667,C011,CAM003,2026-03-16,4800,PROD29
ORD06998,CUST4667,C011,CAM003,2026-05-03,4641,PROD09
ORD06999,CUST4668,C018,CAM039,2026-01-27,3216,PROD06
ORD07000,CUST4669,C003,CAM011,2026-03-18,2901,PROD35
ORD07001,CUST4670,C010,CAM012,2026-01-31,3627,PROD12
ORD07002,CUST4671,C008,CAM007,2026-01-20,7222,PROD36
ORD07003,CUST4672,C018,CAM004,2026-05-21,2368,PROD11
ORD07004,CUST4673,C002,CAM027,2026-04-15,2868,PROD07
ORD07005,CUST4673,C002,CAM027,2026-04-29,2602,PROD08
ORD07006,CUST4673,C002,CAM027,2026-06-14,2813,PROD43
ORD07007,CUST4674,C013,CAM032,2026-03-24,5116,PROD11
ORD07008,CUST4674,C013,CAM032,2026-05-04,479,PROD14
ORD07009,CUST4675,C011,CAM003,2026-03-17,2585,PROD04
ORD07010,CUST4676,C009,CAM035,2026-04-15,917,PROD14
ORD07011,CUST4677,C018,CAM018,2026-05-30,1653,PROD08
ORD07012,CUST4677,C018,CAM018,2026-06-04,9316,PROD12
ORD07013,CUST4678,C018,CAM017,2026-04-18,2774,PROD02
ORD07014,CUST4679,C009,CAM035,2026-04-17,5497,PROD30
ORD07015,CUST4680,C004,CAM020,2026-02-18,5081,PROD02
ORD07016,CUST4680,C004,CAM020,2026-03-27,502,PROD41
ORD07017,CUST4681,C004,CAM040,2026-02-08,4546,PROD44
ORD07018,CUST4682,C002,CAM027,2026-04-30,4562,PROD01
ORD07019,CUST4683,C002,CAM027,2026-04-10,5161,PROD13
ORD07020,CUST4684,C013,CAM019,2026-05-20,5768,PROD19
ORD07021,CUST4685,C018,CAM017,2026-04-20,2009,PROD19
ORD07022,CUST4686,C007,CAM037,2026-01-15,1049,PROD06
ORD07023,CUST4686,C007,CAM037,2026-02-26,1467,PROD33
ORD07024,CUST4687,C013,CAM006,2026-04-04,2433,PROD18
ORD07025,CUST4688,C020,CAM026,2026-05-14,2803,PROD36
ORD07026,CUST4689,C009,CAM030,2026-03-31,1168,PROD20
ORD07027,CUST4689,C009,CAM030,2026-05-01,3540,PROD38
ORD07028,CUST4690,C005,CAM021,2026-06-14,4971,PROD03
ORD07029,CUST4691,C011,CAM009,2026-04-14,7394,PROD02
ORD07030,CUST4692,C005,CAM021,2026-06-17,2714,PROD12
ORD07031,CUST4693,C013,CAM023,2026-04-08,2706,PROD18
ORD07032,CUST4694,C004,CAM040,2026-02-10,2083,PROD29
ORD07033,CUST4695,C002,CAM027,2026-04-10,7416,PROD45
ORD07034,CUST4696,C007,CAM036,2026-01-14,1240,PROD43
ORD07035,CUST4697,C011,CAM009,2026-04-21,2363,PROD05
ORD07036,CUST4697,C011,CAM009,2026-04-26,6668,PROD42
ORD07037,CUST4698,C021,CAM025,2026-02-20,5591,PROD06
ORD07038,CUST4698,C021,CAM025,2026-04-11,1323,PROD06
ORD07039,CUST4698,C021,CAM025,2026-05-31,2018,PROD15
ORD07040,CUST4699,C007,CAM036,2026-01-01,1428,PROD35
ORD07041,CUST4700,C018,CAM018,2026-05-29,6822,PROD38
ORD07042,CUST4701,C005,CAM021,2026-06-17,3051,PROD03
ORD07043,CUST4702,C011,CAM009,2026-04-08,10994,PROD36
ORD07044,CUST4703,C003,CAM011,2026-03-01,4531,PROD36
ORD07045,CUST4704,C007,CAM037,2026-01-09,7001,PROD25
ORD07046,CUST4705,C018,CAM016,2026-01-26,2027,PROD40
ORD07047,CUST4706,C014,CAM014,2026-05-04,4748,PROD30
ORD07048,CUST4707,C009,CAM035,2026-04-06,3178,PROD35
ORD07049,CUST4708,C011,CAM001,2026-03-14,4130,PROD41
ORD07050,CUST4709,C011,CAM003,2026-03-10,8531,PROD44
ORD07051,CUST4710,C020,CAM026,2026-05-09,4866,PROD40
ORD07052,CUST4711,C023,CAM010,2026-04-09,4717,PROD38
ORD07053,CUST4711,C023,CAM010,2026-05-11,3600,PROD12
ORD07054,CUST4712,C010,CAM038,2026-03-10,5096,PROD37
ORD07055,CUST4713,C018,CAM018,2026-06-23,1301,PROD45
ORD07056,CUST4714,C013,CAM019,2026-05-15,370,PROD06
ORD07057,CUST4714,C013,CAM019,2026-05-28,2834,PROD28
ORD07058,CUST4715,C011,CAM003,2026-03-14,2919,PROD41
ORD07059,CUST4716,C013,CAM006,2026-04-21,2910,PROD12
ORD07060,CUST4717,C009,CAM035,2026-04-06,2702,PROD06
ORD07061,CUST4717,C009,CAM035,2026-05-16,2264,PROD01
ORD07062,CUST4717,C009,CAM035,2026-07-08,1222,PROD37
ORD07063,CUST4717,C009,CAM035,2026-08-05,5118,PROD09
ORD07064,CUST4718,C011,CAM009,2026-04-22,1856,PROD33
ORD07065,CUST4719,C007,CAM028,2026-03-09,2675,PROD30
ORD07066,CUST4720,C011,CAM003,2026-03-10,11489,PROD09
ORD07067,CUST4721,C002,CAM002,2026-04-12,4609,PROD12
ORD07068,CUST4722,C005,CAM022,2026-06-01,2580,PROD44
ORD07069,CUST4722,C005,CAM022,2026-07-27,7313,PROD42
ORD07070,CUST4723,C012,CAM024,2026-05-09,4236,PROD39
ORD07071,CUST4724,C014,CAM014,2026-05-17,200,PROD09
ORD07072,CUST4725,C007,CAM037,2026-01-09,3013,PROD10
ORD07073,CUST4725,C007,CAM037,2026-02-21,2074,PROD31
ORD07074,CUST4725,C007,CAM037,2026-03-19,3916,PROD33
ORD07075,CUST4726,C018,CAM039,2026-01-22,2183,PROD46
ORD07076,CUST4727,C004,CAM040,2026-02-10,1867,PROD18
ORD07077,CUST4728,C018,CAM016,2026-01-16,4559,PROD23
ORD07078,CUST4729,C018,CAM016,2026-01-19,1070,PROD03
ORD07079,CUST4730,C023,CAM010,2026-04-10,2057,PROD09
ORD07080,CUST4731,C004,CAM040,2026-02-05,3579,PROD24
ORD07081,CUST4731,C004,CAM040,2026-03-13,7575,PROD01
ORD07082,CUST4731,C004,CAM040,2026-05-02,5833,PROD37
ORD07083,CUST4731,C004,CAM040,2026-05-08,1217,PROD47
ORD07084,CUST4732,C006,CAM008,2026-03-17,1913,PROD15
ORD07085,CUST4733,C011,CAM001,2026-03-07,778,PROD04
ORD07086,CUST4734,C020,CAM026,2026-04-24,6035,PROD09
ORD07087,CUST4734,C020,CAM026,2026-05-16,2232,PROD31
ORD07088,CUST4735,C021,CAM025,2026-02-25,5801,PROD36
ORD07089,CUST4735,C021,CAM025,2026-04-10,3591,PROD21
ORD07090,CUST4736,C005,CAM022,2026-06-07,7536,PROD06
ORD07091,CUST4736,C005,CAM022,2026-07-13,2024,PROD34
ORD07092,CUST4737,C004,CAM020,2026-02-11,1656,PROD17
ORD07093,CUST4737,C004,CAM020,2026-04-02,1679,PROD29
ORD07094,CUST4738,C011,CAM001,2026-02-27,2429,PROD27
ORD07095,CUST4738,C011,CAM001,2026-03-08,1172,PROD25
ORD07096,CUST4738,C011,CAM001,2026-04-16,1218,PROD50
ORD07097,CUST4739,C009,CAM030,2026-03-29,4798,PROD04
ORD07098,CUST4740,C009,CAM034,2026-05-21,3157,PROD42
ORD07099,CUST4741,C007,CAM037,2026-01-05,1973,PROD37
ORD07100,CUST4741,C007,CAM037,2026-02-02,3916,PROD01
ORD07101,CUST4742,C005,CAM021,2026-05-29,6287,PROD07
ORD07102,CUST4743,C013,CAM019,2026-05-10,1096,PROD28
ORD07103,CUST4744,C011,CAM001,2026-02-26,4663,PROD15
ORD07104,CUST4745,C013,CAM019,2026-05-22,8689,PROD37
ORD07105,CUST4745,C013,CAM019,2026-06-04,1459,PROD13
ORD07106,CUST4746,C017,CAM029,2026-01-31,2710,PROD28
ORD07107,CUST4746,C017,CAM029,2026-03-14,4505,PROD21
ORD07108,CUST4747,C011,CAM009,2026-04-08,8775,PROD31
ORD07109,CUST4747,C011,CAM009,2026-04-29,4821,PROD45
ORD07110,CUST4748,C004,CAM040,2026-02-07,4129,PROD33
ORD07111,CUST4748,C004,CAM040,2026-03-20,11096,PROD20
ORD07112,CUST4749,C008,CAM007,2026-01-23,1670,PROD15
ORD07113,CUST4750,C013,CAM019,2026-05-12,2718,PROD34
ORD07114,CUST4751,C020,CAM026,2026-05-02,876,PROD37
ORD07115,CUST4752,C020,CAM026,2026-05-02,2196,PROD39
ORD07116,CUST4753,C013,CAM019,2026-05-16,5657,PROD50
ORD07117,CUST4754,C024,CAM013,2026-05-30,3615,PROD06
ORD07118,CUST4755,C008,CAM033,2026-02-22,1164,PROD10
ORD07119,CUST4756,C014,CAM014,2026-05-05,12402,PROD35
ORD07120,CUST4757,C011,CAM003,2026-03-12,11322,PROD47
ORD07121,CUST4758,C009,CAM035,2026-04-07,1886,PROD22
ORD07122,CUST4758,C009,CAM035,2026-04-14,2887,PROD10
ORD07123,CUST4758,C009,CAM035,2026-05-11,9472,PROD50
ORD07124,CUST4758,C009,CAM035,2026-06-20,3654,PROD43
ORD07125,CUST4758,C009,CAM035,2026-08-03,6746,PROD26
ORD07126,CUST4759,C018,CAM004,2026-05-28,1309,PROD30
ORD07127,CUST4759,C018,CAM004,2026-06-20,1302,PROD14
ORD07128,CUST4760,C018,CAM016,2026-01-27,3826,PROD29
ORD07129,CUST4761,C007,CAM037,2026-01-13,4563,PROD16
ORD07130,CUST4762,C005,CAM022,2026-06-03,5864,PROD04
ORD07131,CUST4763,C004,CAM040,2026-01-26,2321,PROD28
ORD07132,CUST4764,C009,CAM030,2026-04-04,3065,PROD38
ORD07133,CUST4765,C024,CAM013,2026-05-24,4445,PROD17
ORD07134,CUST4766,C012,CAM024,2026-05-15,3502,PROD36
ORD07135,CUST4767,C011,CAM015,2026-05-25,671,PROD15
ORD07136,CUST4767,C011,CAM015,2026-06-23,600,PROD41
ORD07137,CUST4768,C007,CAM037,2026-01-09,5692,PROD09
ORD07138,CUST4769,C017,CAM029,2026-01-31,883,PROD04
ORD07139,CUST4769,C017,CAM029,2026-03-05,564,PROD29
ORD07140,CUST4769,C017,CAM029,2026-03-27,2858,PROD46
ORD07141,CUST4769,C017,CAM029,2026-04-04,795,PROD26
ORD07142,CUST4769,C017,CAM029,2026-05-02,544,PROD29
ORD07143,CUST4769,C017,CAM029,2026-06-15,2842,PROD22
ORD07144,CUST4770,C018,CAM018,2026-05-28,3855,PROD26
ORD07145,CUST4771,C002,CAM027,2026-04-14,5029,PROD47
ORD07146,CUST4772,C006,CAM008,2026-03-16,3719,PROD35
ORD07147,CUST4773,C004,CAM040,2026-02-11,4058,PROD03
ORD07148,CUST4774,C002,CAM027,2026-04-28,867,PROD47
ORD07149,CUST4775,C009,CAM030,2026-04-08,7472,PROD07
ORD07150,CUST4776,C011,CAM001,2026-02-28,3322,PROD07
ORD07151,CUST4777,C018,CAM017,2026-04-25,6417,PROD44
ORD07152,CUST4777,C018,CAM017,2026-05-01,10443,PROD10
ORD07153,CUST4777,C018,CAM017,2026-05-27,3779,PROD19
ORD07154,CUST4778,C018,CAM017,2026-04-27,3229,PROD04
ORD07155,CUST4779,C010,CAM038,2026-03-05,529,PROD02
ORD07156,CUST4779,C010,CAM038,2026-04-04,1848,PROD46
ORD07157,CUST4780,C013,CAM032,2026-03-20,7360,PROD21
ORD07158,CUST4781,C007,CAM028,2026-03-14,5461,PROD06
ORD07159,CUST4782,C009,CAM030,2026-03-31,11432,PROD06
ORD07160,CUST4783,C007,CAM037,2026-01-07,1021,PROD21
ORD07161,CUST4783,C007,CAM037,2026-03-03,3585,PROD37
ORD07162,CUST4784,C002,CAM002,2026-04-08,11422,PROD27
ORD07163,CUST4784,C002,CAM002,2026-05-31,2791,PROD45
ORD07164,CUST4784,C002,CAM002,2026-06-08,1525,PROD06
ORD07165,CUST4785,C018,CAM017,2026-04-16,6278,PROD47
ORD07166,CUST4786,C014,CAM014,2026-05-10,7977,PROD42
ORD07167,CUST4787,C017,CAM029,2026-02-20,1651,PROD29
ORD07168,CUST4788,C008,CAM033,2026-02-16,8774,PROD29
ORD07169,CUST4789,C007,CAM028,2026-03-07,4628,PROD32
ORD07170,CUST4790,C005,CAM021,2026-06-17,2443,PROD13
ORD07171,CUST4791,C018,CAM004,2026-05-20,7561,PROD36
ORD07172,CUST4792,C012,CAM024,2026-05-12,9220,PROD38
ORD07173,CUST4793,C011,CAM003,2026-03-14,3554,PROD15
ORD07174,CUST4794,C010,CAM038,2026-03-04,2374,PROD26
ORD07175,CUST4794,C010,CAM038,2026-03-27,4349,PROD44
ORD07176,CUST4795,C007,CAM036,2026-01-07,1469,PROD50
ORD07177,CUST4796,C017,CAM029,2026-01-30,2067,PROD38
ORD07178,CUST4796,C017,CAM029,2026-02-11,7277,PROD01
ORD07179,CUST4796,C017,CAM029,2026-03-05,9683,PROD23
ORD07180,CUST4797,C003,CAM011,2026-02-24,5475,PROD28
ORD07181,CUST4798,C023,CAM005,2026-06-07,2378,PROD49
ORD07182,CUST4799,C023,CAM005,2026-05-24,11293,PROD20
ORD07183,CUST4799,C023,CAM005,2026-07-08,1686,PROD40
ORD07184,CUST4800,C004,CAM040,2026-01-25,10637,PROD22
ORD07185,CUST4801,C004,CAM020,2026-02-11,10403,PROD23
ORD07186,CUST4802,C013,CAM006,2026-04-27,2084,PROD24
ORD07187,CUST4803,C012,CAM024,2026-05-16,4635,PROD03
ORD07188,CUST4804,C004,CAM040,2026-01-30,5851,PROD04
ORD07189,CUST4804,C004,CAM040,2026-03-02,1932,PROD32
ORD07190,CUST4805,C018,CAM039,2026-01-30,2499,PROD02
ORD07191,CUST4805,C018,CAM039,2026-03-01,12166,PROD37
ORD07192,CUST4806,C010,CAM038,2026-03-11,1765,PROD35
ORD07193,CUST4806,C010,CAM038,2026-04-09,9647,PROD46
ORD07194,CUST4807,C020,CAM026,2026-05-04,1482,PROD50
ORD07195,CUST4807,C020,CAM026,2026-06-22,2821,PROD16
ORD07196,CUST4808,C007,CAM037,2026-01-13,303,PROD44
ORD07197,CUST4808,C007,CAM037,2026-01-26,7240,PROD46
ORD07198,CUST4808,C007,CAM037,2026-02-13,3948,PROD43
ORD07199,CUST4809,C014,CAM014,2026-05-17,4527,PROD20
ORD07200,CUST4810,C023,CAM005,2026-06-02,1647,PROD02
ORD07201,CUST4811,C011,CAM001,2026-03-09,2627,PROD25
ORD07202,CUST4812,C009,CAM030,2026-03-31,2594,PROD01
ORD07203,CUST4813,C004,CAM020,2026-02-11,5256,PROD01
ORD07204,CUST4814,C023,CAM010,2026-04-11,6999,PROD25
ORD07205,CUST4814,C023,CAM010,2026-05-06,5953,PROD17
ORD07206,CUST4814,C023,CAM010,2026-05-19,1444,PROD26
ORD07207,CUST4814,C023,CAM010,2026-06-04,8032,PROD19
ORD07208,CUST4814,C023,CAM010,2026-06-15,3576,PROD30
ORD07209,CUST4815,C012,CAM024,2026-05-11,5169,PROD04
ORD07210,CUST4816,C009,CAM035,2026-04-08,3302,PROD37
ORD07211,CUST4817,C009,CAM030,2026-03-31,6962,PROD15
ORD07212,CUST4817,C009,CAM030,2026-04-24,4245,PROD22
ORD07213,CUST4818,C014,CAM014,2026-05-02,5756,PROD48
ORD07214,CUST4818,C014,CAM014,2026-06-26,3685,PROD03
ORD07215,CUST4819,C003,CAM011,2026-02-24,3877,PROD27
ORD07216,CUST4820,C024,CAM013,2026-06-07,625,PROD16
ORD07217,CUST4820,C024,CAM013,2026-06-12,2033,PROD41
ORD07218,CUST4821,C017,CAM029,2026-02-16,5283,PROD27
ORD07219,CUST4822,C011,CAM001,2026-03-05,4437,PROD10
ORD07220,CUST4822,C011,CAM001,2026-03-17,14503,PROD06
ORD07221,CUST4822,C011,CAM001,2026-04-15,4516,PROD26
ORD07222,CUST4822,C011,CAM001,2026-05-18,6651,PROD15
ORD07223,CUST4823,C004,CAM020,2026-02-10,2486,PROD01
ORD07224,CUST4824,C017,CAM029,2026-02-27,2851,PROD30
ORD07225,CUST4825,C011,CAM009,2026-04-22,9065,PROD37
ORD07226,CUST4826,C009,CAM030,2026-03-31,5062,PROD38
ORD07227,CUST4826,C009,CAM030,2026-05-22,3065,PROD38
ORD07228,CUST4827,C011,CAM001,2026-03-10,7721,PROD26
ORD07229,CUST4827,C011,CAM001,2026-03-17,2952,PROD15
ORD07230,CUST4828,C004,CAM020,2026-02-13,410,PROD12
ORD07231,CUST4829,C008,CAM007,2026-01-18,2604,PROD10
ORD07232,CUST4830,C011,CAM015,2026-05-28,2912,PROD12
ORD07233,CUST4831,C008,CAM007,2026-01-22,2185,PROD30
ORD07234,CUST4832,C009,CAM030,2026-04-07,4854,PROD29
ORD07235,CUST4832,C009,CAM030,2026-04-19,4317,PROD06
ORD07236,CUST4833,C003,CAM011,2026-03-06,3887,PROD15
ORD07237,CUST4834,C018,CAM018,2026-06-19,4029,PROD12
ORD07238,CUST4835,C007,CAM028,2026-03-19,9224,PROD11
ORD07239,CUST4836,C007,CAM028,2026-03-26,2809,PROD47
ORD07240,CUST4837,C017,CAM029,2026-02-04,3201,PROD34
ORD07241,CUST4837,C017,CAM029,2026-03-31,6425,PROD08
ORD07242,CUST4837,C017,CAM029,2026-05-08,8387,PROD37
ORD07243,CUST4838,C012,CAM024,2026-05-07,7305,PROD37
ORD07244,CUST4839,C003,CAM011,2026-03-08,2073,PROD08
ORD07245,CUST4839,C003,CAM011,2026-04-14,1719,PROD28
ORD07246,CUST4839,C003,CAM011,2026-05-02,3907,PROD35
ORD07247,CUST4839,C003,CAM011,2026-05-30,4393,PROD22
ORD07248,CUST4840,C002,CAM027,2026-04-25,1981,PROD38
ORD07249,CUST4840,C002,CAM027,2026-05-20,761,PROD37
ORD07250,CUST4840,C002,CAM027,2026-07-11,1126,PROD30
ORD07251,CUST4841,C018,CAM017,2026-04-28,795,PROD45
ORD07252,CUST4841,C018,CAM017,2026-05-09,824,PROD25
ORD07253,CUST4842,C014,CAM014,2026-05-15,11368,PROD04
ORD07254,CUST4842,C014,CAM014,2026-07-07,1666,PROD50
ORD07255,CUST4842,C014,CAM014,2026-08-02,3049,PROD16
ORD07256,CUST4842,C014,CAM014,2026-09-06,4217,PROD35
ORD07257,CUST4842,C014,CAM014,2026-10-29,7008,PROD45
ORD07258,CUST4843,C011,CAM003,2026-03-12,5703,PROD25
ORD07259,CUST4843,C011,CAM003,2026-04-24,3432,PROD10
ORD07260,CUST4844,C003,CAM011,2026-03-13,5921,PROD12
ORD07261,CUST4845,C018,CAM016,2026-01-23,638,PROD20
ORD07262,CUST4845,C018,CAM016,2026-03-24,200,PROD04
ORD07263,CUST4846,C018,CAM031,2026-02-13,3352,PROD09
ORD07264,CUST4847,C007,CAM037,2026-01-12,1946,PROD04
ORD07265,CUST4847,C007,CAM037,2026-01-28,5544,PROD36
ORD07266,CUST4847,C007,CAM037,2026-02-15,3277,PROD40
ORD07267,CUST4847,C007,CAM037,2026-03-10,3947,PROD35
ORD07268,CUST4848,C009,CAM030,2026-04-08,522,PROD15
ORD07269,CUST4849,C023,CAM005,2026-05-26,1358,PROD06
ORD07270,CUST4849,C023,CAM005,2026-06-17,5907,PROD18
ORD07271,CUST4850,C011,CAM009,2026-04-16,7246,PROD47
ORD07272,CUST4851,C018,CAM018,2026-06-24,5437,PROD34
ORD07273,CUST4852,C011,CAM009,2026-04-11,2007,PROD24
ORD07274,CUST4852,C011,CAM009,2026-05-22,3280,PROD39
ORD07275,CUST4852,C011,CAM009,2026-07-11,4238,PROD13
ORD07276,CUST4853,C023,CAM010,2026-04-04,10412,PROD48
ORD07277,CUST4854,C023,CAM010,2026-04-15,5388,PROD03
ORD07278,CUST4854,C023,CAM010,2026-05-30,1921,PROD14
ORD07279,CUST4854,C023,CAM010,2026-06-07,5998,PROD18
ORD07280,CUST4855,C013,CAM032,2026-03-31,1837,PROD09
ORD07281,CUST4855,C013,CAM032,2026-04-13,5104,PROD46
ORD07282,CUST4856,C004,CAM020,2026-02-21,1766,PROD09
ORD07283,CUST4857,C010,CAM012,2026-01-22,7974,PROD46
ORD07284,CUST4858,C010,CAM012,2026-01-20,2681,PROD49
ORD07285,CUST4859,C002,CAM002,2026-04-16,4261,PROD22
ORD07286,CUST4859,C002,CAM002,2026-04-24,5704,PROD27
ORD07287,CUST4860,C018,CAM004,2026-05-24,2058,PROD44
ORD07288,CUST4860,C018,CAM004,2026-07-20,11717,PROD04
ORD07289,CUST4860,C018,CAM004,2026-08-16,5483,PROD46
ORD07290,CUST4860,C018,CAM004,2026-10-10,2976,PROD39
ORD07291,CUST4861,C007,CAM037,2026-01-12,2468,PROD23
ORD07292,CUST4862,C017,CAM029,2026-02-27,5973,PROD40
ORD07293,CUST4863,C024,CAM013,2026-05-24,6092,PROD05
ORD07294,CUST4863,C024,CAM013,2026-07-11,5802,PROD02
ORD07295,CUST4863,C024,CAM013,2026-08-26,573,PROD11
ORD07296,CUST4863,C024,CAM013,2026-10-08,677,PROD06
ORD07297,CUST4864,C010,CAM012,2026-02-09,4841,PROD44
ORD07298,CUST4865,C023,CAM010,2026-04-05,7790,PROD25
ORD07299,CUST4865,C023,CAM010,2026-06-04,3507,PROD39
ORD07300,CUST4865,C023,CAM010,2026-06-11,8480,PROD11
ORD07301,CUST4866,C010,CAM012,2026-02-11,5925,PROD14
ORD07302,CUST4867,C005,CAM022,2026-05-30,4016,PROD48
ORD07303,CUST4867,C005,CAM022,2026-07-08,8113,PROD18
ORD07304,CUST4868,C004,CAM040,2026-02-06,4449,PROD11
ORD07305,CUST4869,C012,CAM024,2026-05-16,939,PROD13
ORD07306,CUST4869,C012,CAM024,2026-05-28,5234,PROD27
ORD07307,CUST4870,C018,CAM031,2026-02-10,1677,PROD24
ORD07308,CUST4871,C018,CAM018,2026-06-12,2228,PROD27
ORD07309,CUST4872,C021,CAM025,2026-02-21,2156,PROD49
ORD07310,CUST4873,C011,CAM009,2026-04-20,1996,PROD26
ORD07311,CUST4873,C011,CAM009,2026-05-04,1167,PROD06
ORD07312,CUST4874,C013,CAM006,2026-04-19,3626,PROD24
ORD07313,CUST4875,C009,CAM034,2026-05-11,3789,PROD19
ORD07314,CUST4875,C009,CAM034,2026-07-04,892,PROD49
ORD07315,CUST4876,C007,CAM037,2026-01-09,2628,PROD03
ORD07316,CUST4876,C007,CAM037,2026-02-11,4667,PROD28
ORD07317,CUST4877,C013,CAM023,2026-04-06,1029,PROD39
ORD07318,CUST4878,C013,CAM023,2026-04-06,706,PROD37
ORD07319,CUST4879,C013,CAM006,2026-04-14,3967,PROD42
ORD07320,CUST4879,C013,CAM006,2026-05-27,4809,PROD25
ORD07321,CUST4879,C013,CAM006,2026-06-11,5699,PROD30
ORD07322,CUST4880,C011,CAM009,2026-04-12,4256,PROD25
ORD07323,CUST4881,C005,CAM022,2026-06-12,5670,PROD08
ORD07324,CUST4882,C018,CAM031,2026-02-19,3363,PROD17
ORD07325,CUST4883,C024,CAM013,2026-06-11,233,PROD09
ORD07326,CUST4884,C012,CAM024,2026-05-12,2548,PROD36
ORD07327,CUST4885,C018,CAM016,2026-01-20,6491,PROD10
ORD07328,CUST4885,C018,CAM016,2026-01-31,2847,PROD44
ORD07329,CUST4886,C011,CAM009,2026-04-09,2785,PROD32
ORD07330,CUST4887,C009,CAM035,2026-04-16,547,PROD48
ORD07331,CUST4888,C010,CAM012,2026-02-01,10933,PROD16
ORD07332,CUST4888,C010,CAM012,2026-03-24,4110,PROD20
ORD07333,CUST4889,C009,CAM030,2026-03-30,5176,PROD37
ORD07334,CUST4890,C023,CAM010,2026-04-10,1218,PROD13
ORD07335,CUST4890,C023,CAM010,2026-05-20,2764,PROD22
ORD07336,CUST4890,C023,CAM010,2026-07-15,5796,PROD16
ORD07337,CUST4891,C011,CAM001,2026-03-06,2767,PROD12
ORD07338,CUST4892,C021,CAM025,2026-03-02,3692,PROD35
ORD07339,CUST4892,C021,CAM025,2026-03-22,4094,PROD15
ORD07340,CUST4892,C021,CAM025,2026-04-11,2531,PROD17
ORD07341,CUST4893,C013,CAM032,2026-03-10,3715,PROD16
ORD07342,CUST4894,C018,CAM039,2026-01-22,3984,PROD24
ORD07343,CUST4895,C013,CAM023,2026-04-13,2075,PROD26
ORD07344,CUST4896,C010,CAM038,2026-03-08,3013,PROD18
ORD07345,CUST4897,C023,CAM005,2026-06-05,8163,PROD25
ORD07346,CUST4898,C011,CAM009,2026-04-16,1919,PROD30
ORD07347,CUST4899,C013,CAM006,2026-04-21,11589,PROD47
ORD07348,CUST4900,C008,CAM007,2026-01-22,2513,PROD41
ORD07349,CUST4901,C018,CAM004,2026-05-21,2322,PROD16
ORD07350,CUST4902,C018,CAM016,2026-01-20,2776,PROD18
ORD07351,CUST4903,C018,CAM017,2026-04-25,6989,PROD39
ORD07352,CUST4904,C011,CAM001,2026-03-13,1343,PROD05
ORD07353,CUST4905,C010,CAM012,2026-01-25,2752,PROD09
ORD07354,CUST4906,C010,CAM012,2026-01-24,6281,PROD24
ORD07355,CUST4907,C021,CAM025,2026-02-26,3699,PROD01
ORD07356,CUST4908,C021,CAM025,2026-02-19,3491,PROD40
ORD07357,CUST4909,C011,CAM009,2026-04-10,793,PROD12
ORD07358,CUST4910,C018,CAM039,2026-01-27,507,PROD21
ORD07359,CUST4911,C018,CAM017,2026-04-24,2695,PROD26
ORD07360,CUST4912,C013,CAM019,2026-05-22,3261,PROD16
ORD07361,CUST4913,C004,CAM020,2026-02-20,2682,PROD18
ORD07362,CUST4914,C007,CAM028,2026-03-13,8940,PROD46
ORD07363,CUST4915,C018,CAM039,2026-01-22,2310,PROD25
ORD07364,CUST4916,C011,CAM003,2026-03-13,1766,PROD43
ORD07365,CUST4916,C011,CAM003,2026-04-03,11240,PROD42
ORD07366,CUST4917,C013,CAM006,2026-04-21,2365,PROD11
ORD07367,CUST4918,C002,CAM002,2026-04-09,1475,PROD21
ORD07368,CUST4918,C002,CAM002,2026-05-03,3028,PROD14
ORD07369,CUST4919,C010,CAM012,2026-02-13,2795,PROD37
ORD07370,CUST4919,C010,CAM012,2026-03-16,2799,PROD15
ORD07371,CUST4920,C013,CAM006,2026-04-27,4631,PROD07
ORD07372,CUST4921,C012,CAM024,2026-05-07,1597,PROD42
ORD07373,CUST4921,C012,CAM024,2026-06-24,2796,PROD47
ORD07374,CUST4921,C012,CAM024,2026-07-06,3269,PROD32
ORD07375,CUST4922,C005,CAM022,2026-06-10,383,PROD10
ORD07376,CUST4923,C007,CAM037,2026-01-06,1976,PROD36
ORD07377,CUST4924,C005,CAM021,2026-05-26,5520,PROD36
ORD07378,CUST4925,C017,CAM029,2026-02-09,3781,PROD24
ORD07379,CUST4925,C017,CAM029,2026-04-07,2472,PROD43
ORD07380,CUST4925,C017,CAM029,2026-04-29,223,PROD48
ORD07381,CUST4925,C017,CAM029,2026-05-15,6584,PROD28
ORD07382,CUST4925,C017,CAM029,2026-06-21,3013,PROD30
ORD07383,CUST4926,C011,CAM003,2026-03-13,722,PROD42
ORD07384,CUST4927,C018,CAM017,2026-04-28,4134,PROD32
ORD07385,CUST4927,C018,CAM017,2026-05-15,1594,PROD42
ORD07386,CUST4928,C011,CAM001,2026-02-25,3172,PROD27
ORD07387,CUST4929,C017,CAM029,2026-02-09,1268,PROD10
ORD07388,CUST4930,C018,CAM039,2026-01-28,1217,PROD09
ORD07389,CUST4931,C004,CAM020,2026-02-19,2504,PROD21
ORD07390,CUST4932,C013,CAM023,2026-04-06,4465,PROD01
ORD07391,CUST4933,C005,CAM021,2026-06-01,1909,PROD42
ORD07392,CUST4934,C014,CAM014,2026-04-30,750,PROD41
ORD07393,CUST4935,C020,CAM026,2026-04-30,6807,PROD29
ORD07394,CUST4936,C007,CAM037,2026-01-06,4024,PROD24
ORD07395,CUST4936,C007,CAM037,2026-01-31,2843,PROD42
ORD07396,CUST4936,C007,CAM037,2026-03-10,2676,PROD43
ORD07397,CUST4936,C007,CAM037,2026-03-17,2162,PROD03
ORD07398,CUST4937,C013,CAM006,2026-04-07,1537,PROD44
ORD07399,CUST4938,C020,CAM026,2026-05-12,11641,PROD20
ORD07400,CUST4938,C020,CAM026,2026-05-28,1557,PROD21
ORD07401,CUST4938,C020,CAM026,2026-07-01,2770,PROD43
ORD07402,CUST4938,C020,CAM026,2026-08-29,3494,PROD13
ORD07403,CUST4939,C007,CAM028,2026-03-19,3796,PROD20
ORD07404,CUST4939,C007,CAM028,2026-04-07,737,PROD37
ORD07405,CUST4940,C023,CAM005,2026-05-25,2919,PROD14
ORD07406,CUST4941,C006,CAM008,2026-03-22,1989,PROD41
ORD07407,CUST4942,C020,CAM026,2026-04-21,4504,PROD11
ORD07408,CUST4943,C009,CAM035,2026-04-09,1902,PROD25
ORD07409,CUST4943,C009,CAM035,2026-05-23,6944,PROD23
ORD07410,CUST4944,C018,CAM004,2026-05-20,4738,PROD26
ORD07411,CUST4945,C018,CAM017,2026-04-13,3782,PROD12
ORD07412,CUST4946,C023,CAM010,2026-04-15,3572,PROD32
ORD07413,CUST4947,C004,CAM020,2026-02-13,1772,PROD47
ORD07414,CUST4948,C018,CAM017,2026-04-24,2463,PROD43
ORD07415,CUST4949,C010,CAM012,2026-01-25,4277,PROD10
ORD07416,CUST4950,C002,CAM027,2026-04-12,2538,PROD50
ORD07417,CUST4951,C003,CAM011,2026-03-09,5762,PROD40
ORD07418,CUST4952,C010,CAM038,2026-03-11,4602,PROD12
ORD07419,CUST4953,C018,CAM031,2026-02-19,3288,PROD31
ORD07420,CUST4954,C006,CAM008,2026-03-19,6510,PROD15
ORD07421,CUST4955,C012,CAM024,2026-05-10,1439,PROD06
ORD07422,CUST4956,C005,CAM021,2026-06-04,5097,PROD31
ORD07423,CUST4957,C013,CAM006,2026-04-05,6835,PROD36
ORD07424,CUST4958,C002,CAM002,2026-04-08,3021,PROD25
ORD07425,CUST4959,C008,CAM007,2026-01-25,6721,PROD08
ORD07426,CUST4960,C002,CAM002,2026-04-16,3840,PROD13
ORD07427,CUST4961,C023,CAM010,2026-04-04,1731,PROD32
ORD07428,CUST4961,C023,CAM010,2026-04-16,4567,PROD10
ORD07429,CUST4962,C013,CAM019,2026-05-11,847,PROD36
ORD07430,CUST4963,C008,CAM007,2026-01-26,4115,PROD41
ORD07431,CUST4964,C018,CAM004,2026-05-19,7979,PROD32
ORD07432,CUST4965,C020,CAM026,2026-05-14,3914,PROD28
ORD07433,CUST4966,C013,CAM019,2026-05-16,4934,PROD17
ORD07434,CUST4967,C012,CAM024,2026-05-13,2596,PROD21
ORD07435,CUST4968,C012,CAM024,2026-05-11,3178,PROD14
ORD07436,CUST4968,C012,CAM024,2026-05-29,5401,PROD45
ORD07437,CUST4969,C002,CAM027,2026-04-12,3197,PROD46
ORD07438,CUST4970,C002,CAM027,2026-04-08,3987,PROD49
ORD07439,CUST4971,C012,CAM024,2026-05-11,3675,PROD10
ORD07440,CUST4972,C020,CAM026,2026-05-06,734,PROD48
ORD07441,CUST4973,C005,CAM022,2026-06-03,5292,PROD43
ORD07442,CUST4974,C008,CAM033,2026-02-17,3391,PROD12
ORD07443,CUST4975,C013,CAM032,2026-03-20,9730,PROD25
ORD07444,CUST4976,C014,CAM014,2026-05-18,2801,PROD22
ORD07445,CUST4977,C021,CAM025,2026-02-20,10114,PROD25
ORD07446,CUST4978,C011,CAM009,2026-04-23,3541,PROD16
ORD07447,CUST4979,C018,CAM039,2026-01-22,2306,PROD18
ORD07448,CUST4980,C003,CAM011,2026-03-16,7187,PROD18
ORD07449,CUST4981,C004,CAM040,2026-01-25,1289,PROD43
ORD07450,CUST4981,C004,CAM040,2026-02-19,4882,PROD15
ORD07451,CUST4982,C010,CAM038,2026-03-11,1660,PROD50
ORD07452,CUST4983,C018,CAM039,2026-01-29,8013,PROD01
ORD07453,CUST4984,C018,CAM016,2026-01-16,1501,PROD25
ORD07454,CUST4984,C018,CAM016,2026-02-01,2228,PROD26
ORD07455,CUST4984,C018,CAM016,2026-03-20,1208,PROD04
ORD07456,CUST4984,C018,CAM016,2026-04-26,3494,PROD19
ORD07457,CUST4985,C017,CAM029,2026-02-11,1985,PROD47
ORD07458,CUST4985,C017,CAM029,2026-03-18,1170,PROD43
ORD07459,CUST4985,C017,CAM029,2026-04-15,5510,PROD25
ORD07460,CUST4985,C017,CAM029,2026-04-24,6010,PROD21
ORD07461,CUST4985,C017,CAM029,2026-06-14,3828,PROD18
ORD07462,CUST4986,C011,CAM003,2026-03-16,1229,PROD21
ORD07463,CUST4986,C011,CAM003,2026-04-06,2995,PROD37
ORD07464,CUST4986,C011,CAM003,2026-04-15,1486,PROD12
ORD07465,CUST4986,C011,CAM003,2026-05-30,2763,PROD43
ORD07466,CUST4986,C011,CAM003,2026-06-08,9333,PROD24
ORD07467,CUST4986,C011,CAM003,2026-06-18,1082,PROD28
ORD07468,CUST4987,C006,CAM008,2026-03-20,6305,PROD37
ORD07469,CUST4987,C006,CAM008,2026-05-13,1853,PROD44
ORD07470,CUST4988,C011,CAM015,2026-05-28,1240,PROD02
ORD07471,CUST4989,C011,CAM009,2026-04-10,665,PROD25
ORD07472,CUST4990,C018,CAM018,2026-06-01,4795,PROD29
ORD07473,CUST4991,C013,CAM006,2026-04-18,658,PROD12
ORD07474,CUST4992,C013,CAM032,2026-03-24,1627,PROD09
ORD07475,CUST4993,C010,CAM012,2026-01-27,1447,PROD11
ORD07476,CUST4993,C010,CAM012,2026-03-15,6443,PROD01
ORD07477,CUST4994,C006,CAM008,2026-03-25,5152,PROD32
ORD07478,CUST4995,C021,CAM025,2026-02-13,2781,PROD06
ORD07479,CUST4996,C013,CAM023,2026-04-07,4373,PROD13
ORD07480,CUST4996,C013,CAM023,2026-05-18,2350,PROD16
ORD07481,CUST4996,C013,CAM023,2026-07-10,2781,PROD46
ORD07482,CUST4996,C013,CAM023,2026-08-11,2533,PROD40
ORD07483,CUST4997,C004,CAM020,2026-02-20,5897,PROD42
ORD07484,CUST4998,C013,CAM023,2026-04-09,10750,PROD34
ORD07485,CUST4998,C013,CAM023,2026-05-14,3658,PROD14
ORD07486,CUST4999,C013,CAM023,2026-04-05,2071,PROD31
ORD07487,CUST5000,C012,CAM024,2026-05-08,6515,PROD50
ORD07488,CUST5001,C014,CAM014,2026-05-03,1876,PROD25
ORD07489,CUST5002,C018,CAM039,2026-01-21,4453,PROD22
ORD07490,CUST5003,C009,CAM030,2026-04-07,4267,PROD35
ORD07491,CUST5004,C013,CAM032,2026-03-24,6314,PROD27
ORD07492,CUST5005,C018,CAM039,2026-01-24,8960,PROD14
ORD07493,CUST5006,C012,CAM024,2026-05-16,2945,PROD45
ORD07494,CUST5007,C018,CAM004,2026-05-22,2049,PROD39
ORD07495,CUST5007,C018,CAM004,2026-06-01,3157,PROD41
ORD07496,CUST5007,C018,CAM004,2026-07-25,911,PROD25
ORD07497,CUST5007,C018,CAM004,2026-08-20,6996,PROD20
ORD07498,CUST5008,C011,CAM001,2026-02-25,10202,PROD44
ORD07499,CUST5009,C011,CAM003,2026-03-14,445,PROD08
ORD07500,CUST5009,C011,CAM003,2026-03-28,2236,PROD03
ORD07501,CUST5010,C018,CAM039,2026-01-22,394,PROD23
ORD07502,CUST5011,C024,CAM013,2026-05-17,6123,PROD32
ORD07503,CUST5012,C007,CAM028,2026-03-18,1828,PROD19
ORD07504,CUST5013,C007,CAM037,2026-01-15,819,PROD19
ORD07505,CUST5014,C013,CAM006,2026-04-03,979,PROD01
ORD07506,CUST5015,C005,CAM021,2026-06-06,1817,PROD30
ORD07507,CUST5016,C018,CAM017,2026-04-22,3145,PROD43
ORD07508,CUST5016,C018,CAM017,2026-06-14,1699,PROD28
ORD07509,CUST5016,C018,CAM017,2026-07-20,2067,PROD26
ORD07510,CUST5017,C023,CAM005,2026-06-05,9114,PROD20
ORD07511,CUST5018,C007,CAM028,2026-03-19,5915,PROD25
ORD07512,CUST5019,C013,CAM032,2026-03-22,2703,PROD03
ORD07513,CUST5020,C010,CAM012,2026-01-29,1548,PROD27
ORD07514,CUST5020,C010,CAM012,2026-02-18,1544,PROD23
ORD07515,CUST5021,C011,CAM003,2026-03-12,7854,PROD03
ORD07516,CUST5022,C011,CAM003,2026-03-15,4576,PROD37
ORD07517,CUST5023,C012,CAM024,2026-05-16,3793,PROD30
ORD07518,CUST5024,C018,CAM039,2026-01-22,1342,PROD41
ORD07519,CUST5024,C018,CAM039,2026-03-04,2049,PROD42
ORD07520,CUST5025,C024,CAM013,2026-05-21,1602,PROD25
ORD07521,CUST5026,C011,CAM015,2026-05-28,3299,PROD45
ORD07522,CUST5026,C011,CAM015,2026-06-25,2766,PROD38
ORD07523,CUST5026,C011,CAM015,2026-07-29,4269,PROD47
ORD07524,CUST5026,C011,CAM015,2026-08-03,8714,PROD12
ORD07525,CUST5027,C013,CAM023,2026-04-08,2055,PROD34
ORD07526,CUST5027,C013,CAM023,2026-04-23,3025,PROD30
ORD07527,CUST5028,C008,CAM033,2026-02-18,10856,PROD20
ORD07528,CUST5029,C018,CAM039,2026-01-22,8973,PROD40
ORD07529,CUST5030,C014,CAM014,2026-05-15,3838,PROD36
ORD07530,CUST5031,C007,CAM036,2026-01-19,1449,PROD40
ORD07531,CUST5032,C013,CAM006,2026-04-14,5089,PROD27
ORD07532,CUST5033,C012,CAM024,2026-05-13,3533,PROD22
ORD07533,CUST5034,C024,CAM013,2026-05-25,729,PROD19
ORD07534,CUST5035,C023,CAM005,2026-05-29,9178,PROD17
ORD07535,CUST5035,C023,CAM005,2026-07-23,4454,PROD05
ORD07536,CUST5035,C023,CAM005,2026-09-16,2006,PROD20
ORD07537,CUST5036,C018,CAM004,2026-05-19,8318,PROD39
ORD07538,CUST5037,C018,CAM004,2026-05-21,5069,PROD16
ORD07539,CUST5038,C006,CAM008,2026-03-20,2623,PROD29
ORD07540,CUST5038,C006,CAM008,2026-04-12,970,PROD15
ORD07541,CUST5038,C006,CAM008,2026-05-23,6408,PROD18
ORD07542,CUST5039,C018,CAM016,2026-01-19,2819,PROD49
ORD07543,CUST5039,C018,CAM016,2026-03-08,2843,PROD43
ORD07544,CUST5040,C013,CAM023,2026-04-11,11690,PROD15
ORD07545,CUST5041,C006,CAM008,2026-03-25,8756,PROD27
ORD07546,CUST5042,C013,CAM019,2026-05-27,3800,PROD47
ORD07547,CUST5043,C018,CAM018,2026-06-13,3044,PROD35
ORD07548,CUST5044,C020,CAM026,2026-05-13,4310,PROD38
ORD07549,CUST5045,C011,CAM015,2026-06-06,9592,PROD16
ORD07550,CUST5045,C011,CAM015,2026-06-21,2395,PROD07
ORD07551,CUST5046,C006,CAM008,2026-03-25,4957,PROD04
ORD07552,CUST5047,C010,CAM038,2026-03-05,2458,PROD31
ORD07553,CUST5047,C010,CAM038,2026-04-27,9222,PROD03
ORD07554,CUST5047,C010,CAM038,2026-06-01,4206,PROD21
ORD07555,CUST5048,C007,CAM036,2026-01-17,997,PROD19
ORD07556,CUST5049,C009,CAM030,2026-04-04,2078,PROD31
ORD07557,CUST5050,C023,CAM005,2026-05-26,2220,PROD09
ORD07558,CUST5051,C007,CAM028,2026-03-13,5770,PROD20
ORD07559,CUST5051,C007,CAM028,2026-04-04,2854,PROD37
ORD07560,CUST5052,C012,CAM024,2026-05-11,730,PROD05
ORD07561,CUST5053,C009,CAM030,2026-04-07,1159,PROD04
ORD07562,CUST5053,C009,CAM030,2026-06-03,6634,PROD02
ORD07563,CUST5054,C013,CAM006,2026-04-26,14780,PROD07
ORD07564,CUST5055,C009,CAM035,2026-04-18,2700,PROD47
ORD07565,CUST5055,C009,CAM035,2026-06-17,4925,PROD30
ORD07566,CUST5055,C009,CAM035,2026-07-13,6697,PROD26
ORD07567,CUST5056,C008,CAM033,2026-02-08,564,PROD39
ORD07568,CUST5057,C018,CAM004,2026-05-21,3271,PROD22
ORD07569,CUST5058,C003,CAM011,2026-03-16,15000,PROD01
ORD07570,CUST5059,C011,CAM015,2026-05-29,6374,PROD06
ORD07571,CUST5060,C013,CAM032,2026-03-28,-2997,PROD05
ORD07572,CUST5061,C007,CAM028,2026-03-28,3434,PROD20
ORD07573,CUST5062,C004,CAM040,2026-01-26,3644,PROD26
ORD07574,CUST5063,C020,CAM026,2026-04-26,1850,PROD15
ORD07575,CUST5063,C020,CAM026,2026-06-04,4512,PROD36
ORD07576,CUST5064,C007,CAM037,2026-01-05,3858,PROD19
ORD07577,CUST5065,C003,CAM011,2026-03-01,5227,PROD11
ORD07578,CUST5066,C014,CAM014,2026-05-03,1463,PROD16
ORD07579,CUST5066,C014,CAM014,2026-05-20,2965,PROD20
ORD07580,CUST5066,C014,CAM014,2026-06-23,6074,PROD19
ORD07581,CUST5066,C014,CAM014,2026-07-09,2124,PROD17
ORD07582,CUST5066,C014,CAM014,2026-08-09,3533,PROD14
ORD07583,CUST5067,C020,CAM026,2026-04-22,1992,PROD15
ORD07584,CUST5067,C020,CAM026,2026-06-08,4173,PROD29
ORD07585,CUST5067,C020,CAM026,2026-07-28,3053,PROD38
ORD07586,CUST5068,C008,CAM033,2026-02-13,2919,PROD44
ORD07587,CUST5069,C012,CAM024,2026-05-13,1285,PROD35
ORD07588,CUST5070,C011,CAM015,2026-05-23,1645,PROD42
ORD07589,CUST5070,C011,CAM015,2026-06-17,7716,PROD46
ORD07590,CUST5071,C014,CAM014,2026-05-03,1401,PROD18
ORD07591,CUST5072,C004,CAM020,2026-02-07,4880,PROD42
ORD07592,CUST5072,C004,CAM020,2026-02-17,201,PROD42
ORD07593,CUST5073,C011,CAM009,2026-04-23,3076,PROD19
ORD07594,CUST5074,C008,CAM007,2026-01-25,6472,PROD03
ORD07595,CUST5074,C008,CAM007,2026-02-18,1618,PROD14
ORD07596,CUST5075,C008,CAM033,2026-02-07,1312,PROD15
ORD07597,CUST5075,C008,CAM033,2026-03-18,2064,PROD24
ORD07598,CUST5075,C008,CAM033,2026-03-26,7437,PROD11
ORD07599,CUST5076,C009,CAM030,2026-04-06,3577,PROD18
ORD07600,CUST5077,C007,CAM037,2026-01-11,7215,PROD29
ORD07601,CUST5078,C008,CAM033,2026-02-07,2027,PROD49
ORD07602,CUST5079,C018,CAM031,2026-02-15,1938,PROD09
ORD07603,CUST5079,C018,CAM031,2026-03-25,1927,PROD10
ORD07604,CUST5079,C018,CAM031,2026-05-08,5876,PROD15
ORD07605,CUST5079,C018,CAM031,2026-05-13,3364,PROD09
ORD07606,CUST5080,C002,CAM027,2026-04-12,1714,PROD37
ORD07607,CUST5081,C013,CAM023,2026-04-06,200,PROD01
ORD07608,CUST5082,C008,CAM007,2026-01-18,3271,PROD17
ORD07609,CUST5082,C008,CAM007,2026-02-18,5305,PROD30
ORD07610,CUST5083,C018,CAM031,2026-02-12,3874,PROD08
ORD07611,CUST5084,C007,CAM037,2026-01-11,12528,PROD24
ORD07612,CUST5085,C010,CAM012,2026-01-19,2279,PROD28
ORD07613,CUST5086,C008,CAM007,2026-01-25,1057,PROD23
ORD07614,CUST5087,C021,CAM025,2026-03-07,8497,PROD48
ORD07615,CUST5087,C021,CAM025,2026-03-15,2985,PROD12
ORD07616,CUST5088,C009,CAM030,2026-04-08,12224,PROD04
ORD07617,CUST5089,C020,CAM026,2026-04-24,2996,PROD48
ORD07618,CUST5090,C024,CAM013,2026-06-03,7063,PROD32
ORD07619,CUST5091,C014,CAM014,2026-05-06,2291,PROD18
ORD07620,CUST5091,C014,CAM014,2026-06-25,6546,PROD09
ORD07621,CUST5092,C011,CAM003,2026-03-11,10469,PROD30
ORD07622,CUST5093,C018,CAM017,2026-04-13,3716,PROD46
ORD07623,CUST5093,C018,CAM017,2026-04-28,493,PROD11
ORD07624,CUST5094,C002,CAM027,2026-05-03,7186,PROD04
ORD07625,CUST5094,C002,CAM027,2026-05-31,1380,PROD04
ORD07626,CUST5095,C011,CAM001,2026-03-10,2742,PROD17
ORD07627,CUST5096,C012,CAM024,2026-05-15,3032,PROD50
ORD07628,CUST5097,C018,CAM004,2026-05-25,1259,PROD45
ORD07629,CUST5098,C010,CAM038,2026-03-08,6638,PROD27
ORD07630,CUST5099,C024,CAM013,2026-06-05,1758,PROD39
ORD07631,CUST5100,C018,CAM016,2026-01-17,775,PROD04
ORD07632,CUST5101,C021,CAM025,2026-02-20,772,PROD15
ORD07633,CUST5102,C018,CAM016,2026-01-28,1783,PROD10
ORD07634,CUST5103,C023,CAM010,2026-04-14,2671,PROD10
ORD07635,CUST5103,C023,CAM010,2026-05-10,2048,PROD33
ORD07636,CUST5104,C006,CAM008,2026-03-17,1001,PROD21
ORD07637,CUST5104,C006,CAM008,2026-04-29,8621,PROD03
ORD07638,CUST5104,C006,CAM008,2026-06-24,790,PROD38
ORD07639,CUST5104,C006,CAM008,2026-08-18,3946,PROD45
ORD07640,CUST5104,C006,CAM008,2026-09-13,7759,PROD25
ORD07641,CUST5105,C018,CAM039,2026-01-29,2775,PROD17
ORD07642,CUST5106,C014,CAM014,2026-05-03,3590,PROD32
ORD07643,CUST5107,C023,CAM005,2026-05-28,1011,PROD50
ORD07644,CUST5107,C023,CAM005,2026-06-06,326,PROD12
ORD07645,CUST5108,C020,CAM026,2026-04-23,1290,PROD04
ORD07646,CUST5108,C020,CAM026,2026-05-05,4364,PROD34
ORD07647,CUST5109,C010,CAM012,2026-02-04,971,PROD45
ORD07648,CUST5109,C010,CAM012,2026-03-03,392,PROD45
ORD07649,CUST5110,C008,CAM007,2026-01-24,4787,PROD48
ORD07650,CUST5111,C007,CAM028,2026-03-07,1043,PROD05
ORD07651,CUST5112,C009,CAM035,2026-04-06,4634,PROD32
ORD07652,CUST5113,C002,CAM002,2026-04-08,4223,PROD15
ORD07653,CUST5114,C011,CAM003,2026-03-11,886,PROD38
ORD07654,CUST5115,C011,CAM015,2026-06-01,4636,PROD23
ORD07655,CUST5115,C011,CAM015,2026-06-17,2848,PROD39
ORD07656,CUST5116,C011,CAM009,2026-04-11,8855,PROD12
ORD07657,CUST5117,C013,CAM006,2026-04-07,2258,PROD25
ORD07658,CUST5118,C018,CAM016,2026-01-19,4202,PROD36
ORD07659,CUST5118,C018,CAM016,2026-02-22,4697,PROD12
ORD07660,CUST5118,C018,CAM016,2026-03-09,3901,PROD02
ORD07661,CUST5119,C008,CAM033,2026-02-24,6793,PROD10
ORD07662,CUST5120,C023,CAM010,2026-04-10,2722,PROD44
ORD07663,CUST5120,C023,CAM010,2026-05-05,406,PROD44
ORD07664,CUST5120,C023,CAM010,2026-06-30,2425,PROD17
ORD07665,CUST5121,C011,CAM001,2026-03-09,2884,PROD13
ORD07666,CUST5122,C002,CAM027,2026-05-01,4274,PROD45
ORD07667,CUST5123,C014,CAM014,2026-05-05,3648,PROD19
ORD07668,CUST5124,C009,CAM034,2026-05-19,4928,PROD02
ORD07669,CUST5125,C007,CAM037,2026-01-13,2855,PROD32
ORD07670,CUST5126,C017,CAM029,2026-02-18,6661,PROD22
ORD07671,CUST5127,C007,CAM037,2026-01-09,7935,PROD11
ORD07672,CUST5128,C002,CAM002,2026-04-13,11900,PROD25
ORD07673,CUST5129,C009,CAM035,2026-04-14,1223,PROD05
ORD07674,CUST5130,C018,CAM016,2026-01-27,5206,PROD13
ORD07675,CUST5131,C023,CAM010,2026-04-14,1107,PROD17
ORD07676,CUST5131,C023,CAM010,2026-05-28,704,PROD45
ORD07677,CUST5132,C024,CAM013,2026-05-29,4343,PROD43
ORD07678,CUST5133,C018,CAM017,2026-04-18,800,PROD39
ORD07679,CUST5134,C011,CAM009,2026-04-18,2105,PROD18
ORD07680,CUST5135,C009,CAM030,2026-04-05,4289,PROD31
ORD07681,CUST5136,C005,CAM022,2026-06-04,4817,PROD23
ORD07682,CUST5136,C005,CAM022,2026-07-15,3677,PROD10
ORD07683,CUST5137,C012,CAM024,2026-05-13,12014,PROD26
ORD07684,CUST5137,C012,CAM024,2026-06-09,4360,PROD35
ORD07685,CUST5137,C012,CAM024,2026-06-19,5090,PROD10
ORD07686,CUST5137,C012,CAM024,2026-08-14,1585,PROD39
ORD07687,CUST5138,C009,CAM035,2026-04-06,5645,PROD37
ORD07688,CUST5139,C003,CAM011,2026-02-28,3620,PROD19
ORD07689,CUST5139,C003,CAM011,2026-03-12,200,PROD05
ORD07690,CUST5140,C023,CAM005,2026-06-04,2057,PROD10
ORD07691,CUST5140,C023,CAM005,2026-07-16,1538,PROD21
ORD07692,CUST5140,C023,CAM005,2026-08-10,9385,PROD49
ORD07693,CUST5141,C013,CAM019,2026-05-26,3564,PROD28
ORD07694,CUST5142,C023,CAM005,2026-06-05,7965,PROD10
ORD07695,CUST5143,C017,CAM029,2026-02-12,14666,PROD40
ORD07696,CUST5143,C017,CAM029,2026-04-04,1484,PROD19
ORD07697,CUST5144,C011,CAM003,2026-03-11,3577,PROD25
ORD07698,CUST5144,C011,CAM003,2026-03-20,954,PROD22
ORD07699,CUST5145,C009,CAM030,2026-04-02,2790,PROD02
ORD07700,CUST5146,C010,CAM012,2026-02-09,1645,PROD07
ORD07701,CUST5147,C010,CAM038,2026-03-06,2480,PROD15
ORD07702,CUST5148,C014,CAM014,2026-05-16,2320,PROD03
ORD07703,CUST5149,C023,CAM010,2026-04-08,3746,PROD15
ORD07704,CUST5150,C013,CAM032,2026-03-14,2254,PROD42
ORD07705,CUST5150,C013,CAM032,2026-03-24,6358,PROD12
ORD07706,CUST5151,C010,CAM012,2026-01-23,2097,PROD12
ORD07707,CUST5151,C010,CAM012,2026-03-19,810,PROD05
ORD07708,CUST5152,C010,CAM038,2026-03-07,3654,PROD08
ORD07709,CUST5153,C023,CAM010,2026-04-09,2439,PROD28
ORD07710,CUST5154,C004,CAM040,2026-01-31,3472,PROD26
ORD07711,CUST5155,C002,CAM027,2026-04-08,7991,PROD38
ORD07712,CUST5155,C002,CAM027,2026-04-20,3622,PROD34
ORD07713,CUST5156,C024,CAM013,2026-05-25,3250,PROD04
ORD07714,CUST5157,C005,CAM021,2026-06-02,8561,PROD49
ORD07715,CUST5158,C010,CAM012,2026-02-14,2800,PROD01
ORD07716,CUST5159,C023,CAM005,2026-06-03,4056,PROD33
ORD07717,CUST5159,C023,CAM005,2026-07-09,2031,PROD29
ORD07718,CUST5160,C005,CAM022,2026-06-15,8515,PROD21
ORD07719,CUST5161,C005,CAM021,2026-06-03,5476,PROD25
ORD07720,CUST5162,C007,CAM036,2026-01-13,3141,PROD26
ORD07721,CUST5163,C009,CAM035,2026-04-10,5456,PROD08
ORD07722,CUST5164,C009,CAM030,2026-04-04,498,PROD14
ORD07723,CUST5165,C011,CAM009,2026-04-13,4172,PROD10
ORD07724,CUST5165,C011,CAM009,2026-06-02,7199,PROD28
ORD07725,CUST5166,C011,CAM003,2026-03-11,2297,PROD13
ORD07726,CUST5166,C011,CAM003,2026-03-27,6574,PROD02
ORD07727,CUST5167,C013,CAM032,2026-03-31,2447,PROD19
ORD07728,CUST5167,C013,CAM032,2026-04-15,2900,PROD40
ORD07729,CUST5168,C005,CAM021,2026-06-10,2195,PROD08
ORD07730,CUST5168,C005,CAM021,2026-07-03,4074,PROD47
ORD07731,CUST5169,C018,CAM017,2026-04-16,8317,PROD40
ORD07732,CUST5169,C018,CAM017,2026-05-19,3689,PROD10
ORD07733,CUST5170,C008,CAM007,2026-01-24,5582,PROD39
ORD07734,CUST5171,C014,CAM014,2026-05-07,8423,PROD34
ORD07735,CUST5172,C018,CAM031,2026-03-02,4820,PROD45
ORD07736,CUST5172,C018,CAM031,2026-03-19,2798,PROD08
ORD07737,CUST5173,C005,CAM022,2026-06-16,2276,PROD15
ORD07738,CUST5173,C005,CAM022,2026-07-18,3190,PROD28
ORD07739,CUST5174,C011,CAM009,2026-04-08,1066,PROD48
ORD07740,CUST5175,C024,CAM013,2026-06-08,2530,PROD01
ORD07741,CUST5175,C024,CAM013,2026-07-05,4279,PROD13
ORD07742,CUST5175,C024,CAM013,2026-08-26,4541,PROD11
ORD07743,CUST5175,C024,CAM013,2026-10-04,4230,PROD22
ORD07744,CUST5176,C012,CAM024,2026-05-15,421,PROD07
ORD07745,CUST5177,C018,CAM004,2026-05-23,1173,PROD21
ORD07746,CUST5178,C017,CAM029,2026-02-04,3803,PROD34
ORD07747,CUST5178,C017,CAM029,2026-02-24,985,PROD36
ORD07748,CUST5179,C024,CAM013,2026-05-17,3614,PROD36
ORD07749,CUST5180,C002,CAM002,2026-04-10,3188,PROD40
ORD07750,CUST5181,C013,CAM023,2026-04-13,4332,PROD50
ORD07751,CUST5182,C018,CAM039,2026-01-21,870,PROD26
ORD07752,CUST5182,C018,CAM039,2026-03-01,2364,PROD45
ORD07753,CUST5182,C018,CAM039,2026-04-02,3788,PROD11
ORD07754,CUST5183,C014,CAM014,2026-05-13,952,PROD16
ORD07755,CUST5184,C011,CAM015,2026-05-26,4376,PROD36
ORD07756,CUST5184,C011,CAM015,2026-06-13,2717,PROD33
ORD07757,CUST5185,C011,CAM001,2026-03-09,5901,PROD14
ORD07758,CUST5186,C011,CAM001,2026-03-12,981,PROD48
ORD07759,CUST5187,C018,CAM039,2026-01-29,1926,PROD08
ORD07760,CUST5188,C018,CAM039,2026-01-29,12241,PROD49
ORD07761,CUST5189,C008,CAM007,2026-01-24,661,PROD30
ORD07762,CUST5189,C008,CAM007,2026-02-04,2128,PROD16
ORD07763,CUST5190,C005,CAM021,2026-06-10,3966,PROD50
ORD07764,CUST5190,C005,CAM021,2026-06-21,2779,PROD01
ORD07765,CUST5191,C009,CAM030,2026-04-01,1657,PROD33
ORD07766,CUST5191,C009,CAM030,2026-05-26,891,PROD11
ORD07767,CUST5192,C018,CAM031,2026-02-17,3968,PROD10
ORD07768,CUST5193,C004,CAM020,2026-02-13,746,PROD12
ORD07769,CUST5194,C009,CAM034,2026-06-02,3473,PROD05
ORD07770,CUST5195,C007,CAM036,2026-01-16,3682,PROD49
ORD07771,CUST5196,C009,CAM034,2026-06-01,4804,PROD31
ORD07772,CUST5196,C009,CAM034,2026-07-07,3303,PROD25
ORD07773,CUST5197,C020,CAM026,2026-05-09,1640,PROD49
ORD07774,CUST5197,C020,CAM026,2026-06-23,7386,PROD47
ORD07775,CUST5198,C005,CAM022,2026-06-17,1643,PROD41
ORD07776,CUST5198,C005,CAM022,2026-07-26,6621,PROD34
ORD07777,CUST5198,C005,CAM022,2026-08-06,1966,PROD42
ORD07778,CUST5199,C003,CAM011,2026-03-03,2787,PROD05
ORD07779,CUST5200,C004,CAM020,2026-02-10,4358,PROD29
ORD07780,CUST5201,C020,CAM026,2026-04-22,1859,PROD33
ORD07781,CUST5202,C007,CAM036,2026-01-04,4186,PROD38
ORD07782,CUST5203,C024,CAM013,2026-06-04,5454,PROD42
ORD07783,CUST5204,C010,CAM038,2026-03-11,6856,PROD23
ORD07784,CUST5205,C009,CAM034,2026-05-25,1325,PROD44
ORD07785,CUST5205,C009,CAM034,2026-05-31,7037,PROD46
ORD07786,CUST5206,C011,CAM015,2026-06-03,6230,PROD26
ORD07787,CUST5206,C011,CAM015,2026-07-02,3932,PROD24
ORD07788,CUST5207,C014,CAM014,2026-05-11,2748,PROD49
ORD07789,CUST5208,C013,CAM023,2026-04-12,2828,PROD37
ORD07790,CUST5209,C010,CAM038,2026-03-04,860,PROD29
ORD07791,CUST5209,C010,CAM038,2026-03-22,336,PROD20
ORD07792,CUST5209,C010,CAM038,2026-05-05,10790,PROD33
ORD07793,CUST5209,C010,CAM038,2026-06-16,4546,PROD37
ORD07794,CUST5210,C011,CAM001,2026-03-07,5044,PROD39
ORD07795,CUST5211,C023,CAM010,2026-04-14,4274,PROD41
ORD07796,CUST5211,C023,CAM010,2026-04-19,378,PROD49
ORD07797,CUST5211,C023,CAM010,2026-05-22,1981,PROD48
ORD07798,CUST5212,C024,CAM013,2026-06-14,2273,PROD39
ORD07799,CUST5212,C024,CAM013,2026-06-20,4728,PROD29
ORD07800,CUST5212,C024,CAM013,2026-07-12,2511,PROD41
ORD07801,CUST5212,C024,CAM013,2026-08-16,6301,PROD10
ORD07802,CUST5212,C024,CAM013,2026-10-08,2425,PROD40
ORD07803,CUST5212,C024,CAM013,2026-11-08,3654,PROD28
ORD07804,CUST5212,C024,CAM013,2026-12-20,916,PROD20
ORD07805,CUST5213,C018,CAM031,2026-02-24,1367,PROD26
ORD07806,CUST5214,C013,CAM023,2026-04-03,1763,PROD36
ORD07807,CUST5215,C024,CAM013,2026-06-05,4554,PROD44
ORD07808,CUST5216,C018,CAM018,2026-06-10,6665,PROD23
ORD07809,CUST5216,C018,CAM018,2026-07-28,1819,PROD40
ORD07810,CUST5216,C018,CAM018,2026-09-25,708,PROD37
ORD07811,CUST5217,C004,CAM020,2026-02-18,839,PROD33
ORD07812,CUST5217,C004,CAM020,2026-03-07,5132,PROD39
ORD07813,CUST5218,C011,CAM003,2026-03-17,7770,PROD08
ORD07814,CUST5219,C018,CAM017,2026-04-27,5189,PROD30
ORD07815,CUST5219,C018,CAM017,2026-06-04,4301,PROD41
ORD07816,CUST5220,C018,CAM016,2026-01-18,2142,PROD38
ORD07817,CUST5221,C002,CAM002,2026-04-16,9200,PROD25
ORD07818,CUST5221,C002,CAM002,2026-05-09,3977,PROD50
ORD07819,CUST5222,C018,CAM004,2026-05-26,2491,PROD19
ORD07820,CUST5222,C018,CAM004,2026-06-20,1063,PROD01
ORD07821,CUST5223,C012,CAM024,2026-05-16,517,PROD41
ORD07822,CUST5223,C012,CAM024,2026-06-22,10778,PROD26
ORD07823,CUST5223,C012,CAM024,2026-06-27,9876,PROD21
ORD07824,CUST5224,C023,CAM010,2026-04-05,10684,PROD03
ORD07825,CUST5225,C003,CAM011,2026-03-07,829,PROD30
ORD07826,CUST5225,C003,CAM011,2026-03-14,6947,PROD26
ORD07827,CUST5225,C003,CAM011,2026-04-13,4999,PROD19
ORD07828,CUST5226,C003,CAM011,2026-03-14,3297,PROD02
ORD07829,CUST5227,C011,CAM009,2026-04-13,1750,PROD17
ORD07830,CUST5227,C011,CAM009,2026-05-10,1774,PROD34
ORD07831,CUST5228,C005,CAM022,2026-06-06,3383,PROD35
ORD07832,CUST5228,C005,CAM022,2026-07-17,1046,PROD36
ORD07833,CUST5229,C013,CAM006,2026-04-24,3928,PROD22
ORD07834,CUST5230,C008,CAM033,2026-02-06,4276,PROD35
ORD07835,CUST5231,C008,CAM007,2026-01-21,5655,PROD48
ORD07836,CUST5232,C007,CAM036,2026-01-09,2725,PROD48
ORD07837,CUST5233,C024,CAM013,2026-06-03,4504,PROD16
ORD07838,CUST5234,C002,CAM027,2026-04-12,2416,PROD29
ORD07839,CUST5235,C009,CAM030,2026-04-03,2734,PROD04
ORD07840,CUST5236,C005,CAM022,2026-06-05,3022,PROD23
ORD07841,CUST5236,C005,CAM022,2026-07-26,3975,PROD25
ORD07842,CUST5237,C010,CAM012,2026-02-09,3381,PROD38
ORD07843,CUST5238,C004,CAM020,2026-02-17,1270,PROD02
ORD07844,CUST5239,C007,CAM028,2026-03-18,3221,PROD36
ORD07845,CUST5240,C017,CAM029,2026-02-23,2932,PROD29
ORD07846,CUST5241,C013,CAM032,2026-03-30,10427,PROD19
ORD07847,CUST5242,C011,CAM001,2026-03-11,4589,PROD33
ORD07848,CUST5243,C018,CAM039,2026-01-28,269,PROD02
ORD07849,CUST5244,C009,CAM030,2026-03-30,1140,PROD11
ORD07850,CUST5245,C013,CAM006,2026-04-23,2659,PROD02
ORD07851,CUST5246,C010,CAM038,2026-03-06,4263,PROD45
ORD07852,CUST5247,C021,CAM025,2026-02-10,5989,PROD19
ORD07853,CUST5247,C021,CAM025,2026-03-06,1214,PROD17
ORD07854,CUST5247,C021,CAM025,2026-03-19,1612,PROD39
ORD07855,CUST5248,C018,CAM039,2026-01-21,1086,PROD18
ORD07856,CUST5249,C003,CAM011,2026-03-05,1607,PROD36
ORD07857,CUST5250,C008,CAM007,2026-01-23,4269,PROD03
ORD07858,CUST5250,C008,CAM007,2026-02-21,8919,PROD10
ORD07859,CUST5250,C008,CAM007,2026-04-17,1372,PROD50
ORD07860,CUST5250,C008,CAM007,2026-04-30,2732,PROD08
ORD07861,CUST5251,C004,CAM020,2026-02-17,2953,PROD28
ORD07862,CUST5252,C018,CAM039,2026-01-28,2139,PROD28
ORD07863,CUST5252,C018,CAM039,2026-03-23,7881,PROD12
ORD07864,CUST5252,C018,CAM039,2026-04-08,5597,PROD12
ORD07865,CUST5252,C018,CAM039,2026-04-20,1616,PROD39
ORD07866,CUST5253,C009,CAM034,2026-05-20,2177,PROD41
ORD07867,CUST5253,C009,CAM034,2026-07-05,1609,PROD43
ORD07868,CUST5253,C009,CAM034,2026-07-28,5469,PROD29
ORD07869,CUST5254,C018,CAM018,2026-05-26,1699,PROD20
ORD07870,CUST5254,C018,CAM018,2026-06-30,1913,PROD25
ORD07871,CUST5254,C018,CAM018,2026-07-24,1903,PROD35
ORD07872,CUST5255,C023,CAM010,2026-04-14,3667,PROD24
ORD07873,CUST5256,C010,CAM038,2026-03-06,3850,PROD21
ORD07874,CUST5257,C013,CAM006,2026-04-06,1148,PROD15
ORD07875,CUST5258,C018,CAM031,2026-02-17,7549,PROD32
ORD07876,CUST5258,C018,CAM031,2026-04-16,4518,PROD06
ORD07877,CUST5259,C007,CAM036,2026-01-10,1221,PROD23
ORD07878,CUST5260,C018,CAM039,2026-01-22,6948,PROD39
ORD07879,CUST5260,C018,CAM039,2026-01-30,12549,PROD01
ORD07880,CUST5260,C018,CAM039,2026-03-23,6453,PROD16
ORD07881,CUST5260,C018,CAM039,2026-04-22,2143,PROD09
ORD07882,CUST5261,C023,CAM005,2026-05-27,4082,PROD05
ORD07883,CUST5262,C005,CAM022,2026-06-14,8410,PROD50
ORD07884,CUST5262,C005,CAM022,2026-07-29,5737,PROD10
ORD07885,CUST5263,C005,CAM021,2026-06-07,9011,PROD28
ORD07886,CUST5264,C002,CAM027,2026-04-16,2556,PROD35
ORD07887,CUST5265,C009,CAM035,2026-04-09,2140,PROD36
ORD07888,CUST5266,C018,CAM004,2026-05-28,537,PROD21
ORD07889,CUST5267,C020,CAM026,2026-04-24,10946,PROD20
ORD07890,CUST5268,C003,CAM011,2026-03-16,5956,PROD09
ORD07891,CUST5269,C008,CAM007,2026-01-23,1795,PROD08
ORD07892,CUST5269,C008,CAM007,2026-03-01,3159,PROD21
ORD07893,CUST5269,C008,CAM007,2026-04-06,2245,PROD24
ORD07894,CUST5269,C008,CAM007,2026-05-20,6376,PROD06
ORD07895,CUST5270,C023,CAM005,2026-05-24,3743,PROD04
ORD07896,CUST5270,C023,CAM005,2026-07-01,7658,PROD41
ORD07897,CUST5270,C023,CAM005,2026-07-09,2838,PROD24
ORD07898,CUST5271,C002,CAM002,2026-04-17,3791,PROD29
ORD07899,CUST5271,C002,CAM002,2026-05-21,6009,PROD20
ORD07900,CUST5271,C002,CAM002,2026-06-12,1776,PROD31
ORD07901,CUST5271,C002,CAM002,2026-07-01,4519,PROD49
ORD07902,CUST5272,C013,CAM019,2026-05-14,2458,PROD10
ORD07903,CUST5273,C013,CAM019,2026-05-22,770,PROD47
ORD07904,CUST5274,C018,CAM039,2026-01-25,1954,PROD30
ORD07905,CUST5274,C018,CAM039,2026-02-06,4305,PROD23
ORD07906,CUST5275,C017,CAM029,2026-02-08,6360,PROD37
ORD07907,CUST5276,C007,CAM028,2026-03-12,771,PROD39
ORD07908,CUST5277,C013,CAM032,2026-03-10,5132,PROD32
ORD07909,CUST5278,C009,CAM034,2026-05-27,12273,PROD13
ORD07910,CUST5278,C009,CAM034,2026-06-08,3446,PROD34
ORD07911,CUST5279,C002,CAM002,2026-04-14,5280,PROD05
ORD07912,CUST5279,C002,CAM002,2026-06-02,4195,PROD13
ORD07913,CUST5280,C014,CAM014,2026-05-15,6944,PROD12
ORD07914,CUST5281,C009,CAM035,2026-04-06,317,PROD33
ORD07915,CUST5282,C013,CAM032,2026-03-14,3217,PROD36
ORD07916,CUST5283,C011,CAM015,2026-05-28,868,PROD31
ORD07917,CUST5284,C007,CAM028,2026-03-21,2295,PROD19
ORD07918,CUST5285,C018,CAM017,2026-04-26,2753,PROD44
ORD07919,CUST5285,C018,CAM017,2026-05-05,3378,PROD21
ORD07920,CUST5286,C003,CAM011,2026-02-26,1301,PROD20
ORD07921,CUST5287,C009,CAM034,2026-05-20,1846,PROD14
ORD07922,CUST5288,C002,CAM027,2026-05-01,1381,PROD33
ORD07923,CUST5288,C002,CAM027,2026-05-09,3780,PROD07
ORD07924,CUST5288,C002,CAM027,2026-06-15,1721,PROD37
ORD07925,CUST5289,C008,CAM033,2026-01-31,816,PROD44
ORD07926,CUST5290,C007,CAM028,2026-03-12,1136,PROD25
ORD07927,CUST5291,C002,CAM027,2026-04-10,2506,PROD29
ORD07928,CUST5292,C021,CAM025,2026-02-21,3779,PROD38
ORD07929,CUST5293,C023,CAM010,2026-04-10,9539,PROD05
ORD07930,CUST5294,C002,CAM002,2026-04-11,2245,PROD26
ORD07931,CUST5294,C002,CAM002,2026-04-24,201,PROD38
ORD07932,CUST5295,C013,CAM032,2026-03-27,1051,PROD25
ORD07933,CUST5296,C018,CAM017,2026-04-26,1583,PROD22
ORD07934,CUST5296,C018,CAM017,2026-05-04,10278,PROD40
ORD07935,CUST5296,C018,CAM017,2026-06-15,2186,PROD37
ORD07936,CUST5297,C018,CAM004,2026-05-18,2208,PROD08
ORD07937,CUST5298,C011,CAM001,2026-03-14,1904,PROD22
ORD07938,CUST5299,C011,CAM015,2026-05-26,9448,PROD35
ORD07939,CUST5300,C018,CAM018,2026-06-21,2735,PROD46
ORD07940,CUST5301,C009,CAM034,2026-05-15,3253,PROD06
ORD07941,CUST5301,C009,CAM034,2026-06-23,8209,PROD39
ORD07942,CUST5301,C009,CAM034,2026-07-24,8206,PROD43
ORD07943,CUST5302,C013,CAM006,2026-04-12,3905,PROD11
ORD07944,CUST5303,C007,CAM036,2026-01-10,3999,PROD48
ORD07945,CUST5304,C013,CAM019,2026-05-24,3147,PROD49
ORD07946,CUST5305,C004,CAM020,2026-02-20,3622,PROD29
ORD07947,CUST5306,C018,CAM017,2026-04-24,7634,PROD32
ORD07948,CUST5307,C008,CAM007,2026-01-23,200,PROD09
ORD07949,CUST5308,C002,CAM027,2026-05-01,3367,PROD38
ORD07950,CUST5308,C002,CAM027,2026-05-09,2407,PROD12
ORD07951,CUST5308,C002,CAM027,2026-05-23,3418,PROD05
ORD07952,CUST5309,C009,CAM030,2026-04-07,6217,PROD35
ORD07953,CUST5310,C018,CAM017,2026-04-15,4809,PROD20
ORD07954,CUST5311,C014,CAM014,2026-05-16,2620,PROD39
ORD07955,CUST5312,C013,CAM023,2026-04-10,2926,PROD30
ORD07956,CUST5313,C011,CAM015,2026-06-06,6502,PROD38
ORD07957,CUST5314,C011,CAM015,2026-05-27,8047,PROD17
ORD07958,CUST5315,C007,CAM028,2026-03-09,2605,PROD14
ORD07959,CUST5316,C013,CAM006,2026-04-18,7140,PROD11
ORD07960,CUST5317,C006,CAM008,2026-03-22,5572,PROD07
ORD07961,CUST5318,C023,CAM010,2026-04-06,1002,PROD41
ORD07962,CUST5319,C011,CAM001,2026-03-03,904,PROD22
ORD07963,CUST5320,C002,CAM027,2026-04-21,4475,PROD08
ORD07964,CUST5321,C008,CAM033,2026-01-30,3174,PROD40
ORD07965,CUST5322,C018,CAM017,2026-04-15,2120,PROD22
ORD07966,CUST5322,C018,CAM017,2026-05-26,7964,PROD01
ORD07967,CUST5322,C018,CAM017,2026-07-22,4664,PROD02
ORD07968,CUST5322,C018,CAM017,2026-09-12,7236,PROD40
ORD07969,CUST5323,C013,CAM006,2026-04-26,1475,PROD11
ORD07970,CUST5324,C007,CAM036,2026-01-04,2019,PROD37
ORD07971,CUST5325,C004,CAM020,2026-02-17,7026,PROD36
ORD07972,CUST5325,C004,CAM020,2026-04-18,2712,PROD28
ORD07973,CUST5325,C004,CAM020,2026-05-20,2726,PROD38
ORD07974,CUST5326,C011,CAM001,2026-03-04,2194,PROD24
ORD07975,CUST5327,C003,CAM011,2026-03-15,895,PROD21
ORD07976,CUST5328,C005,CAM022,2026-06-15,6295,PROD02
ORD07977,CUST5329,C003,CAM011,2026-03-18,6339,PROD48
ORD07978,CUST5330,C011,CAM015,2026-06-04,6565,PROD21
ORD07979,CUST5331,C013,CAM032,2026-03-13,2284,PROD02
ORD07980,CUST5332,C011,CAM003,2026-03-10,7027,PROD16
ORD07981,CUST5332,C011,CAM003,2026-05-04,5127,PROD38
ORD07982,CUST5333,C018,CAM031,2026-02-10,4932,PROD35
ORD07983,CUST5333,C018,CAM031,2026-02-23,10884,PROD37
ORD07984,CUST5334,C018,CAM004,2026-05-22,4306,PROD21
ORD07985,CUST5334,C018,CAM004,2026-06-18,898,PROD08
ORD07986,CUST5334,C018,CAM004,2026-07-08,2408,PROD47
ORD07987,CUST5335,C024,CAM013,2026-05-18,5581,PROD45
ORD07988,CUST5336,C013,CAM023,2026-04-08,7296,PROD07
ORD07989,CUST5337,C018,CAM039,2026-01-29,4865,PROD03
ORD07990,CUST5338,C004,CAM020,2026-02-16,4292,PROD09
ORD07991,CUST5338,C004,CAM020,2026-03-12,5404,PROD14
ORD07992,CUST5339,C018,CAM004,2026-05-25,1195,PROD05
ORD07993,CUST5339,C018,CAM004,2026-06-20,5676,PROD45
ORD07994,CUST5340,C023,CAM005,2026-06-07,3202,PROD25
ORD07995,CUST5341,C013,CAM023,2026-04-09,1429,PROD29
ORD07996,CUST5341,C013,CAM023,2026-04-19,342,PROD14
ORD07997,CUST5341,C013,CAM023,2026-06-07,2726,PROD23
ORD07998,CUST5342,C011,CAM003,2026-03-15,4450,PROD14
ORD07999,CUST5343,C009,CAM030,2026-04-01,3512,PROD04
ORD08000,CUST5344,C017,CAM029,2026-01-30,10891,PROD35
ORD08001,CUST5345,C010,CAM038,2026-03-09,3400,PROD41
ORD08002,CUST5345,C010,CAM038,2026-04-01,5895,PROD29
ORD08003,CUST5345,C010,CAM038,2026-05-18,4309,PROD16
ORD08004,CUST5345,C010,CAM038,2026-05-28,382,PROD42
ORD08005,CUST5346,C012,CAM024,2026-05-13,1337,PROD16
ORD08006,CUST5347,C009,CAM030,2026-04-05,9498,PROD23
ORD08007,CUST5348,C021,CAM025,2026-03-06,2897,PROD07
ORD08008,CUST5349,C006,CAM008,2026-03-20,4041,PROD44
ORD08009,CUST5349,C006,CAM008,2026-05-03,2080,PROD03
ORD08010,CUST5350,C002,CAM027,2026-04-12,2908,PROD16
ORD08011,CUST5351,C005,CAM022,2026-06-14,4455,PROD02
ORD08012,CUST5351,C005,CAM022,2026-08-12,3039,PROD11
ORD08013,CUST5352,C010,CAM038,2026-03-09,6140,PROD42
ORD08014,CUST5353,C011,CAM001,2026-03-10,10376,PROD16
ORD08015,CUST5353,C011,CAM001,2026-04-02,7522,PROD12
ORD08016,CUST5353,C011,CAM001,2026-05-10,1117,PROD06
ORD08017,CUST5354,C007,CAM037,2026-01-09,5809,PROD46
ORD08018,CUST5354,C007,CAM037,2026-02-26,447,PROD27
ORD08019,CUST5355,C007,CAM037,2026-01-05,717,PROD40
ORD08020,CUST5356,C004,CAM040,2026-02-01,3579,PROD21
ORD08021,CUST5357,C013,CAM023,2026-04-17,1057,PROD35
ORD08022,CUST5358,C008,CAM033,2026-02-23,3200,PROD20
ORD08023,CUST5359,C013,CAM019,2026-05-16,10772,PROD24
ORD08024,CUST5359,C013,CAM019,2026-05-28,3061,PROD03
ORD08025,CUST5360,C007,CAM028,2026-03-27,1537,PROD01
ORD08026,CUST5361,C003,CAM011,2026-03-10,7508,PROD01
ORD08027,CUST5362,C007,CAM028,2026-03-10,858,PROD14
ORD08028,CUST5363,C008,CAM033,2026-02-01,1386,PROD33
ORD08029,CUST5364,C012,CAM024,2026-05-08,3696,PROD17
ORD08030,CUST5365,C023,CAM010,2026-04-08,1810,PROD34
ORD08031,CUST5365,C023,CAM010,2026-05-31,2614,PROD38
ORD08032,CUST5366,C007,CAM037,2026-01-14,2474,PROD14
ORD08033,CUST5366,C007,CAM037,2026-01-20,2972,PROD37
ORD08034,CUST5366,C007,CAM037,2026-02-20,3063,PROD37
ORD08035,CUST5367,C008,CAM007,2026-01-18,5333,PROD26
ORD08036,CUST5368,C018,CAM018,2026-06-17,5397,PROD43
ORD08037,CUST5369,C020,CAM026,2026-05-08,1480,PROD45
ORD08038,CUST5370,C017,CAM029,2026-02-17,1316,PROD33
ORD08039,CUST5370,C017,CAM029,2026-03-28,2449,PROD49
ORD08040,CUST5371,C018,CAM016,2026-01-19,3466,PROD33
ORD08041,CUST5372,C020,CAM026,2026-05-13,3647,PROD21
ORD08042,CUST5372,C020,CAM026,2026-07-05,3685,PROD23
ORD08043,CUST5373,C014,CAM014,2026-05-06,4431,PROD50
ORD08044,CUST5374,C008,CAM007,2026-01-26,3281,PROD30
ORD08045,CUST5375,C007,CAM036,2026-01-16,275,PROD18
ORD08046,CUST5375,C007,CAM036,2026-02-02,4552,PROD02
ORD08047,CUST5375,C007,CAM036,2026-03-20,3546,PROD28
ORD08048,CUST5376,C007,CAM028,2026-03-23,4777,PROD08
ORD08049,CUST5377,C004,CAM020,2026-02-09,5553,PROD18
ORD08050,CUST5378,C024,CAM013,2026-06-09,5606,PROD03
ORD08051,CUST5379,C009,CAM035,2026-04-10,8128,PROD38
ORD08052,CUST5380,C013,CAM023,2026-04-15,1311,PROD05
ORD08053,CUST5381,C023,CAM010,2026-04-11,3397,PROD31
ORD08054,CUST5381,C023,CAM010,2026-05-14,2790,PROD42
ORD08055,CUST5381,C023,CAM010,2026-07-05,1922,PROD23
ORD08056,CUST5382,C018,CAM018,2026-06-02,3605,PROD14
ORD08057,CUST5383,C017,CAM029,2026-02-08,2223,PROD29
ORD08058,CUST5384,C018,CAM017,2026-04-21,3700,PROD46
ORD08059,CUST5384,C018,CAM017,2026-04-26,671,PROD39
ORD08060,CUST5385,C018,CAM004,2026-05-27,2390,PROD23
ORD08061,CUST5386,C018,CAM004,2026-05-26,5640,PROD27
ORD08062,CUST5387,C018,CAM031,2026-02-15,5446,PROD26
ORD08063,CUST5388,C023,CAM005,2026-06-02,2608,PROD11
ORD08064,CUST5388,C023,CAM005,2026-06-09,2316,PROD17
ORD08065,CUST5388,C023,CAM005,2026-06-18,4610,PROD42
ORD08066,CUST5389,C013,CAM006,2026-04-08,5205,PROD15
ORD08067,CUST5390,C002,CAM027,2026-04-27,1501,PROD42
ORD08068,CUST5390,C002,CAM027,2026-05-24,2413,PROD29
ORD08069,CUST5391,C018,CAM004,2026-05-20,9970,PROD49
ORD08070,CUST5391,C018,CAM004,2026-06-11,3666,PROD05
ORD08071,CUST5391,C018,CAM004,2026-06-17,2449,PROD04
ORD08072,CUST5392,C004,CAM020,2026-02-21,3897,PROD46
ORD08073,CUST5393,C018,CAM004,2026-05-19,2376,PROD11
ORD08074,CUST5394,C002,CAM027,2026-04-19,7985,PROD16
ORD08075,CUST5395,C013,CAM032,2026-03-26,732,PROD04
ORD08076,CUST5396,C021,CAM025,2026-02-24,1573,PROD20
ORD08077,CUST5397,C011,CAM001,2026-03-01,5101,PROD18
ORD08078,CUST5397,C011,CAM001,2026-04-09,2376,PROD30
ORD08079,CUST5398,C023,CAM005,2026-06-06,1776,PROD25
ORD08080,CUST5398,C023,CAM005,2026-06-27,829,PROD37
ORD08081,CUST5398,C023,CAM005,2026-07-28,5855,PROD14
ORD08082,CUST5399,C002,CAM002,2026-04-10,3464,PROD32
ORD08083,CUST5400,C010,CAM038,2026-03-07,9275,PROD12
ORD08084,CUST5401,C011,CAM001,2026-02-25,237,PROD45
ORD08085,CUST5401,C011,CAM001,2026-04-12,8200,PROD44
ORD08086,CUST5402,C008,CAM007,2026-01-20,10832,PROD07
ORD08087,CUST5403,C007,CAM028,2026-03-25,3192,PROD13
ORD08088,CUST5403,C007,CAM028,2026-04-18,3310,PROD25
ORD08089,CUST5403,C007,CAM028,2026-05-26,2927,PROD28
ORD08090,CUST5404,C008,CAM007,2026-01-24,2173,PROD31
ORD08091,CUST5404,C008,CAM007,2026-01-29,4498,PROD10
ORD08092,CUST5404,C008,CAM007,2026-03-09,2975,PROD26
ORD08093,CUST5404,C008,CAM007,2026-04-11,13296,PROD45
ORD08094,CUST5405,C006,CAM008,2026-03-18,2273,PROD10
ORD08095,CUST5405,C006,CAM008,2026-05-11,1825,PROD03
ORD08096,CUST5406,C008,CAM033,2026-02-16,1515,PROD16
ORD08097,CUST5407,C012,CAM024,2026-05-13,4580,PROD05
ORD08098,CUST5408,C023,CAM010,2026-04-09,3680,PROD35
ORD08099,CUST5408,C023,CAM010,2026-05-21,778,PROD02
ORD08100,CUST5408,C023,CAM010,2026-05-26,2457,PROD22
ORD08101,CUST5408,C023,CAM010,2026-06-29,1693,PROD31
ORD08102,CUST5409,C005,CAM022,2026-06-09,1109,PROD07
ORD08103,CUST5409,C005,CAM022,2026-07-15,2723,PROD16
ORD08104,CUST5410,C002,CAM002,2026-04-13,1347,PROD37
ORD08105,CUST5411,C011,CAM001,2026-02-25,1019,PROD14
ORD08106,CUST5412,C010,CAM038,2026-03-10,825,PROD49
ORD08107,CUST5412,C010,CAM038,2026-05-03,1393,PROD03
ORD08108,CUST5413,C007,CAM037,2026-01-12,3187,PROD06
ORD08109,CUST5413,C007,CAM037,2026-01-23,1607,PROD14
ORD08110,CUST5413,C007,CAM037,2026-03-03,6744,PROD25
ORD08111,CUST5413,C007,CAM037,2026-04-13,3902,PROD03
ORD08112,CUST5414,C018,CAM018,2026-06-11,2795,PROD05
ORD08113,CUST5415,C017,CAM029,2026-02-11,3580,PROD12
ORD08114,CUST5416,C014,CAM014,2026-04-29,1246,PROD17
ORD08115,CUST5417,C011,CAM003,2026-03-13,4817,PROD08
ORD08116,CUST5418,C008,CAM007,2026-01-19,2437,PROD36
ORD08117,CUST5419,C018,CAM004,2026-05-19,7898,PROD01
ORD08118,CUST5420,C013,CAM006,2026-04-11,3883,PROD27
ORD08119,CUST5421,C013,CAM006,2026-04-07,6079,PROD49
ORD08120,CUST5422,C018,CAM018,2026-06-04,4867,PROD09
ORD08121,CUST5423,C003,CAM011,2026-03-06,1652,PROD42
ORD08122,CUST5423,C003,CAM011,2026-04-05,2323,PROD01
ORD08123,CUST5423,C003,CAM011,2026-04-19,1367,PROD22
ORD08124,CUST5424,C007,CAM028,2026-03-12,12674,PROD18
ORD08125,CUST5425,C009,CAM030,2026-03-30,5120,PROD47
ORD08126,CUST5425,C009,CAM030,2026-05-16,2780,PROD47
ORD08127,CUST5425,C009,CAM030,2026-05-22,3912,PROD38
ORD08128,CUST5425,C009,CAM030,2026-06-13,2031,PROD20
ORD08129,CUST5426,C008,CAM007,2026-01-25,4108,PROD31
ORD08130,CUST5427,C023,CAM005,2026-06-03,2603,PROD14
ORD08131,CUST5428,C012,CAM024,2026-05-09,1445,PROD41
ORD08132,CUST5429,C020,CAM026,2026-04-29,4460,PROD09
ORD08133,CUST5429,C020,CAM026,2026-06-03,5554,PROD27
ORD08134,CUST5429,C020,CAM026,2026-06-13,1478,PROD42
ORD08135,CUST5430,C004,CAM020,2026-02-15,1975,PROD02
ORD08136,CUST5431,C024,CAM013,2026-05-21,2793,PROD23
ORD08137,CUST5431,C024,CAM013,2026-07-17,5466,PROD45
ORD08138,CUST5432,C013,CAM032,2026-03-27,3971,PROD08
ORD08139,CUST5433,C020,CAM026,2026-04-20,3795,PROD07
ORD08140,CUST5433,C020,CAM026,2026-05-31,2996,PROD43
ORD08141,CUST5434,C018,CAM018,2026-06-05,5036,PROD35
ORD08142,CUST5435,C002,CAM002,2026-04-09,4897,PROD28
ORD08143,CUST5435,C002,CAM002,2026-05-18,7291,PROD26
ORD08144,CUST5436,C011,CAM015,2026-06-03,2388,PROD39
ORD08145,CUST5436,C011,CAM015,2026-07-29,6581,PROD35
ORD08146,CUST5436,C011,CAM015,2026-08-29,2669,PROD17
ORD08147,CUST5436,C011,CAM015,2026-10-03,5308,PROD36
ORD08148,CUST5437,C007,CAM028,2026-03-22,2972,PROD09
ORD08149,CUST5438,C011,CAM001,2026-03-11,633,PROD04
ORD08150,CUST5439,C002,CAM027,2026-04-24,1218,PROD20
ORD08151,CUST5440,C009,CAM034,2026-05-18,5118,PROD48
ORD08152,CUST5440,C009,CAM034,2026-06-06,1838,PROD29
ORD08153,CUST5441,C018,CAM004,2026-05-28,796,PROD06
ORD08154,CUST5442,C009,CAM030,2026-03-30,6128,PROD32
ORD08155,CUST5443,C004,CAM020,2026-02-10,11014,PROD20
ORD08156,CUST5443,C004,CAM020,2026-02-17,2054,PROD04
ORD08157,CUST5443,C004,CAM020,2026-03-19,3055,PROD37
ORD08158,CUST5444,C011,CAM009,2026-04-14,551,PROD47
ORD08159,CUST5445,C009,CAM030,2026-03-31,200,PROD21
ORD08160,CUST5446,C018,CAM016,2026-01-19,5357,PROD33
ORD08161,CUST5447,C020,CAM026,2026-04-27,1778,PROD03
ORD08162,CUST5448,C018,CAM031,2026-02-15,4290,PROD37
ORD08163,CUST5448,C018,CAM031,2026-03-25,7217,PROD27
ORD08164,CUST5448,C018,CAM031,2026-04-19,6472,PROD18
ORD08165,CUST5448,C018,CAM031,2026-05-21,3110,PROD12
ORD08166,CUST5449,C004,CAM020,2026-02-06,6014,PROD11
ORD08167,CUST5449,C004,CAM020,2026-02-23,6296,PROD48
ORD08168,CUST5450,C004,CAM020,2026-02-21,2509,PROD48
ORD08169,CUST5451,C004,CAM020,2026-02-06,4094,PROD22
ORD08170,CUST5452,C023,CAM010,2026-04-07,4908,PROD01
ORD08171,CUST5453,C008,CAM033,2026-01-28,9503,PROD34
ORD08172,CUST5453,C008,CAM033,2026-02-26,4451,PROD16
ORD08173,CUST5453,C008,CAM033,2026-04-22,872,PROD19
ORD08174,CUST5454,C020,CAM026,2026-05-11,4744,PROD30
ORD08175,CUST5455,C010,CAM038,2026-03-04,6464,PROD01
ORD08176,CUST5456,C023,CAM005,2026-06-07,5142,PROD50
ORD08177,CUST5457,C014,CAM014,2026-05-01,4319,PROD08
ORD08178,CUST5457,C014,CAM014,2026-05-31,1449,PROD01
ORD08179,CUST5458,C002,CAM027,2026-04-26,4387,PROD06
ORD08180,CUST5459,C012,CAM024,2026-05-16,3865,PROD41
ORD08181,CUST5460,C005,CAM021,2026-05-31,3776,PROD32
ORD08182,CUST5460,C005,CAM021,2026-06-17,2066,PROD30
ORD08183,CUST5460,C005,CAM021,2026-08-08,574,PROD38
ORD08184,CUST5461,C023,CAM010,2026-04-12,2875,PROD37
ORD08185,CUST5462,C018,CAM039,2026-01-28,4115,PROD40
ORD08186,CUST5463,C011,CAM001,2026-03-09,12995,PROD47
ORD08187,CUST5463,C011,CAM001,2026-04-04,1520,PROD20
ORD08188,CUST5464,C011,CAM009,2026-04-10,3709,PROD36
ORD08189,CUST5465,C013,CAM019,2026-05-23,289,PROD25
ORD08190,CUST5466,C018,CAM017,2026-04-14,9460,PROD39
ORD08191,CUST5466,C018,CAM017,2026-06-10,6224,PROD38
ORD08192,CUST5467,C004,CAM040,2026-01-26,7953,PROD16
ORD08193,CUST5468,C004,CAM020,2026-02-09,3474,PROD47
ORD08194,CUST5469,C020,CAM026,2026-04-26,1763,PROD06
ORD08195,CUST5470,C002,CAM002,2026-04-16,3304,PROD21
ORD08196,CUST5471,C010,CAM012,2026-02-09,11040,PROD42
ORD08197,CUST5472,C018,CAM004,2026-05-22,1799,PROD10
ORD08198,CUST5473,C005,CAM021,2026-06-11,1742,PROD20
ORD08199,CUST5474,C024,CAM013,2026-05-17,3446,PROD17
ORD08200,CUST5474,C024,CAM013,2026-07-12,2334,PROD43
ORD08201,CUST5475,C023,CAM010,2026-04-05,3495,PROD21
ORD08202,CUST5475,C023,CAM010,2026-05-28,2503,PROD16
ORD08203,CUST5476,C011,CAM015,2026-05-29,4173,PROD29
ORD08204,CUST5477,C018,CAM004,2026-05-24,810,PROD39
ORD08205,CUST5478,C024,CAM013,2026-05-25,4282,PROD46
ORD08206,CUST5478,C024,CAM013,2026-06-16,3667,PROD26
ORD08207,CUST5479,C011,CAM003,2026-03-16,454,PROD04
ORD08208,CUST5479,C011,CAM003,2026-03-27,2648,PROD04
ORD08209,CUST5479,C011,CAM003,2026-05-06,4591,PROD09
ORD08210,CUST5479,C011,CAM003,2026-05-28,6690,PROD42
ORD08211,CUST5479,C011,CAM003,2026-07-18,1313,PROD02
ORD08212,CUST5479,C011,CAM003,2026-09-12,1794,PROD09
ORD08213,CUST5480,C024,CAM013,2026-06-10,6280,PROD06
ORD08214,CUST5481,C018,CAM031,2026-02-26,4126,PROD09
ORD08215,CUST5481,C018,CAM031,2026-04-13,3816,PROD15
ORD08216,CUST5482,C011,CAM009,2026-04-22,6399,PROD50
ORD08217,CUST5483,C011,CAM003,2026-03-09,362,PROD26
ORD08218,CUST5483,C011,CAM003,2026-03-23,5282,PROD03
ORD08219,CUST5484,C010,CAM038,2026-03-08,7027,PROD05
ORD08220,CUST5485,C013,CAM032,2026-03-17,3072,PROD09
ORD08221,CUST5486,C011,CAM009,2026-04-15,326,PROD23
ORD08222,CUST5487,C011,CAM015,2026-05-26,5910,PROD11
ORD08223,CUST5488,C010,CAM038,2026-03-08,1535,PROD02
ORD08224,CUST5489,C021,CAM025,2026-02-18,4361,PROD40
ORD08225,CUST5489,C021,CAM025,2026-03-01,5579,PROD50
ORD08226,CUST5489,C021,CAM025,2026-04-10,4471,PROD09
ORD08227,CUST5489,C021,CAM025,2026-05-20,1953,PROD45
ORD08228,CUST5490,C009,CAM034,2026-05-13,6736,PROD44
ORD08229,CUST5491,C002,CAM027,2026-04-10,3820,PROD41
ORD08230,CUST5492,C024,CAM013,2026-05-28,3239,PROD19
ORD08231,CUST5493,C007,CAM037,2026-01-11,7549,PROD03
ORD08232,CUST5493,C007,CAM037,2026-01-19,4914,PROD30
ORD08233,CUST5494,C012,CAM024,2026-05-09,4088,PROD17
ORD08234,CUST5495,C023,CAM005,2026-06-04,2519,PROD06
ORD08235,CUST5495,C023,CAM005,2026-06-17,1994,PROD36
ORD08236,CUST5496,C013,CAM023,2026-04-11,3993,PROD06
ORD08237,CUST5496,C013,CAM023,2026-04-17,609,PROD06
ORD08238,CUST5497,C012,CAM024,2026-05-09,5418,PROD09
ORD08239,CUST5498,C007,CAM037,2026-01-15,1004,PROD23
ORD08240,CUST5499,C005,CAM022,2026-06-03,5063,PROD17
ORD08241,CUST5499,C005,CAM022,2026-07-12,3161,PROD46
ORD08242,CUST5500,C018,CAM031,2026-02-10,7692,PROD28
ORD08243,CUST5501,C005,CAM022,2026-06-09,3479,PROD50
ORD08244,CUST5501,C005,CAM022,2026-07-30,10222,PROD49
ORD08245,CUST5502,C009,CAM034,2026-05-19,1768,PROD03
ORD08246,CUST5503,C007,CAM036,2026-01-21,2554,PROD10
ORD08247,CUST5504,C002,CAM002,2026-04-14,1169,PROD41
ORD08248,CUST5505,C008,CAM007,2026-01-24,3426,PROD02
ORD08249,CUST5506,C011,CAM009,2026-04-10,6223,PROD01
ORD08250,CUST5507,C008,CAM033,2026-02-12,11541,PROD41
ORD08251,CUST5508,C003,CAM011,2026-03-18,4529,PROD10
ORD08252,CUST5509,C020,CAM026,2026-04-26,4725,PROD27
ORD08253,CUST5510,C005,CAM022,2026-06-14,521,PROD35
ORD08254,CUST5511,C005,CAM021,2026-05-29,1927,PROD49
ORD08255,CUST5512,C014,CAM014,2026-05-03,4873,PROD43
ORD08256,CUST5513,C011,CAM009,2026-04-20,4538,PROD01
ORD08257,CUST5514,C010,CAM038,2026-03-09,1975,PROD46
ORD08258,CUST5515,C005,CAM022,2026-06-11,469,PROD45
ORD08259,CUST5516,C013,CAM019,2026-05-20,3200,PROD09
ORD08260,CUST5517,C002,CAM002,2026-04-09,7059,PROD40
ORD08261,CUST5518,C010,CAM012,2026-02-01,283,PROD29
ORD08262,CUST5519,C007,CAM036,2026-01-09,4729,PROD19
ORD08263,CUST5520,C018,CAM016,2026-01-22,10389,PROD43
ORD08264,CUST5521,C020,CAM026,2026-05-07,2830,PROD14
ORD08265,CUST5521,C020,CAM026,2026-06-04,6830,PROD01
ORD08266,CUST5521,C020,CAM026,2026-06-11,4308,PROD27
ORD08267,CUST5521,C020,CAM026,2026-06-22,6230,PROD33
ORD08268,CUST5522,C011,CAM015,2026-05-31,5991,PROD20
ORD08269,CUST5523,C011,CAM003,2026-03-11,2622,PROD18
ORD08270,CUST5523,C011,CAM003,2026-05-06,997,PROD14
ORD08271,CUST5523,C011,CAM003,2026-05-30,3674,PROD04
ORD08272,CUST5524,C007,CAM037,2026-01-11,8246,PROD49
ORD08273,CUST5525,C020,CAM026,2026-05-06,3305,PROD08
ORD08274,CUST5525,C020,CAM026,2026-05-20,4097,PROD06
ORD08275,CUST5525,C020,CAM026,2026-06-15,4964,PROD41
ORD08276,CUST5525,C020,CAM026,2026-07-17,3359,PROD17
ORD08277,CUST5525,C020,CAM026,2026-08-29,3772,PROD48
ORD08278,CUST5526,C005,CAM022,2026-06-10,913,PROD17
ORD08279,CUST5526,C005,CAM022,2026-07-21,3990,PROD12
ORD08280,CUST5527,C002,CAM002,2026-04-14,7144,PROD18
ORD08281,CUST5528,C021,CAM025,2026-02-18,301,PROD06
ORD08282,CUST5529,C006,CAM008,2026-03-17,3843,PROD46
ORD08283,CUST5529,C006,CAM008,2026-04-30,8570,PROD32
ORD08284,CUST5530,C011,CAM009,2026-04-14,1759,PROD06
ORD08285,CUST5531,C013,CAM032,2026-03-13,5513,PROD01
ORD08286,CUST5532,C018,CAM016,2026-01-25,7116,PROD20
ORD08287,CUST5533,C014,CAM014,2026-05-09,3779,PROD19
ORD08288,CUST5534,C013,CAM006,2026-04-19,2651,PROD47
ORD08289,CUST5535,C008,CAM007,2026-01-26,3876,PROD38
ORD08290,CUST5536,C024,CAM013,2026-05-30,2559,PROD26
ORD08291,CUST5537,C005,CAM022,2026-06-07,9639,PROD02
ORD08292,CUST5538,C008,CAM007,2026-01-19,3191,PROD03
ORD08293,CUST5539,C018,CAM039,2026-01-22,1818,PROD24
ORD08294,CUST5539,C018,CAM039,2026-02-15,5968,PROD13
ORD08295,CUST5539,C018,CAM039,2026-04-03,2663,PROD48
ORD08296,CUST5539,C018,CAM039,2026-04-25,2554,PROD06
ORD08297,CUST5540,C023,CAM005,2026-05-27,4763,PROD02
ORD08298,CUST5540,C023,CAM005,2026-06-08,4972,PROD46
ORD08299,CUST5540,C023,CAM005,2026-07-08,10144,PROD04
ORD08300,CUST5541,C011,CAM015,2026-06-01,3735,PROD34
ORD08301,CUST5542,C003,CAM011,2026-02-23,9309,PROD16
ORD08302,CUST5543,C011,CAM009,2026-04-12,10801,PROD47
ORD08303,CUST5543,C011,CAM009,2026-05-28,2305,PROD33
ORD08304,CUST5543,C011,CAM009,2026-06-26,500,PROD04
ORD08305,CUST5543,C011,CAM009,2026-07-04,2108,PROD13
ORD08306,CUST5544,C020,CAM026,2026-04-20,5883,PROD13
ORD08307,CUST5545,C024,CAM013,2026-06-05,7726,PROD38
ORD08308,CUST5546,C014,CAM014,2026-05-18,2772,PROD04
ORD08309,CUST5547,C013,CAM019,2026-05-10,2143,PROD03
ORD08310,CUST5548,C007,CAM036,2026-01-07,3344,PROD31
ORD08311,CUST5549,C013,CAM023,2026-04-04,2108,PROD49
ORD08312,CUST5550,C011,CAM001,2026-03-12,2422,PROD38
ORD08313,CUST5551,C023,CAM010,2026-04-11,3234,PROD36
ORD08314,CUST5552,C018,CAM039,2026-01-21,722,PROD07
ORD08315,CUST5553,C012,CAM024,2026-05-13,6509,PROD10
ORD08316,CUST5554,C018,CAM004,2026-05-23,1384,PROD40
ORD08317,CUST5555,C011,CAM003,2026-03-09,3103,PROD17
ORD08318,CUST5556,C018,CAM018,2026-06-13,3032,PROD41
ORD08319,CUST5557,C002,CAM002,2026-04-16,1750,PROD24
ORD08320,CUST5558,C007,CAM036,2026-01-21,6312,PROD14
ORD08321,CUST5558,C007,CAM036,2026-02-23,3945,PROD22
ORD08322,CUST5559,C006,CAM008,2026-03-21,626,PROD46
ORD08323,CUST5560,C018,CAM031,2026-02-10,2188,PROD11
ORD08324,CUST5561,C024,CAM013,2026-06-02,4192,PROD29
ORD08325,CUST5562,C018,CAM004,2026-05-18,4704,PROD50
ORD08326,CUST5563,C007,CAM037,2026-01-14,2899,PROD46
ORD08327,CUST5564,C011,CAM009,2026-04-22,3961,PROD27
ORD08328,CUST5564,C011,CAM009,2026-05-03,1675,PROD28
ORD08329,CUST5565,C011,CAM015,2026-05-31,4330,PROD08
ORD08330,CUST5566,C018,CAM004,2026-05-27,1404,PROD10
ORD08331,CUST5567,C011,CAM015,2026-06-06,5778,PROD39
ORD08332,CUST5567,C011,CAM015,2026-07-29,512,PROD38
ORD08333,CUST5568,C024,CAM013,2026-05-29,9156,PROD32
ORD08334,CUST5568,C024,CAM013,2026-07-22,8362,PROD08
ORD08335,CUST5568,C024,CAM013,2026-08-30,3714,PROD13
ORD08336,CUST5569,C009,CAM030,2026-04-03,2894,PROD03
ORD08337,CUST5570,C005,CAM022,2026-06-12,1349,PROD07
ORD08338,CUST5571,C018,CAM016,2026-01-17,961,PROD36
ORD08339,CUST5572,C010,CAM038,2026-03-11,1258,PROD23
ORD08340,CUST5573,C008,CAM007,2026-01-26,6889,PROD11
ORD08341,CUST5573,C008,CAM007,2026-03-13,1149,PROD17
ORD08342,CUST5573,C008,CAM007,2026-04-29,4744,PROD19
ORD08343,CUST5573,C008,CAM007,2026-05-16,2735,PROD50
ORD08344,CUST5574,C011,CAM009,2026-04-14,4064,PROD12
ORD08345,CUST5575,C011,CAM001,2026-02-28,4643,PROD03
ORD08346,CUST5576,C021,CAM025,2026-02-21,1058,PROD49
ORD08347,CUST5577,C009,CAM034,2026-05-27,14242,PROD30
ORD08348,CUST5578,C018,CAM016,2026-01-21,1803,PROD02
ORD08349,CUST5579,C010,CAM038,2026-03-10,6440,PROD23
ORD08350,CUST5580,C018,CAM039,2026-01-27,1741,PROD08
ORD08351,CUST5581,C009,CAM030,2026-04-07,7213,PROD24
ORD08352,CUST5582,C007,CAM036,2026-01-24,6369,PROD10
ORD08353,CUST5583,C004,CAM040,2026-01-28,1209,PROD08
ORD08354,CUST5583,C004,CAM040,2026-03-27,7017,PROD27
ORD08355,CUST5583,C004,CAM040,2026-04-20,5506,PROD10
ORD08356,CUST5584,C011,CAM003,2026-03-10,1949,PROD01
ORD08357,CUST5584,C011,CAM003,2026-03-28,2390,PROD13
ORD08358,CUST5585,C018,CAM017,2026-04-14,2052,PROD42
ORD08359,CUST5586,C002,CAM002,2026-04-12,7253,PROD11
ORD08360,CUST5587,C017,CAM029,2026-02-26,6296,PROD48
ORD08361,CUST5587,C017,CAM029,2026-04-16,9431,PROD08
ORD08362,CUST5587,C017,CAM029,2026-05-30,1570,PROD35
ORD08363,CUST5588,C007,CAM036,2026-01-08,274,PROD19
ORD08364,CUST5589,C007,CAM036,2026-01-10,4580,PROD15
ORD08365,CUST5590,C005,CAM021,2026-05-24,2172,PROD07
ORD08366,CUST5590,C005,CAM021,2026-07-15,15000,PROD28
ORD08367,CUST5591,C004,CAM020,2026-02-08,4936,PROD21
ORD08368,CUST5592,C024,CAM013,2026-05-24,765,PROD07
ORD08369,CUST5592,C024,CAM013,2026-06-21,6764,PROD05
ORD08370,CUST5592,C024,CAM013,2026-07-20,4447,PROD31
ORD08371,CUST5592,C024,CAM013,2026-09-09,3721,PROD24
ORD08372,CUST5592,C024,CAM013,2026-11-01,6600,PROD46
ORD08373,CUST5593,C004,CAM020,2026-02-18,3697,PROD26
ORD08374,CUST5594,C013,CAM019,2026-05-15,5425,PROD40
ORD08375,CUST5595,C017,CAM029,2026-02-09,5758,PROD36
ORD08376,CUST5595,C017,CAM029,2026-02-19,1387,PROD06
ORD08377,CUST5595,C017,CAM029,2026-02-24,1950,PROD21
ORD08378,CUST5595,C017,CAM029,2026-03-02,6042,PROD08
ORD08379,CUST5596,C013,CAM032,2026-03-17,2477,PROD27
ORD08380,CUST5597,C004,CAM020,2026-02-10,1125,PROD38
ORD08381,CUST5598,C014,CAM014,2026-05-12,4060,PROD08
ORD08382,CUST5599,C018,CAM031,2026-02-25,979,PROD22
ORD08383,CUST5599,C018,CAM031,2026-03-22,8415,PROD48
ORD08384,CUST5599,C018,CAM031,2026-05-14,11430,PROD08
ORD08385,CUST5600,C007,CAM036,2026-01-18,2696,PROD29
ORD08386,CUST5601,C018,CAM017,2026-04-23,5659,PROD09
ORD08387,CUST5602,C007,CAM037,2026-01-14,1898,PROD37
ORD08388,CUST5603,C023,CAM010,2026-04-12,4099,PROD24
ORD08389,CUST5603,C023,CAM010,2026-05-03,3962,PROD10
ORD08390,CUST5603,C023,CAM010,2026-06-01,1918,PROD41
ORD08391,CUST5604,C007,CAM028,2026-03-30,5737,PROD39
ORD08392,CUST5605,C013,CAM019,2026-05-13,1858,PROD25
ORD08393,CUST5606,C011,CAM015,2026-05-25,1002,PROD19
ORD08394,CUST5606,C011,CAM015,2026-06-26,3474,PROD49
ORD08395,CUST5606,C011,CAM015,2026-08-17,1499,PROD24
ORD08396,CUST5607,C004,CAM040,2026-01-26,2194,PROD30
ORD08397,CUST5608,C009,CAM035,2026-04-08,502,PROD05
ORD08398,CUST5608,C009,CAM035,2026-05-11,6203,PROD07
ORD08399,CUST5608,C009,CAM035,2026-05-17,4674,PROD30
ORD08400,CUST5609,C008,CAM033,2026-01-29,4855,PROD30
ORD08401,CUST5610,C012,CAM024,2026-05-12,5525,PROD17
ORD08402,CUST5611,C004,CAM040,2026-02-07,4076,PROD42
ORD08403,CUST5612,C018,CAM004,2026-05-21,7599,PROD47
ORD08404,CUST5613,C013,CAM019,2026-05-14,6466,PROD21
ORD08405,CUST5613,C013,CAM019,2026-06-07,8790,PROD15
ORD08406,CUST5613,C013,CAM019,2026-07-15,847,PROD02
ORD08407,CUST5613,C013,CAM019,2026-09-07,2091,PROD12
ORD08408,CUST5613,C013,CAM019,2026-10-10,3100,PROD19
ORD08409,CUST5613,C013,CAM019,2026-12-06,2736,PROD05
ORD08410,CUST5614,C013,CAM006,2026-04-12,5152,PROD21
ORD08411,CUST5615,C018,CAM039,2026-01-28,1238,PROD25
ORD08412,CUST5616,C017,CAM029,2026-02-04,1851,PROD22
ORD08413,CUST5617,C002,CAM002,2026-04-14,720,PROD26
ORD08414,CUST5618,C002,CAM027,2026-04-22,2989,PROD34
ORD08415,CUST5618,C002,CAM027,2026-06-19,5429,PROD20
ORD08416,CUST5618,C002,CAM027,2026-06-26,1703,PROD29
ORD08417,CUST5618,C002,CAM027,2026-07-27,6406,PROD28
ORD08418,CUST5619,C018,CAM017,2026-04-17,3330,PROD42
ORD08419,CUST5619,C018,CAM017,2026-05-16,404,PROD44
ORD08420,CUST5620,C002,CAM027,2026-04-12,3731,PROD05
ORD08421,CUST5621,C008,CAM033,2026-02-23,3995,PROD22
ORD08422,CUST5622,C013,CAM023,2026-04-14,4402,PROD26
ORD08423,CUST5623,C014,CAM014,2026-05-12,1214,PROD23
ORD08424,CUST5624,C006,CAM008,2026-03-18,7593,PROD34
ORD08425,CUST5624,C006,CAM008,2026-04-19,3048,PROD47
ORD08426,CUST5624,C006,CAM008,2026-05-26,3043,PROD31
ORD08427,CUST5625,C007,CAM037,2026-01-05,2242,PROD43
ORD08428,CUST5626,C009,CAM035,2026-04-06,5598,PROD34
ORD08429,CUST5627,C017,CAM029,2026-02-11,2113,PROD15
ORD08430,CUST5628,C004,CAM020,2026-02-07,8902,PROD50
ORD08431,CUST5629,C018,CAM016,2026-01-27,2024,PROD01
ORD08432,CUST5629,C018,CAM016,2026-02-23,1769,PROD02
ORD08433,CUST5630,C005,CAM021,2026-06-09,2816,PROD39
ORD08434,CUST5631,C011,CAM009,2026-04-12,973,PROD37
ORD08435,CUST5632,C010,CAM038,2026-03-04,5797,PROD21
ORD08436,CUST5633,C006,CAM008,2026-03-23,3207,PROD17
ORD08437,CUST5634,C017,CAM029,2026-01-30,6840,PROD44
ORD08438,CUST5634,C017,CAM029,2026-03-17,922,PROD48
ORD08439,CUST5634,C017,CAM029,2026-04-11,4259,PROD27
ORD08440,CUST5635,C013,CAM032,2026-03-10,762,PROD33
ORD08441,CUST5636,C006,CAM008,2026-03-23,7248,PROD22
ORD08442,CUST5637,C010,CAM038,2026-03-07,4062,PROD05
ORD08443,CUST5637,C010,CAM038,2026-04-18,1647,PROD46
ORD08444,CUST5638,C018,CAM004,2026-05-18,1039,PROD34
ORD08445,CUST5638,C018,CAM004,2026-06-08,5780,PROD10
ORD08446,CUST5638,C018,CAM004,2026-08-06,7772,PROD12
ORD08447,CUST5639,C009,CAM034,2026-05-16,2645,PROD48
ORD08448,CUST5640,C007,CAM028,2026-03-10,6549,PROD14
ORD08449,CUST5641,C018,CAM017,2026-04-14,2868,PROD12
ORD08450,CUST5642,C018,CAM004,2026-05-20,7257,PROD07
ORD08451,CUST5643,C011,CAM009,2026-04-10,3964,PROD24
ORD08452,CUST5644,C013,CAM006,2026-04-18,3324,PROD08
ORD08453,CUST5645,C007,CAM037,2026-01-06,9937,PROD04
ORD08454,CUST5646,C005,CAM021,2026-06-02,14282,PROD35
ORD08455,CUST5646,C005,CAM021,2026-06-30,2984,PROD08
ORD08456,CUST5647,C018,CAM039,2026-01-25,1179,PROD26
ORD08457,CUST5648,C005,CAM021,2026-06-10,2305,PROD24
ORD08458,CUST5648,C005,CAM021,2026-06-26,6158,PROD07
ORD08459,CUST5648,C005,CAM021,2026-08-23,8227,PROD28
ORD08460,CUST5649,C018,CAM031,2026-02-10,3232,PROD12
ORD08461,CUST5649,C018,CAM031,2026-02-26,12134,PROD02
ORD08462,CUST5649,C018,CAM031,2026-03-14,6072,PROD48
ORD08463,CUST5649,C018,CAM031,2026-04-14,11464,PROD37
ORD08464,CUST5649,C018,CAM031,2026-06-08,1011,PROD36
ORD08465,CUST5649,C018,CAM031,2026-06-13,3601,PROD07
ORD08466,CUST5649,C018,CAM031,2026-07-05,1363,PROD12
ORD08467,CUST5650,C011,CAM009,2026-04-20,1625,PROD05
ORD08468,CUST5650,C011,CAM009,2026-04-28,7220,PROD28
ORD08469,CUST5650,C011,CAM009,2026-06-06,742,PROD02
ORD08470,CUST5651,C024,CAM013,2026-05-19,8507,PROD49
ORD08471,CUST5652,C018,CAM004,2026-05-21,722,PROD06
ORD08472,CUST5653,C009,CAM034,2026-05-16,3362,PROD50
ORD08473,CUST5654,C005,CAM022,2026-06-09,4442,PROD03
ORD08474,CUST5655,C010,CAM038,2026-03-06,5059,PROD27
ORD08475,CUST5656,C010,CAM038,2026-03-10,1022,PROD18
ORD08476,CUST5657,C011,CAM003,2026-03-12,2162,PROD29
ORD08477,CUST5658,C014,CAM014,2026-05-17,1896,PROD29
ORD08478,CUST5659,C023,CAM010,2026-04-07,7005,PROD01
ORD08479,CUST5660,C018,CAM016,2026-01-18,7390,PROD03
ORD08480,CUST5661,C009,CAM035,2026-04-12,2739,PROD21
ORD08481,CUST5662,C010,CAM038,2026-03-03,8331,PROD23
ORD08482,CUST5662,C010,CAM038,2026-04-16,2338,PROD47
ORD08483,CUST5662,C010,CAM038,2026-05-30,5006,PROD36
ORD08484,CUST5663,C011,CAM015,2026-05-24,4330,PROD15
ORD08485,CUST5664,C013,CAM006,2026-04-22,15000,PROD30
ORD08486,CUST5665,C014,CAM014,2026-05-04,2847,PROD32
ORD08487,CUST5666,C002,CAM002,2026-04-16,2430,PROD11
ORD08488,CUST5667,C007,CAM037,2026-01-06,1742,PROD15
ORD08489,CUST5668,C018,CAM004,2026-05-28,2569,PROD50
ORD08490,CUST5668,C018,CAM004,2026-07-08,2944,PROD28
ORD08491,CUST5668,C018,CAM004,2026-07-16,2302,PROD09
ORD08492,CUST5669,C005,CAM021,2026-06-06,4651,PROD29
ORD08493,CUST5670,C012,CAM024,2026-05-12,1040,PROD30
ORD08494,CUST5671,C004,CAM020,2026-02-11,6205,PROD20
ORD08495,CUST5672,C017,CAM029,2026-02-05,4109,PROD17
ORD08496,CUST5673,C018,CAM004,2026-05-28,3849,PROD02
ORD08497,CUST5674,C003,CAM011,2026-03-18,5116,PROD35
ORD08498,CUST5674,C003,CAM011,2026-04-19,10761,PROD20
ORD08499,CUST5675,C007,CAM037,2026-01-05,6690,PROD32
ORD08500,CUST5676,C013,CAM006,2026-04-27,6459,PROD02
ORD08501,CUST5677,C004,CAM020,2026-02-07,9529,PROD43
ORD08502,CUST5678,C018,CAM004,2026-05-19,3234,PROD11
ORD08503,CUST5679,C018,CAM017,2026-04-14,7794,PROD50
ORD08504,CUST5679,C018,CAM017,2026-04-23,2824,PROD24
ORD08505,CUST5680,C005,CAM022,2026-06-08,5564,PROD16
ORD08506,CUST5681,C018,CAM018,2026-05-27,6973,PROD35
ORD08507,CUST5681,C018,CAM018,2026-07-07,1345,PROD03
ORD08508,CUST5681,C018,CAM018,2026-08-18,2122,PROD15
ORD08509,CUST5681,C018,CAM018,2026-09-03,905,PROD11
ORD08510,CUST5681,C018,CAM018,2026-09-30,1954,PROD13
ORD08511,CUST5682,C009,CAM034,2026-05-16,3570,PROD11
ORD08512,CUST5682,C009,CAM034,2026-06-05,3268,PROD23
ORD08513,CUST5683,C018,CAM004,2026-05-18,3159,PROD24
ORD08514,CUST5683,C018,CAM004,2026-07-03,8051,PROD22
ORD08515,CUST5684,C018,CAM039,2026-01-21,2865,PROD47
ORD08516,CUST5684,C018,CAM039,2026-02-09,14719,PROD22
ORD08517,CUST5684,C018,CAM039,2026-03-04,200,PROD22
ORD08518,CUST5685,C011,CAM009,2026-04-09,923,PROD26
ORD08519,CUST5685,C011,CAM009,2026-05-21,1799,PROD33
ORD08520,CUST5686,C017,CAM029,2026-02-16,778,PROD19
ORD08521,CUST5687,C013,CAM006,2026-04-28,3631,PROD13
ORD08522,CUST5688,C011,CAM003,2026-03-12,5753,PROD11
ORD08523,CUST5688,C011,CAM003,2026-04-04,2082,PROD16
ORD08524,CUST5689,C011,CAM001,2026-03-02,3065,PROD09
ORD08525,CUST5690,C018,CAM031,2026-02-27,3075,PROD37
ORD08526,CUST5690,C018,CAM031,2026-04-20,486,PROD48
ORD08527,CUST5691,C004,CAM040,2026-02-07,4998,PROD09
ORD08528,CUST5691,C004,CAM040,2026-04-06,3494,PROD18
ORD08529,CUST5692,C008,CAM033,2026-02-05,3193,PROD38
ORD08530,CUST5692,C008,CAM033,2026-02-13,5938,PROD29
ORD08531,CUST5693,C008,CAM007,2026-01-23,1764,PROD26
ORD08532,CUST5694,C008,CAM033,2026-02-24,4606,PROD40
ORD08533,CUST5695,C013,CAM006,2026-04-04,3621,PROD16
ORD08534,CUST5695,C013,CAM006,2026-05-10,9571,PROD26
ORD08535,CUST5695,C013,CAM006,2026-05-27,984,PROD05
ORD08536,CUST5695,C013,CAM006,2026-07-01,5184,PROD30
ORD08537,CUST5695,C013,CAM006,2026-07-25,3882,PROD38
ORD08538,CUST5696,C007,CAM036,2026-01-09,4332,PROD01
ORD08539,CUST5696,C007,CAM036,2026-02-07,8071,PROD12
ORD08540,CUST5696,C007,CAM036,2026-03-22,10838,PROD50
ORD08541,CUST5697,C014,CAM014,2026-05-07,2427,PROD37
ORD08542,CUST5698,C006,CAM008,2026-03-23,6024,PROD07
ORD08543,CUST5699,C018,CAM004,2026-05-20,5458,PROD29
ORD08544,CUST5699,C018,CAM004,2026-05-29,1069,PROD45
ORD08545,CUST5700,C009,CAM034,2026-05-13,15000,PROD15
ORD08546,CUST5701,C018,CAM016,2026-01-21,6883,PROD28
ORD08547,CUST5701,C018,CAM016,2026-03-21,5209,PROD18
ORD08548,CUST5702,C023,CAM010,2026-04-09,4079,PROD33
ORD08549,CUST5702,C023,CAM010,2026-05-24,3423,PROD26
ORD08550,CUST5703,C011,CAM015,2026-05-29,2336,PROD10
ORD08551,CUST5703,C011,CAM015,2026-07-17,3240,PROD02
ORD08552,CUST5704,C005,CAM021,2026-06-06,4356,PROD50
ORD08553,CUST5704,C005,CAM021,2026-06-25,4413,PROD02
ORD08554,CUST5704,C005,CAM021,2026-06-30,7633,PROD37
ORD08555,CUST5705,C009,CAM035,2026-04-08,1863,PROD35
ORD08556,CUST5706,C008,CAM007,2026-01-23,2487,PROD18
ORD08557,CUST5707,C018,CAM017,2026-04-19,10568,PROD07
ORD08558,CUST5707,C018,CAM017,2026-04-28,3161,PROD23
ORD08559,CUST5707,C018,CAM017,2026-06-16,7066,PROD15
ORD08560,CUST5708,C018,CAM031,2026-02-20,3550,PROD21
ORD08561,CUST5709,C006,CAM008,2026-03-20,3115,PROD50
ORD08562,CUST5709,C006,CAM008,2026-04-02,1603,PROD07
ORD08563,CUST5709,C006,CAM008,2026-05-14,913,PROD41
ORD08564,CUST5709,C006,CAM008,2026-05-25,918,PROD20
ORD08565,CUST5709,C006,CAM008,2026-06-14,846,PROD43
ORD08566,CUST5710,C024,CAM013,2026-05-18,5433,PROD29
ORD08567,CUST5711,C021,CAM025,2026-02-27,2333,PROD09
ORD08568,CUST5712,C009,CAM030,2026-04-05,1956,PROD09
ORD08569,CUST5713,C007,CAM036,2026-01-23,4095,PROD09
ORD08570,CUST5714,C012,CAM024,2026-05-08,1430,PROD16
ORD08571,CUST5715,C009,CAM035,2026-04-10,2217,PROD44
ORD08572,CUST5716,C013,CAM019,2026-05-25,4638,PROD38
ORD08573,CUST5717,C018,CAM004,2026-05-18,2458,PROD35
ORD08574,CUST5717,C018,CAM004,2026-06-22,842,PROD32
ORD08575,CUST5718,C023,CAM005,2026-06-04,3480,PROD25
ORD08576,CUST5719,C018,CAM018,2026-06-13,7252,PROD14
ORD08577,CUST5719,C018,CAM018,2026-07-03,9322,PROD49
ORD08578,CUST5720,C004,CAM020,2026-02-19,5452,PROD23
ORD08579,CUST5721,C013,CAM019,2026-05-27,4259,PROD11
ORD08580,CUST5722,C009,CAM030,2026-04-05,2158,PROD43
ORD08581,CUST5723,C007,CAM036,2026-01-14,3467,PROD34
ORD08582,CUST5724,C002,CAM027,2026-04-28,2043,PROD23
ORD08583,CUST5725,C011,CAM003,2026-03-17,5502,PROD48
ORD08584,CUST5726,C013,CAM032,2026-03-14,3326,PROD21
ORD08585,CUST5727,C010,CAM012,2026-02-01,200,PROD31
ORD08586,CUST5728,C003,CAM011,2026-03-07,3448,PROD02
ORD08587,CUST5729,C018,CAM017,2026-04-21,3957,PROD09
ORD08588,CUST5730,C005,CAM022,2026-06-17,8481,PROD24
ORD08589,CUST5731,C002,CAM002,2026-04-11,4665,PROD41
ORD08590,CUST5732,C007,CAM036,2026-01-11,3693,PROD06
ORD08591,CUST5733,C014,CAM014,2026-05-17,5409,PROD36
ORD08592,CUST5734,C007,CAM028,2026-03-11,2802,PROD23
ORD08593,CUST5735,C004,CAM020,2026-02-09,706,PROD23
ORD08594,CUST5736,C023,CAM010,2026-04-16,2437,PROD41
ORD08595,CUST5737,C012,CAM024,2026-05-09,2574,PROD20
ORD08596,CUST5738,C004,CAM040,2026-01-23,5022,PROD13
ORD08597,CUST5739,C021,CAM025,2026-03-05,2467,PROD12
ORD08598,CUST5739,C021,CAM025,2026-04-20,739,PROD01
ORD08599,CUST5740,C023,CAM010,2026-04-06,2430,PROD16
ORD08600,CUST5741,C005,CAM021,2026-05-26,2938,PROD37
ORD08601,CUST5741,C005,CAM021,2026-06-11,1070,PROD39
ORD08602,CUST5742,C018,CAM039,2026-01-21,4945,PROD42
ORD08603,CUST5743,C004,CAM020,2026-02-18,1630,PROD45
ORD08604,CUST5743,C004,CAM020,2026-03-23,2403,PROD03
ORD08605,CUST5744,C018,CAM004,2026-05-24,6189,PROD17
ORD08606,CUST5745,C023,CAM010,2026-04-09,2162,PROD04
ORD08607,CUST5746,C014,CAM014,2026-05-10,2866,PROD12
ORD08608,CUST5747,C023,CAM010,2026-04-11,1810,PROD42
ORD08609,CUST5748,C007,CAM036,2026-01-01,2308,PROD40
ORD08610,CUST5749,C010,CAM038,2026-03-03,1347,PROD06
ORD08611,CUST5750,C020,CAM026,2026-04-26,8271,PROD49
ORD08612,CUST5750,C020,CAM026,2026-05-13,1329,PROD35
ORD08613,CUST5750,C020,CAM026,2026-06-26,8629,PROD12
ORD08614,CUST5751,C018,CAM004,2026-05-20,7276,PROD30
ORD08615,CUST5751,C018,CAM004,2026-05-30,3524,PROD06
ORD08616,CUST5752,C013,CAM023,2026-04-06,808,PROD01
ORD08617,CUST5753,C018,CAM039,2026-01-21,9911,PROD02
ORD08618,CUST5754,C002,CAM027,2026-04-12,2352,PROD43
ORD08619,CUST5755,C004,CAM040,2026-01-28,2276,PROD26
ORD08620,CUST5756,C009,CAM030,2026-04-08,4329,PROD04
ORD08621,CUST5757,C013,CAM006,2026-04-16,2108,PROD26
ORD08622,CUST5758,C013,CAM032,2026-03-15,324,PROD46
ORD08623,CUST5759,C023,CAM010,2026-04-04,6282,PROD21
ORD08624,CUST5759,C023,CAM010,2026-04-23,1527,PROD30
ORD08625,CUST5760,C018,CAM031,2026-02-16,631,PROD06
ORD08626,CUST5760,C018,CAM031,2026-03-21,7615,PROD28
ORD08627,CUST5760,C018,CAM031,2026-05-07,4069,PROD10
ORD08628,CUST5760,C018,CAM031,2026-07-05,2515,PROD15
ORD08629,CUST5760,C018,CAM031,2026-08-22,803,PROD08
ORD08630,CUST5761,C009,CAM034,2026-05-16,4777,PROD08
ORD08631,CUST5762,C018,CAM031,2026-03-02,1404,PROD40
ORD08632,CUST5763,C009,CAM034,2026-05-19,3935,PROD28
ORD08633,CUST5764,C017,CAM029,2026-02-03,1077,PROD46
ORD08634,CUST5765,C011,CAM003,2026-03-15,2481,PROD19
ORD08635,CUST5766,C014,CAM014,2026-05-05,9837,PROD30
ORD08636,CUST5767,C007,CAM036,2026-01-22,3591,PROD34
ORD08637,CUST5768,C018,CAM031,2026-02-25,1148,PROD49
ORD08638,CUST5769,C002,CAM002,2026-04-14,2598,PROD14
ORD08639,CUST5770,C018,CAM017,2026-04-21,5019,PROD12
ORD08640,CUST5771,C018,CAM017,2026-04-14,1996,PROD28
ORD08641,CUST5772,C005,CAM022,2026-06-01,2726,PROD22
ORD08642,CUST5773,C009,CAM030,2026-04-06,6827,PROD02
ORD08643,CUST5774,C018,CAM017,2026-04-28,6332,PROD37
ORD08644,CUST5775,C007,CAM028,2026-03-11,937,PROD12
ORD08645,CUST5776,C010,CAM012,2026-01-24,1245,PROD15
ORD08646,CUST5777,C013,CAM019,2026-05-17,2055,PROD18
ORD08647,CUST5778,C021,CAM025,2026-03-05,4409,PROD15
ORD08648,CUST5779,C018,CAM018,2026-06-06,3516,PROD22
ORD08649,CUST5780,C007,CAM028,2026-03-12,1889,PROD25
ORD08650,CUST5781,C005,CAM021,2026-06-01,877,PROD49
ORD08651,CUST5782,C009,CAM034,2026-05-15,4694,PROD19
ORD08652,CUST5783,C011,CAM009,2026-04-19,4702,PROD25
ORD08653,CUST5784,C013,CAM006,2026-04-27,5350,PROD36
ORD08654,CUST5784,C013,CAM006,2026-06-07,919,PROD03
ORD08655,CUST5785,C011,CAM009,2026-04-22,6527,PROD34
ORD08656,CUST5785,C011,CAM009,2026-05-24,4205,PROD47
ORD08657,CUST5785,C011,CAM009,2026-07-13,4574,PROD18
ORD08658,CUST5786,C007,CAM036,2026-01-21,1890,PROD01
ORD08659,CUST5786,C007,CAM036,2026-03-05,777,PROD22
ORD08660,CUST5787,C023,CAM010,2026-04-12,1635,PROD41
ORD08661,CUST5788,C013,CAM023,2026-04-10,996,PROD18
ORD08662,CUST5789,C004,CAM040,2026-01-20,3329,PROD18
ORD08663,CUST5790,C020,CAM026,2026-04-29,499,PROD39
ORD08664,CUST5791,C002,CAM002,2026-04-08,2507,PROD15
ORD08665,CUST5792,C004,CAM020,2026-02-08,6346,PROD28
ORD08666,CUST5792,C004,CAM020,2026-02-16,1563,PROD20
ORD08667,CUST5793,C010,CAM012,2026-02-08,1464,PROD48
ORD08668,CUST5794,C013,CAM032,2026-03-18,2864,PROD33
ORD08669,CUST5795,C004,CAM040,2026-01-26,4859,PROD30
ORD08670,CUST5795,C004,CAM040,2026-02-03,2208,PROD26
ORD08671,CUST5795,C004,CAM040,2026-03-26,3161,PROD25
ORD08672,CUST5796,C018,CAM031,2026-02-27,2949,PROD42
ORD08673,CUST5797,C013,CAM006,2026-04-14,5249,PROD17
ORD08674,CUST5798,C024,CAM013,2026-06-13,1746,PROD44
ORD08675,CUST5799,C010,CAM038,2026-03-06,8377,PROD05
ORD08676,CUST5800,C002,CAM027,2026-04-29,5933,PROD45
ORD08677,CUST5800,C002,CAM027,2026-05-09,1631,PROD34
ORD08678,CUST5800,C002,CAM027,2026-06-06,3735,PROD34
ORD08679,CUST5801,C007,CAM037,2026-01-14,8398,PROD04
ORD08680,CUST5802,C010,CAM012,2026-02-02,3391,PROD45
ORD08681,CUST5803,C009,CAM034,2026-05-28,1327,PROD01
ORD08682,CUST5804,C011,CAM015,2026-05-31,13922,PROD03
ORD08683,CUST5804,C011,CAM015,2026-07-19,2948,PROD30
ORD08684,CUST5805,C004,CAM020,2026-02-18,12858,PROD16
ORD08685,CUST5805,C004,CAM020,2026-03-18,3169,PROD27
ORD08686,CUST5805,C004,CAM020,2026-05-10,6343,PROD28
ORD08687,CUST5805,C004,CAM020,2026-05-17,10990,PROD22
ORD08688,CUST5806,C018,CAM017,2026-04-20,3871,PROD29
ORD08689,CUST5807,C013,CAM032,2026-03-22,3818,PROD16
ORD08690,CUST5808,C009,CAM034,2026-05-10,2420,PROD42
ORD08691,CUST5809,C020,CAM026,2026-05-10,6497,PROD26
ORD08692,CUST5809,C020,CAM026,2026-06-14,706,PROD45
ORD08693,CUST5810,C010,CAM012,2026-01-22,839,PROD09
ORD08694,CUST5811,C013,CAM006,2026-04-26,2599,PROD27
ORD08695,CUST5812,C007,CAM028,2026-03-21,2493,PROD42
ORD08696,CUST5813,C006,CAM008,2026-03-17,5488,PROD50
ORD08697,CUST5814,C011,CAM001,2026-03-11,2587,PROD33
ORD08698,CUST5815,C013,CAM023,2026-04-08,699,PROD49
ORD08699,CUST5816,C007,CAM028,2026-03-27,3147,PROD03
ORD08700,CUST5817,C023,CAM010,2026-04-11,9621,PROD37
ORD08701,CUST5818,C004,CAM040,2026-01-24,4380,PROD11
ORD08702,CUST5818,C004,CAM040,2026-03-14,6172,PROD33
ORD08703,CUST5819,C008,CAM033,2026-02-16,2585,PROD33
ORD08704,CUST5820,C006,CAM008,2026-03-23,1050,PROD02
ORD08705,CUST5821,C006,CAM008,2026-03-21,3612,PROD41
ORD08706,CUST5822,C007,CAM036,2026-01-01,2747,PROD41
ORD08707,CUST5823,C004,CAM040,2026-02-05,2951,PROD08
ORD08708,CUST5823,C004,CAM040,2026-03-26,3571,PROD30
ORD08709,CUST5823,C004,CAM040,2026-04-03,6478,PROD17
ORD08710,CUST5823,C004,CAM040,2026-05-19,2404,PROD36
ORD08711,CUST5823,C004,CAM040,2026-06-20,5181,PROD49
ORD08712,CUST5824,C018,CAM017,2026-04-15,3588,PROD26
ORD08713,CUST5825,C009,CAM034,2026-06-02,4130,PROD27
ORD08714,CUST5826,C011,CAM015,2026-05-26,8311,PROD04
ORD08715,CUST5826,C011,CAM015,2026-07-18,3290,PROD05
ORD08716,CUST5826,C011,CAM015,2026-08-17,2232,PROD49
ORD08717,CUST5826,C011,CAM015,2026-09-01,2961,PROD37
ORD08718,CUST5827,C020,CAM026,2026-04-19,3181,PROD38
ORD08719,CUST5828,C013,CAM019,2026-05-13,2861,PROD33
ORD08720,CUST5829,C003,CAM011,2026-03-14,6396,PROD37
ORD08721,CUST5829,C003,CAM011,2026-05-10,949,PROD35
ORD08722,CUST5830,C018,CAM017,2026-04-28,395,PROD10
ORD08723,CUST5830,C018,CAM017,2026-05-29,5497,PROD45
ORD08724,CUST5831,C009,CAM035,2026-04-18,785,PROD15
ORD08725,CUST5831,C009,CAM035,2026-05-22,2891,PROD06
ORD08726,CUST5831,C009,CAM035,2026-06-25,3779,PROD48
ORD08727,CUST5832,C003,CAM011,2026-03-12,5426,PROD20
ORD08728,CUST5833,C017,CAM029,2026-02-07,8588,PROD38
ORD08729,CUST5833,C017,CAM029,2026-03-02,9083,PROD11
ORD08730,CUST5834,C011,CAM009,2026-04-14,8143,PROD38
ORD08731,CUST5835,C007,CAM036,2026-01-22,2169,PROD16
ORD08732,CUST5836,C009,CAM030,2026-04-08,2507,PROD21
ORD08733,CUST5837,C004,CAM040,2026-02-08,12224,PROD39
ORD08734,CUST5838,C009,CAM034,2026-05-10,4169,PROD23
ORD08735,CUST5838,C009,CAM034,2026-07-03,7029,PROD37
ORD08736,CUST5839,C021,CAM025,2026-02-22,12115,PROD25
ORD08737,CUST5840,C009,CAM035,2026-04-08,1472,PROD22
ORD08738,CUST5840,C009,CAM035,2026-06-04,8556,PROD35
ORD08739,CUST5840,C009,CAM035,2026-07-07,2909,PROD13
ORD08740,CUST5840,C009,CAM035,2026-07-12,5199,PROD24
ORD08741,CUST5840,C009,CAM035,2026-08-02,7209,PROD39
ORD08742,CUST5841,C010,CAM038,2026-03-05,3897,PROD18
ORD08743,CUST5842,C018,CAM017,2026-04-21,4402,PROD16
ORD08744,CUST5843,C004,CAM020,2026-02-07,770,PROD45
ORD08745,CUST5844,C018,CAM039,2026-01-22,4214,PROD35
ORD08746,CUST5845,C009,CAM034,2026-05-23,6360,PROD01
ORD08747,CUST5846,C004,CAM040,2026-02-07,6095,PROD42
ORD08748,CUST5847,C013,CAM023,2026-04-13,5698,PROD08
ORD08749,CUST5848,C002,CAM002,2026-04-18,7619,PROD49
ORD08750,CUST5849,C018,CAM016,2026-01-29,3344,PROD07
ORD08751,CUST5850,C005,CAM021,2026-06-13,3089,PROD50
ORD08752,CUST5851,C018,CAM004,2026-05-28,6365,PROD42
ORD08753,CUST5851,C018,CAM004,2026-07-04,2602,PROD06
ORD08754,CUST5851,C018,CAM004,2026-07-30,3444,PROD01
ORD08755,CUST5851,C018,CAM004,2026-08-16,7381,PROD29
ORD08756,CUST5851,C018,CAM004,2026-10-09,4877,PROD03
ORD08757,CUST5852,C004,CAM020,2026-02-21,4777,PROD39
ORD08758,CUST5852,C004,CAM020,2026-03-07,413,PROD27
ORD08759,CUST5852,C004,CAM020,2026-04-21,1816,PROD20
ORD08760,CUST5853,C013,CAM023,2026-04-10,1394,PROD14
ORD08761,CUST5854,C002,CAM027,2026-04-24,5366,PROD03
ORD08762,CUST5855,C006,CAM008,2026-03-17,5907,PROD26
ORD08763,CUST5856,C010,CAM012,2026-02-04,428,PROD27
ORD08764,CUST5856,C010,CAM012,2026-03-16,3807,PROD12
ORD08765,CUST5857,C013,CAM006,2026-04-27,2695,PROD20
ORD08766,CUST5858,C023,CAM005,2026-06-07,2204,PROD02
ORD08767,CUST5858,C023,CAM005,2026-07-24,3185,PROD02
ORD08768,CUST5859,C011,CAM001,2026-03-01,1083,PROD43
ORD08769,CUST5860,C013,CAM019,2026-05-18,3914,PROD12
ORD08770,CUST5861,C018,CAM018,2026-06-15,2351,PROD18
ORD08771,CUST5862,C020,CAM026,2026-04-21,6590,PROD01
ORD08772,CUST5863,C010,CAM012,2026-02-06,3437,PROD47
ORD08773,CUST5864,C011,CAM015,2026-06-06,3049,PROD08
ORD08774,CUST5865,C012,CAM024,2026-05-14,2939,PROD09
ORD08775,CUST5866,C013,CAM019,2026-05-25,4898,PROD09
ORD08776,CUST5866,C013,CAM019,2026-07-22,4168,PROD02
ORD08777,CUST5866,C013,CAM019,2026-08-11,3390,PROD40
ORD08778,CUST5867,C005,CAM022,2026-06-13,5316,PROD49
ORD08779,CUST5867,C005,CAM022,2026-08-08,2444,PROD12
ORD08780,CUST5867,C005,CAM022,2026-09-08,3346,PROD13
ORD08781,CUST5868,C004,CAM040,2026-01-26,4041,PROD14
ORD08782,CUST5868,C004,CAM040,2026-02-20,12347,PROD39
ORD08783,CUST5868,C004,CAM040,2026-03-21,2073,PROD41
ORD08784,CUST5868,C004,CAM040,2026-05-06,3027,PROD12
ORD08785,CUST5869,C013,CAM032,2026-03-17,1917,PROD34
ORD08786,CUST5870,C013,CAM023,2026-04-16,3948,PROD01
ORD08787,CUST5871,C014,CAM014,2026-05-04,2593,PROD48
ORD08788,CUST5871,C014,CAM014,2026-05-27,5338,PROD43
ORD08789,CUST5872,C004,CAM020,2026-02-10,2534,PROD43
ORD08790,CUST5872,C004,CAM020,2026-03-10,2245,PROD14
ORD08791,CUST5873,C009,CAM035,2026-04-15,975,PROD06
ORD08792,CUST5873,C009,CAM035,2026-04-29,3254,PROD15
ORD08793,CUST5874,C012,CAM024,2026-05-12,1127,PROD12
ORD08794,CUST5875,C012,CAM024,2026-05-11,6571,PROD26
ORD08795,CUST5876,C018,CAM039,2026-01-21,8683,PROD25
ORD08796,CUST5877,C011,CAM015,2026-06-04,5952,PROD09
ORD08797,CUST5878,C004,CAM020,2026-02-15,315,PROD21
ORD08798,CUST5878,C004,CAM020,2026-02-28,8907,PROD49
ORD08799,CUST5878,C004,CAM020,2026-04-18,6482,PROD20
ORD08800,CUST5879,C011,CAM009,2026-04-19,2726,PROD45
ORD08801,CUST5880,C018,CAM031,2026-02-23,1389,PROD49
ORD08802,CUST5880,C018,CAM031,2026-03-05,2780,PROD45
ORD08803,CUST5881,C013,CAM006,2026-04-17,2514,PROD50
ORD08804,CUST5882,C010,CAM012,2026-02-09,2511,PROD16
ORD08805,CUST5882,C010,CAM012,2026-04-10,5560,PROD26
ORD08806,CUST5883,C018,CAM018,2026-06-17,7929,PROD33
ORD08807,CUST5883,C018,CAM018,2026-07-26,3515,PROD10
ORD08808,CUST5883,C018,CAM018,2026-08-07,2985,PROD23
ORD08809,CUST5884,C009,CAM030,2026-04-07,1178,PROD32
ORD08810,CUST5885,C002,CAM002,2026-04-16,8248,PROD46
ORD08811,CUST5886,C006,CAM008,2026-03-22,626,PROD13
ORD08812,CUST5886,C006,CAM008,2026-04-04,6884,PROD15
ORD08813,CUST5887,C008,CAM007,2026-01-18,1690,PROD30
ORD08814,CUST5888,C018,CAM004,2026-05-27,694,PROD27
ORD08815,CUST5889,C018,CAM016,2026-01-24,3583,PROD24
ORD08816,CUST5889,C018,CAM016,2026-03-07,7902,PROD20
ORD08817,CUST5889,C018,CAM016,2026-04-17,8488,PROD32
ORD08818,CUST5889,C018,CAM016,2026-06-15,6092,PROD43
ORD08819,CUST5890,C011,CAM015,2026-05-25,1594,PROD17
ORD08820,CUST5891,C007,CAM028,2026-03-25,1207,PROD12
ORD08821,CUST5892,C002,CAM002,2026-04-14,5139,PROD09
ORD08822,CUST5893,C006,CAM008,2026-03-22,628,PROD05
ORD08823,CUST5894,C018,CAM031,2026-02-28,3861,PROD12
ORD08824,CUST5895,C013,CAM032,2026-03-20,2993,PROD38
ORD08825,CUST5896,C014,CAM014,2026-05-03,2622,PROD48
ORD08826,CUST5897,C020,CAM026,2026-05-14,1432,PROD36
ORD08827,CUST5898,C024,CAM013,2026-05-23,287,PROD36
ORD08828,CUST5899,C011,CAM015,2026-05-30,783,PROD26
ORD08829,CUST5900,C002,CAM002,2026-04-16,263,PROD32
ORD08830,CUST5901,C008,CAM033,2026-02-16,2299,PROD50
ORD08831,CUST5902,C013,CAM023,2026-04-03,13570,PROD16
ORD08832,CUST5903,C023,CAM010,2026-04-12,3189,PROD34
ORD08833,CUST5903,C023,CAM010,2026-06-11,1373,PROD17
ORD08834,CUST5903,C023,CAM010,2026-07-24,7003,PROD16
ORD08835,CUST5904,C013,CAM023,2026-04-08,3078,PROD34
ORD08836,CUST5905,C014,CAM014,2026-05-05,3080,PROD39
ORD08837,CUST5906,C010,CAM012,2026-01-23,7555,PROD26
ORD08838,CUST5907,C002,CAM027,2026-04-08,1456,PROD05
ORD08839,CUST5907,C002,CAM027,2026-05-01,2061,PROD20
ORD08840,CUST5907,C002,CAM027,2026-05-09,200,PROD42
ORD08841,CUST5907,C002,CAM027,2026-06-25,1557,PROD45
ORD08842,CUST5908,C013,CAM006,2026-04-15,343,PROD40
ORD08843,CUST5908,C013,CAM006,2026-06-05,1211,PROD48
ORD08844,CUST5909,C005,CAM022,2026-06-08,1895,PROD43
ORD08845,CUST5910,C023,CAM010,2026-04-04,1155,PROD47
ORD08846,CUST5911,C018,CAM039,2026-01-22,10350,PROD08
ORD08847,CUST5912,C020,CAM026,2026-04-25,6753,PROD37
ORD08848,CUST5913,C007,CAM028,2026-03-16,1525,PROD41
ORD08849,CUST5913,C007,CAM028,2026-05-13,3915,PROD35
ORD08850,CUST5914,C013,CAM006,2026-04-07,9184,PROD40
ORD08851,CUST5914,C013,CAM006,2026-05-16,939,PROD28
ORD08852,CUST5915,C013,CAM019,2026-05-18,6250,PROD25
ORD08853,CUST5916,C002,CAM027,2026-04-13,3103,PROD43
ORD08854,CUST5917,C017,CAM029,2026-02-03,7434,PROD01
ORD08855,CUST5917,C017,CAM029,2026-03-01,6642,PROD40
ORD08856,CUST5917,C017,CAM029,2026-04-20,2580,PROD42
ORD08857,CUST5917,C017,CAM029,2026-05-04,10909,PROD04
ORD08858,CUST5918,C013,CAM006,2026-04-08,6992,PROD15
ORD08859,CUST5919,C018,CAM016,2026-01-24,2677,PROD28
ORD08860,CUST5920,C008,CAM007,2026-01-19,435,PROD17
ORD08861,CUST5921,C007,CAM036,2026-01-20,2570,PROD37
ORD08862,CUST5922,C009,CAM035,2026-04-18,2614,PROD03
ORD08863,CUST5923,C009,CAM030,2026-04-03,2600,PROD09
ORD08864,CUST5924,C008,CAM033,2026-01-30,8263,PROD24
ORD08865,CUST5925,C017,CAM029,2026-02-19,2406,PROD29
ORD08866,CUST5926,C018,CAM017,2026-04-26,2327,PROD34
ORD08867,CUST5927,C009,CAM034,2026-05-28,6616,PROD31
ORD08868,CUST5928,C017,CAM029,2026-02-23,4290,PROD47
ORD08869,CUST5929,C003,CAM011,2026-03-19,10800,PROD01
ORD08870,CUST5930,C010,CAM012,2026-01-26,8623,PROD20
ORD08871,CUST5931,C004,CAM020,2026-02-14,2397,PROD11
ORD08872,CUST5931,C004,CAM020,2026-03-11,1873,PROD15
ORD08873,CUST5931,C004,CAM020,2026-03-20,3654,PROD43
ORD08874,CUST5932,C024,CAM013,2026-06-01,2442,PROD21
ORD08875,CUST5933,C018,CAM017,2026-04-25,3866,PROD04
ORD08876,CUST5933,C018,CAM017,2026-05-31,337,PROD32
ORD08877,CUST5934,C005,CAM022,2026-06-05,2814,PROD05
ORD08878,CUST5935,C018,CAM017,2026-04-24,8561,PROD27
ORD08879,CUST5935,C018,CAM017,2026-05-04,525,PROD49
ORD08880,CUST5936,C009,CAM030,2026-04-08,2183,PROD03
ORD08881,CUST5936,C009,CAM030,2026-04-22,6295,PROD45
ORD08882,CUST5937,C013,CAM023,2026-04-16,4181,PROD38
ORD08883,CUST5938,C009,CAM035,2026-04-17,5467,PROD13
ORD08884,CUST5938,C009,CAM035,2026-05-25,5822,PROD31
ORD08885,CUST5939,C018,CAM016,2026-01-18,1281,PROD13
ORD08886,CUST5940,C023,CAM010,2026-04-15,4066,PROD19
ORD08887,CUST5940,C023,CAM010,2026-06-13,8517,PROD20
ORD08888,CUST5940,C023,CAM010,2026-07-05,7520,PROD29
ORD08889,CUST5940,C023,CAM010,2026-07-28,4099,PROD36
ORD08890,CUST5941,C009,CAM034,2026-05-10,9669,PROD32
ORD08891,CUST5942,C004,CAM040,2026-01-18,10425,PROD35
ORD08892,CUST5943,C002,CAM002,2026-04-10,9893,PROD21
ORD08893,CUST5944,C005,CAM021,2026-05-24,392,PROD31
ORD08894,CUST5945,C024,CAM013,2026-05-27,5646,PROD49
ORD08895,CUST5945,C024,CAM013,2026-07-09,800,PROD05
ORD08896,CUST5945,C024,CAM013,2026-09-02,6641,PROD31
ORD08897,CUST5945,C024,CAM013,2026-10-17,2003,PROD03
ORD08898,CUST5946,C018,CAM039,2026-01-29,6987,PROD23
ORD08899,CUST5947,C008,CAM033,2026-02-12,12118,PROD43
ORD08900,CUST5948,C003,CAM011,2026-03-22,2374,PROD23
ORD08901,CUST5949,C005,CAM021,2026-06-01,5506,PROD13
ORD08902,CUST5950,C021,CAM025,2026-02-10,1638,PROD05
ORD08903,CUST5951,C013,CAM023,2026-04-15,13073,PROD01
ORD08904,CUST5952,C013,CAM006,2026-04-14,3705,PROD06
ORD08905,CUST5953,C002,CAM002,2026-04-09,2904,PROD29
ORD08906,CUST5954,C009,CAM035,2026-04-10,9359,PROD40
ORD08907,CUST5955,C013,CAM023,2026-04-13,3269,PROD39
ORD08908,CUST5956,C013,CAM019,2026-05-11,6585,PROD04
ORD08909,CUST5957,C013,CAM032,2026-03-24,410,PROD01
ORD08910,CUST5958,C005,CAM022,2026-06-08,3978,PROD16
ORD08911,CUST5958,C005,CAM022,2026-08-05,3486,PROD01
ORD08912,CUST5958,C005,CAM022,2026-09-24,3126,PROD20
ORD08913,CUST5959,C021,CAM025,2026-02-18,3918,PROD18
ORD08914,CUST5959,C021,CAM025,2026-02-24,7522,PROD49
ORD08915,CUST5960,C018,CAM039,2026-01-30,2340,PROD46
ORD08916,CUST5961,C006,CAM008,2026-03-18,4257,PROD35
ORD08917,CUST5961,C006,CAM008,2026-03-24,2563,PROD44
ORD08918,CUST5961,C006,CAM008,2026-04-11,1615,PROD38
ORD08919,CUST5961,C006,CAM008,2026-05-10,1697,PROD26
ORD08920,CUST5962,C006,CAM008,2026-03-18,10116,PROD48
ORD08921,CUST5963,C007,CAM037,2026-01-05,3676,PROD24
ORD08922,CUST5963,C007,CAM037,2026-03-03,5350,PROD35
ORD08923,CUST5964,C024,CAM013,2026-05-29,9325,PROD18
ORD08924,CUST5965,C005,CAM021,2026-06-15,2995,PROD43
ORD08925,CUST5966,C024,CAM013,2026-06-03,2528,PROD10
ORD08926,CUST5967,C010,CAM012,2026-01-29,5255,PROD45
ORD08927,CUST5967,C010,CAM012,2026-02-24,5653,PROD06
ORD08928,CUST5968,C018,CAM017,2026-04-22,1119,PROD46
ORD08929,CUST5969,C021,CAM025,2026-02-15,5761,PROD47
ORD08930,CUST5970,C002,CAM002,2026-04-13,1720,PROD09
ORD08931,CUST5971,C018,CAM004,2026-05-18,1283,PROD39
ORD08932,CUST5972,C005,CAM022,2026-06-08,3061,PROD02
ORD08933,CUST5972,C005,CAM022,2026-07-15,1340,PROD33
ORD08934,CUST5973,C024,CAM013,2026-06-10,8088,PROD28
ORD08935,CUST5974,C013,CAM006,2026-04-04,1892,PROD39
ORD08936,CUST5975,C023,CAM005,2026-06-06,974,PROD03
ORD08937,CUST5976,C020,CAM026,2026-04-24,1153,PROD44
ORD08938,CUST5976,C020,CAM026,2026-06-13,1727,PROD08
ORD08939,CUST5977,C014,CAM014,2026-05-18,1151,PROD47
ORD08940,CUST5977,C014,CAM014,2026-07-14,680,PROD45
ORD08941,CUST5978,C006,CAM008,2026-03-20,2294,PROD06
ORD08942,CUST5979,C007,CAM036,2026-01-07,2333,PROD10
ORD08943,CUST5980,C008,CAM007,2026-01-24,3542,PROD07
ORD08944,CUST5981,C010,CAM038,2026-03-11,1060,PROD22
ORD08945,CUST5982,C005,CAM022,2026-05-31,4927,PROD26
ORD08946,CUST5983,C009,CAM034,2026-05-15,4279,PROD08
ORD08947,CUST5984,C006,CAM008,2026-03-22,1854,PROD30
ORD08948,CUST5984,C006,CAM008,2026-05-17,2007,PROD44
ORD08949,CUST5984,C006,CAM008,2026-07-04,1547,PROD11
ORD08950,CUST5985,C010,CAM038,2026-03-03,5321,PROD39
ORD08951,CUST5986,C018,CAM031,2026-03-03,3095,PROD31
ORD08952,CUST5986,C018,CAM031,2026-03-25,5342,PROD24
ORD08953,CUST5986,C018,CAM031,2026-05-14,3145,PROD18
ORD08954,CUST5987,C004,CAM020,2026-02-21,7977,PROD04
ORD08955,CUST5988,C007,CAM037,2026-01-13,1852,PROD44
ORD08956,CUST5989,C024,CAM013,2026-05-21,1602,PROD13
ORD08957,CUST5990,C011,CAM003,2026-03-16,1819,PROD19
ORD08958,CUST5991,C009,CAM030,2026-03-30,1205,PROD37
ORD08959,CUST5992,C021,CAM025,2026-03-04,12352,PROD18
ORD08960,CUST5992,C021,CAM025,2026-04-04,684,PROD32
ORD08961,CUST5993,C008,CAM033,2026-02-09,3461,PROD09
ORD08962,CUST5994,C004,CAM020,2026-02-19,4697,PROD21
ORD08963,CUST5994,C004,CAM020,2026-04-09,4243,PROD49
ORD08964,CUST5995,C010,CAM038,2026-03-09,13955,PROD24
ORD08965,CUST5996,C013,CAM023,2026-04-03,6715,PROD25
ORD08966,CUST5996,C013,CAM023,2026-04-12,2710,PROD48
ORD08967,CUST5997,C004,CAM040,2026-01-27,456,PROD24
ORD08968,CUST5997,C004,CAM040,2026-03-04,7937,PROD36
ORD08969,CUST5997,C004,CAM040,2026-04-06,3546,PROD01
ORD08970,CUST5997,C004,CAM040,2026-04-24,4368,PROD25
ORD08971,CUST5998,C011,CAM009,2026-04-20,9564,PROD04
ORD08972,CUST5998,C011,CAM009,2026-05-20,1401,PROD16
ORD08973,CUST5999,C013,CAM019,2026-05-20,1866,PROD28
ORD08974,CUST6000,C011,CAM009,2026-04-08,1955,PROD09
ORD08972,CUST5998,C011,CAM009,2026-05-20,1401,PROD16
ORD05506,CUST3683,C009,CAM035,2026-05-12,898,PROD10
ORD07932,CUST5295,C013,CAM032,2026-03-27,1051,PROD25
ORD06363,CUST4246,C018,CAM017,2026-05-12,2825,PROD34
ORD08748,CUST5847,C013,CAM023,2026-04-13,5698,PROD08
ORD04422,CUST2929,C020,CAM026,2026-04-29,6807,PROD29
ORD07776,CUST5198,C005,CAM022,2026-07-26,6621,PROD34
ORD05724,CUST3820,C018,CAM018,2026-10-20,1729,PROD32
ORD05987,CUST3998,C024,CAM013,2026-08-19,3780,PROD02
ORD01539,CUST1033,C017,CAM029,2026-02-01,3554,PROD29
ORD02929,CUST1951,C002,CAM002,2026-05-13,3042,PROD44
ORD02992,CUST1994,C023,CAM005,2026-05-26,2110,PROD27
ORD08169,CUST5451,C004,CAM020,2026-02-06,4094,PROD22
ORD05225,CUST3489,C003,CAM011,2026-02-27,8790,PROD50
ORD08294,CUST5539,C018,CAM039,2026-02-15,5968,PROD13
ORD04572,CUST3034,C011,CAM001,2026-04-06,6890,PROD12
ORD07367,CUST4918,C002,CAM002,2026-04-09,1475,PROD21
ORD03089,CUST2068,C005,CAM021,2026-05-25,1983,PROD13
ORD03622,CUST2416,C013,CAM019,2026-05-25,3678,PROD24
ORD04618,CUST3062,C011,CAM003,2026-03-11,3008,PROD22
ORD05787,CUST3864,C007,CAM037,2026-01-08,9298,PROD15
ORD04806,CUST3197,C012,CAM024,2026-05-10,4561,PROD48
ORD04366,CUST2892,C018,CAM018,2026-06-01,2822,PROD18
ORD06285,CUST4190,C013,CAM023,2026-04-17,2609,PROD25
ORD05169,CUST3448,C023,CAM005,2026-06-07,3177,PROD16
ORD08400,CUST5609,C008,CAM033,2026-01-29,4855,PROD30
ORD01023,CUST0706,C013,CAM006,2026-07-12,4907,PROD28
ORD08350,CUST5580,C018,CAM039,2026-01-27,1741,PROD08
ORD02600,CUST1717,C002,CAM027,2026-05-13,5218,PROD20
ORD06309,CUST4206,C024,CAM013,2026-06-04,2755,PROD05
ORD02070,CUST1384,C021,CAM025,2026-03-08,1239,PROD40
ORD06545,CUST4372,C009,CAM030,2026-04-07,11128,PROD15
ORD05438,CUST3634,C006,CAM008,2026-03-20,3383,PROD13
ORD00450,CUST0294,C010,CAM012,2026-01-31,1228,PROD15
ORD07673,CUST5129,C009,CAM035,2026-04-14,1223,PROD05
ORD00616,CUST0413,C018,CAM039,2026-01-23,2940,PROD09
ORD05955,CUST3980,C013,CAM019,2026-05-13,3681,PROD45
ORD04996,CUST3327,C018,CAM039,2026-01-29,450,PROD06
ORD03973,CUST2637,C007,CAM028,2026-04-06,1510,PROD27
ORD08154,CUST5442,C009,CAM030,2026-03-30,6128,PROD32
ORD08055,CUST5381,C023,CAM010,2026-07-05,1922,PROD23
ORD04779,CUST3175,C007,CAM037,2026-01-14,2983,PROD19
ORD05161,CUST3443,C008,CAM033,2026-06-07,5950,PROD20
ORD07431,CUST4964,C018,CAM004,2026-05-19,7979,PROD32
ORD05288,CUST3531,C009,CAM035,2026-05-02,1516,PROD06
ORD00390,CUST0254,C020,CAM026,2026-07-19,2474,PROD05
ORD00930,CUST0637,C020,CAM026,2026-07-30,7953,PROD44
ORD02903,CUST1934,C008,CAM007,2026-01-21,3109,PROD06
ORD08099,CUST5408,C023,CAM010,2026-05-21,778,PROD02
ORD05022,CUST3347,C011,CAM001,2026-05-04,3519,PROD14
ORD03422,CUST2277,C018,CAM039,2026-01-22,3035,PROD46
ORD06400,CUST4266,C018,CAM018,2026-06-07,518,PROD43
ORD00678,CUST0460,C011,CAM001,2026-03-04,5574,PROD38
ORD03669,CUST2445,C002,CAM002,2026-04-17,7033,PROD10
ORD03134,CUST2101,C023,CAM010,2026-04-07,5293,PROD25
ORD07109,CUST4747,C011,CAM009,2026-04-29,4821,PROD45
ORD05297,CUST3534,C021,CAM025,2026-03-20,3729,PROD27
ORD01663,CUST1114,C009,CAM035,2026-04-17,5591,PROD25
ORD07234,CUST4832,C009,CAM030,2026-04-07,4854,PROD29
ORD02681,CUST1783,C024,CAM013,2026-06-07,607,PROD16
ORD03410,CUST2268,C018,CAM039,2026-01-30,2754,PROD21
ORD03467,CUST2312,C018,CAM031,2026-02-28,1747,PROD42
ORD06199,CUST4128,C018,CAM016,2026-01-24,2485,PROD34
ORD03549,CUST2367,C021,CAM025,2026-02-09,6652,PROD37
ORD05671,CUST3789,C011,CAM009,2026-06-23,2320,PROD36
ORD04563,CUST3028,C004,CAM040,2026-02-26,6916,PROD10
ORD00445,CUST0290,C018,CAM018,2026-06-02,9406,PROD39
ORD02159,CUST1441,C014,CAM014,2026-07-27,6801,PROD07
ORD05676,CUST3791,C013,CAM023,2026-04-06,3069,PROD41
ORD06701,CUST4463,C011,CAM015,2026-05-31,830,PROD04
ORD08448,CUST5640,C007,CAM028,2026-03-10,6549,PROD14
ORD07591,CUST5072,C004,CAM020,2026-02-07,4880,PROD42
ORD05108,CUST3404,C009,CAM034,2026-05-27,2618,PROD45
ORD01095,CUST0750,C006,CAM008,2026-03-17,3717,PROD01
ORD07203,CUST4813,C004,CAM020,2026-02-11,5256,PROD01
ORD01321,CUST0888,C018,CAM017,2026-04-19,200,PROD46
ORD02446,CUST1615,C009,CAM030,2026-04-06,2822,PROD12
ORD04187,CUST2770,C018,CAM016,2026-01-27,4508,PROD01
ORD06015,CUST4018,C024,CAM013,2026-06-02,1611,PROD37
ORD03300,CUST2202,C005,CAM022,2026-10-08,4119,PROD31
ORD02020,CUST1345,C011,CAM015,2026-06-04,4398,PROD45
ORD01662,CUST1113,C008,CAM007,2026-06-23,1577,PROD45
ORD05269,CUST3521,C023,CAM010,2026-04-10,1569,PROD07
ORD03464,CUST2309,C005,CAM022,2026-06-25,4162,PROD26
ORD02295,CUST1529,C004,CAM020,2026-02-21,1917,PROD41
ORD06606,CUST4407,C024,CAM013,2026-05-27,4402,PROD20
ORD00056,CUST0035,C018,CAM016,2026-02-26,4065,PROD19
ORD04542,CUST3014,C018,CAM017,2026-04-21,3307,PROD18
ORD03492,CUST2328,C024,CAM013,2026-06-03,3937,PROD41
ORD03748,CUST2497,C008,CAM007,2026-01-20,3139,PROD26
ORD07605,CUST5079,C018,CAM031,2026-05-13,3364,PROD09
ORD07595,CUST5074,C008,CAM007,2026-02-18,1618,PROD14
ORD05249,CUST3504,C011,CAM009,2026-05-21,854,PROD42
ORD08921,CUST5963,C007,CAM037,2026-01-05,3676,PROD24
ORD05452,CUST3642,C023,CAM005,2026-05-24,5674,PROD09
ORD00044,CUST0027,C003,CAM011,2026-02-26,1541,PROD37
ORD03447,CUST2298,C009,CAM030,2026-03-31,1511,PROD26
ORD01751,CUST1176,C009,CAM030,2026-04-04,5779,PROD30
ORD01781,CUST1198,C004,CAM020,2026-02-15,8669,PROD17
ORD02427,CUST1602,C009,CAM034,2026-05-12,3313,PROD12
ORD00104,CUST0062,C007,CAM028,2026-03-23,5893,PROD48
ORD06485,CUST4326,C007,CAM028,2026-03-26,4631,PROD09
ORD06614,CUST4411,C011,CAM009,2026-04-23,2530,PROD47
ORD04983,CUST3316,C009,CAM034,2026-05-30,5786,PROD37
ORD00065,CUST0041,C011,CAM009,2026-06-16,506,PROD17
ORD03214,CUST2152,C003,CAM011,2026-06-05,7077,PROD21
ORD07836,CUST5232,C007,CAM036,2026-01-09,2725,PROD48
ORD00084,CUST0052,C023,CAM010,2026-04-10,1280,PROD48
ORD06633,CUST4423,C013,CAM023,2026-04-13,3846,PROD48
ORD06222,CUST4144,C007,CAM037,2026-01-05,4636,PROD15
ORD05212,CUST3481,C002,CAM002,2026-05-10,7522,PROD11
ORD01510,CUST1016,C013,CAM019,2026-05-27,644,PROD16
ORD08110,CUST5413,C007,CAM037,2026-03-03,6744,PROD25
ORD04967,CUST3306,C021,CAM025,2026-02-13,2369,PROD06
ORD03954,CUST2628,C023,CAM010,2026-04-12,719,PROD19
ORD03943,CUST2623,C011,CAM015,2026-05-29,5787,PROD42
ORD06653,CUST4437,C005,CAM022,2026-08-05,2779,PROD39
ORD00877,CUST0603,C009,CAM034,2026-06-02,1999,PROD24
ORD03599,CUST2403,C018,CAM031,2026-02-23,6367,PROD04
ORD04475,CUST2964,C011,CAM001,2026-03-07,2589,PROD39
ORD07922,CUST5288,C002,CAM027,2026-05-01,1381,PROD33
ORD06723,CUST4479,C008,CAM033,2026-02-10,3615,PROD07
ORD00987,CUST0680,C009,CAM030,2026-03-29,1950,PROD35
ORD07265,CUST4847,C007,CAM037,2026-01-28,5544,PROD36
ORD00996,CUST0687,C010,CAM012,2026-02-06,6209,PROD41
ORD00274,CUST0178,C006,CAM008,2026-04-11,1189,PROD29
ORD06851,CUST4561,C010,CAM038,2026-03-06,1272,PROD08
ORD06773,CUST4516,C018,CAM004,2026-05-18,4354,PROD37
ORD03678,CUST2450,C003,CAM011,2026-05-03,4788,PROD39
ORD00359,CUST0242,C014,CAM014,2026-05-15,780,PROD25
ORD03616,CUST2412,C013,CAM019,2026-05-22,4072,PROD05
ORD03678,CUST2450,C003,CAM011,2026-05-03,4788,PROD39
ORD07539,CUST5038,C006,CAM008,2026-03-20,2623,PROD29
ORD06029,CUST4026,C008,CAM033,2026-05-29,4094,PROD08
ORD08661,CUST5788,C013,CAM023,2026-04-10,996,PROD18
ORD04902,CUST3261,C009,CAM035,2026-04-14,5931,PROD48
ORD06483,CUST4324,C013,CAM023,2026-04-12,1578,PROD09
ORD04802,CUST3193,C005,CAM021,2026-05-27,200,PROD33
ORD08212,CUST5479,C011,CAM003,2026-09-12,1794,PROD09
ORD08102,CUST5409,C005,CAM022,2026-06-09,1109,PROD07
ORD01442,CUST0968,C024,CAM013,2026-05-20,6742,PROD11
ORD01295,CUST0870,C011,CAM001,2026-03-07,1447,PROD11
ORD00742,CUST0504,C021,CAM025,2026-05-04,408,PROD33
ORD05467,CUST3654,C020,CAM026,2026-05-10,878,PROD33
ORD07966,CUST5322,C018,CAM017,2026-05-26,7964,PROD01
ORD04456,CUST2950,C002,CAM027,2026-06-15,1206,PROD17
ORD05641,CUST3769,C018,CAM039,2026-01-27,1096,PROD21
ORD02786,CUST1852,C005,CAM021,2026-06-04,5792,PROD24
ORD04630,CUST3071,C018,CAM039,2026-01-27,1941,PROD46
ORD06525,CUST4359,C017,CAM029,2026-02-27,4283,PROD16
ORD07225,CUST4825,C011,CAM009,2026-04-22,9065,PROD37
ORD00941,CUST0645,C004,CAM040,2026-01-25,4064,PROD36
ORD06775,CUST4517,C005,CAM021,2026-07-23,6813,PROD21
ORD01281,CUST0863,C011,CAM001,2026-04-08,3348,PROD26
ORD07061,CUST4717,C009,CAM035,2026-05-16,2264,PROD01
ORD01099,CUST0751,C023,CAM010,2026-07-16,2205,PROD38
ORD01875,CUST1254,C011,CAM001,2026-04-01,1041,PROD35
ORD06173,CUST4112,C018,CAM031,2026-02-26,4816,PROD49
ORD06628,CUST4419,C007,CAM036,2026-01-02,7547,PROD12
ORD04787,CUST3180,C011,CAM009,2026-05-15,1777,PROD48
ORD02899,CUST1930,C013,CAM023,2026-04-07,12038,PROD40
ORD05952,CUST3978,C005,CAM022,2026-06-07,2751,PROD40
ORD00289,CUST0188,C009,CAM034,2026-06-29,4903,PROD38
ORD06577,CUST4392,C002,CAM002,2026-04-15,3919,PROD12
ORD00151,CUST0093,C020,CAM026,2026-06-21,1734,PROD25
ORD07954,CUST5311,C014,CAM014,2026-05-16,2620,PROD39
ORD00410,CUST0271,C011,CAM001,2026-04-20,4268,PROD48
ORD07332,CUST4888,C010,CAM012,2026-03-24,4110,PROD20
ORD02587,CUST1707,C010,CAM012,2026-02-09,3846,PROD12
ORD00117,CUST0073,C024,CAM013,2026-08-01,4018,PROD48
ORD08646,CUST5777,C013,CAM019,2026-05-17,2055,PROD18
ORD03119,CUST2092,C018,CAM004,2026-05-26,4684,PROD10
ORD03455,CUST2304,C007,CAM037,2026-01-17,2204,PROD32
ORD06259,CUST4172,C009,CAM030,2026-04-02,1417,PROD39
ORD03712,CUST2473,C005,CAM021,2026-06-08,3422,PROD27
ORD01080,CUST0742,C018,CAM039,2026-02-06,949,PROD37
ORD04483,CUST2971,C006,CAM008,2026-03-18,4404,PROD08
ORD05833,CUST3895,C023,CAM005,2026-06-06,6166,PROD33
ORD06929,CUST4611,C006,CAM008,2026-03-17,3009,PROD07
ORD07252,CUST4841,C018,CAM017,2026-05-09,824,PROD25
ORD08173,CUST5453,C008,CAM033,2026-04-22,872,PROD19
ORD03662,CUST2442,C020,CAM026,2026-04-30,1368,PROD31
ORD03470,CUST2314,C010,CAM038,2026-04-30,6666,PROD21
ORD07901,CUST5271,C002,CAM002,2026-07-01,4519,PROD49
ORD01211,CUST0820,C023,CAM005,2026-06-13,1942,PROD07
ORD06173,CUST4112,C018,CAM031,2026-02-26,4816,PROD49
ORD06488,CUST4329,C004,CAM040,2026-01-24,831,PROD37
ORD04028,CUST2666,C013,CAM019,2026-06-23,2125,PROD42
ORD08379,CUST5596,C013,CAM032,2026-03-17,2477,PROD27
ORD03462,CUST2308,C018,CAM016,2026-05-23,3671,PROD09
ORD03735,CUST2487,C021,CAM025,2026-02-11,6553,PROD27
ORD05817,CUST3883,C018,CAM031,2026-02-11,1381,PROD01
ORD01187,CUST0802,C009,CAM030,2026-04-02,6463,PROD11
ORD01386,CUST0931,C013,CAM006,2026-06-20,1496,PROD47
ORD00199,CUST0127,C013,CAM006,2026-04-11,5897,PROD45
ORD00989,CUST0682,C021,CAM025,2026-02-18,756,PROD33
ORD04409,CUST2918,C013,CAM019,2026-05-13,8953,PROD15
ORD01065,CUST0734,C004,CAM020,2026-04-10,3672,PROD39
ORD03173,CUST2130,C012,CAM024,2026-05-13,2097,PROD25
ORD07620,CUST5091,C014,CAM014,2026-06-25,6546,PROD09
ORD07774,CUST5197,C020,CAM026,2026-06-23,7386,PROD47
ORD03006,CUST2005,C008,CAM007,2026-01-20,5044,PROD18
ORD03815,CUST2543,C008,CAM007,2026-01-21,4436,PROD31
ORD03204,CUST2146,C023,CAM005,2026-08-11,1277,PROD30
ORD03504,CUST2337,C011,CAM001,2026-03-09,2036,PROD15
ORD05655,CUST3777,C006,CAM008,2026-03-24,5186,PROD20
ORD08033,CUST5366,C007,CAM037,2026-01-20,2972,PROD37
ORD01288,CUST0866,C018,CAM017,2026-05-26,5191,PROD26
ORD08153,CUST5441,C018,CAM004,2026-05-28,796,PROD06
ORD04749,CUST3154,C005,CAM021,2026-07-19,1430,PROD30
ORD05872,CUST3924,C008,CAM033,2026-02-02,6431,PROD29
ORD06002,CUST4007,C004,CAM020,2026-02-15,3835,PROD27
ORD06415,CUST4276,C009,CAM035,2026-04-15,3583,PROD48
ORD05676,CUST3791,C013,CAM023,2026-04-06,3069,PROD41
ORD08381,CUST5598,C014,CAM014,2026-05-12,4060,PROD08
ORD05451,CUST3641,C009,CAM030,2026-05-26,1517,PROD09
ORD00829,CUST0568,C010,CAM038,2026-03-08,4332,PROD47
ORD07165,CUST4785,C018,CAM017,2026-04-16,6278,PROD47
ORD00218,CUST0141,C014,CAM014,2026-05-03,7440,PROD04
ORD01862,CUST1247,C013,CAM023,2026-04-12,2370,PROD25
ORD01665,CUST1115,C009,CAM035,2026-04-07,10495,PROD31
ORD04704,CUST3128,C011,CAM003,2026-03-11,1212,PROD17
ORD03639,CUST2426,C011,CAM015,2026-05-31,2352,PROD15
ORD04156,CUST2749,C011,CAM001,2026-03-13,2757,PROD46
ORD05717,CUST3817,C009,CAM035,2026-04-07,798,PROD29
ORD00620,CUST0417,C012,CAM024,2026-05-12,11396,PROD34
ORD00617,CUST0414,C002,CAM002,2026-04-16,4044,PROD04
ORD06426,CUST4283,C018,CAM004,2026-05-28,6548,PROD44
ORD01058,CUST0731,C017,CAM029,2026-03-30,8584,PROD21
ORD06509,CUST4348,C005,CAM021,2026-06-14,5003,PROD21
ORD05555,CUST3715,C004,CAM020,2026-02-09,2433,PROD42
ORD03098,CUST2077,C010,CAM038,2026-03-10,2514,PROD22
ORD07842,CUST5237,C010,CAM012,2026-02-09,3381,PROD38
ORD03933,CUST2613,C013,CAM032,2026-03-24,1833,PROD26
ORD08613,CUST5750,C020,CAM026,2026-06-26,8629,PROD12
ORD00558,CUST0372,C017,CAM029,2026-04-14,7025,PROD50
ORD05147,CUST3433,C018,CAM018,2026-06-03,2829,PROD39
ORD07057,CUST4714,C013,CAM019,2026-05-28,2834,PROD28
ORD08857,CUST5917,C017,CAM029,2026-05-04,10909,PROD04
ORD00150,CUST0093,C020,CAM026,2026-05-11,980,PROD49
ORD02479,CUST1635,C018,CAM031,2026-02-10,3444,PROD23
ORD04150,CUST2746,C002,CAM027,2026-05-24,4564,PROD38
ORD08313,CUST5551,C023,CAM010,2026-04-11,3234,PROD36
ORD03950,CUST2625,C011,CAM003,2026-04-23,3076,PROD50
ORD04319,CUST2862,C013,CAM006,2026-04-19,9419,PROD39
ORD06752,CUST4500,C013,CAM023,2026-04-08,5804,PROD02
ORD02964,CUST1977,C007,CAM037,2026-01-12,6229,PROD02
ORD00760,CUST0519,C002,CAM027,2026-04-22,6505,PROD20
ORD03937,CUST2617,C021,CAM025,2026-02-15,5248,PROD32
ORD08944,CUST5981,C010,CAM038,2026-03-11,1060,PROD22
ORD08655,CUST5785,C011,CAM009,2026-04-22,6527,PROD34
ORD07420,CUST4954,C006,CAM008,2026-03-19,6510,PROD15
ORD01950,CUST1303,C011,CAM001,2026-03-21,3956,PROD13
ORD06587,CUST4396,C011,CAM003,2026-03-17,5424,PROD07
ORD00438,CUST0285,C002,CAM002,2026-04-18,3735,PROD44
ORD02858,CUST1900,C018,CAM031,2026-02-17,3596,PROD04
ORD00945,CUST0649,C007,CAM028,2026-03-25,1973,PROD29
ORD04408,CUST2917,C003,CAM011,2026-03-15,2410,PROD34
ORD05274,CUST3523,C023,CAM005,2026-07-15,7297,PROD43
ORD00436,CUST0284,C023,CAM010,2026-07-15,11218,PROD06
ORD08007,CUST5348,C021,CAM025,2026-03-06,2897,PROD07
ORD06059,CUST4040,C009,CAM030,2026-06-24,2941,PROD18
ORD00194,CUST0125,C011,CAM001,2026-03-11,2439,PROD43
ORD06214,CUST4139,C004,CAM040,2026-01-23,2609,PROD27
ORD04469,CUST2959,C017,CAM029,2026-02-04,4511,PROD32
ORD08011,CUST5351,C005,CAM022,2026-06-14,4455,PROD02
ORD04774,CUST3171,C020,CAM026,2026-06-08,6079,PROD19
ORD03713,CUST2474,C011,CAM015,2026-06-04,2333,PROD09
ORD07084,CUST4732,C006,CAM008,2026-03-17,1913,PROD15
ORD02006,CUST1334,C010,CAM012,2026-02-02,6579,PROD28
ORD02712,CUST1801,C004,CAM040,2026-03-13,1573,PROD13
ORD02750,CUST1826,C018,CAM031,2026-02-27,2619,PROD43
ORD08877,CUST5934,C005,CAM022,2026-06-05,2814,PROD05
ORD05169,CUST3448,C023,CAM005,2026-06-07,3177,PROD16
ORD08379,CUST5596,C013,CAM032,2026-03-17,2477,PROD27
ORD05799,CUST3870,C013,CAM032,2026-03-20,1357,PROD20
ORD04507,CUST2993,C013,CAM023,2026-04-06,1595,PROD10
ORD05768,CUST3849,C007,CAM037,2026-01-10,4374,PROD18
ORD04603,CUST3052,C007,CAM037,2026-01-31,2770,PROD22
ORD02014,CUST1340,C005,CAM021,2026-05-30,2920,PROD26
ORD01958,CUST1307,C018,CAM018,2026-12-07,3556,PROD07
ORD06688,CUST4455,C023,CAM005,2026-05-28,5213,PROD37
ORD07555,CUST5048,C007,CAM036,2026-01-17,997,PROD19
ORD05204,CUST3475,C020,CAM026,2026-07-31,6094,PROD45
ORD06837,CUST4554,C012,CAM024,2026-05-09,2933,PROD23
ORD04487,CUST2975,C013,CAM006,2026-04-20,2028,PROD01
ORD08564,CUST5709,C006,CAM008,2026-05-25,918,PROD20
ORD00473,CUST0312,C011,CAM009,2026-04-17,3080,PROD38
ORD03544,CUST2363,C009,CAM035,2026-04-06,5345,PROD25
ORD06604,CUST4405,C017,CAM029,2026-03-27,11525,PROD45
ORD04342,CUST2878,C013,CAM006,2026-05-08,623,PROD33
ORD01708,CUST1147,C013,CAM019,2026-05-27,1191,PROD50
ORD07529,CUST5030,C014,CAM014,2026-05-15,3838,PROD36
ORD01415,CUST0950,C013,CAM019,2026-05-27,1537,PROD43
ORD05379,CUST3589,C011,CAM003,2026-03-12,1166,PROD11
ORD06298,CUST4198,C008,CAM033,2026-02-20,2274,PROD08
ORD07817,CUST5221,C002,CAM002,2026-04-16,9200,PROD25
ORD02089,CUST1397,C009,CAM035,2026-04-08,1670,PROD02
ORD00727,CUST0495,C004,CAM040,2026-01-21,1727,PROD47
ORD08970,CUST5997,C004,CAM040,2026-04-24,4368,PROD25
ORD07867,CUST5253,C009,CAM034,2026-07-05,1609,PROD43
ORD02366,CUST1563,C008,CAM033,2026-04-25,2448,PROD27
ORD02945,CUST1964,C010,CAM038,2026-03-07,8418,PROD48
ORD03740,CUST2491,C013,CAM019,2026-05-08,3043,PROD10
ORD06379,CUST4254,C007,CAM028,2026-03-17,1432,PROD06
ORD01580,CUST1054,C006,CAM008,2026-03-17,1916,PROD02
ORD08065,CUST5388,C023,CAM005,2026-06-18,4610,PROD42
ORD03987,CUST2645,C011,CAM015,2026-05-23,2435,PROD03
ORD02456,CUST1619,C009,CAM034,2026-08-01,806,PROD35
ORD02188,CUST1457,C018,CAM039,2026-01-22,583,PROD10
ORD05848,CUST3905,C018,CAM004,2026-06-24,5662,PROD26
ORD03451,CUST2301,C009,CAM035,2026-04-12,2368,PROD43
ORD01059,CUST0731,C017,CAM029,2026-04-29,8262,PROD38
ORD04863,CUST3240,C003,CAM011,2026-03-07,3109,PROD04
ORD02892,CUST1924,C005,CAM021,2026-06-06,5049,PROD49
ORD07282,CUST4856,C004,CAM020,2026-02-21,1766,PROD09
ORD03114,CUST2088,C004,CAM020,2026-02-08,5989,PROD09
ORD01755,CUST1180,C005,CAM021,2026-05-29,3060,PROD21
ORD03701,CUST2463,C008,CAM007,2026-01-20,15000,PROD10
ORD03976,CUST2637,C007,CAM028,2026-08-10,9771,PROD23
ORD05168,CUST3448,C023,CAM005,2026-05-24,1613,PROD24
ORD04124,CUST2731,C004,CAM040,2026-01-19,481,PROD34
ORD02624,CUST1735,C017,CAM029,2026-02-23,1277,PROD11
ORD06110,CUST4076,C010,CAM012,2026-02-09,6146,PROD12
ORD04222,CUST2794,C018,CAM039,2026-01-24,2215,PROD25
ORD04073,CUST2694,C007,CAM028,2026-03-27,9660,PROD29
ORD04100,CUST2715,C018,CAM004,2026-05-27,6965,PROD50
ORD07738,CUST5173,C005,CAM022,2026-07-18,3190,PROD28
ORD03529,CUST2353,C018,CAM016,2026-01-16,11672,PROD06
ORD05049,CUST3364,C013,CAM019,2026-09-29,5981,PROD37
ORD02115,CUST1413,C018,CAM017,2026-04-19,2090,PROD13
ORD08009,CUST5349,C006,CAM008,2026-05-03,2080,PROD03
ORD01395,CUST0937,C006,CAM008,2026-05-17,925,PROD22
ORD05741,CUST3831,C007,CAM036,2026-05-01,6335,PROD34
ORD00509,CUST0336,C013,CAM032,2026-03-10,1273,PROD50
ORD03953,CUST2627,C013,CAM023,2026-04-06,2329,PROD21
ORD06959,CUST4637,C004,CAM040,2026-02-01,5155,PROD35
ORD05759,CUST3842,C002,CAM002,2026-04-10,644,PROD50
ORD07407,CUST4942,C020,CAM026,2026-04-21,4504,PROD11
ORD02012,CUST1338,C018,CAM017,2026-04-25,12109,PROD03
ORD06751,CUST4499,C018,CAM039,2026-03-24,4613,PROD07
ORD04348,CUST2879,C008,CAM007,2026-01-22,3526,PROD22
ORD06372,CUST4250,C023,CAM010,2026-04-15,1261,PROD41
ORD05611,CUST3748,C006,CAM008,2026-05-10,8752,PROD24
ORD02991,CUST1993,C013,CAM019,2026-05-11,2293,PROD36
ORD06991,CUST4661,C011,CAM001,2026-03-11,779,PROD33
ORD07001,CUST4670,C010,CAM012,2026-01-31,3627,PROD12
ORD02209,CUST1476,C002,CAM027,2026-05-03,3464,PROD11
ORD03462,CUST2308,C018,CAM016,2026-05-23,3671,PROD09
ORD03015,CUST2013,C023,CAM010,2026-04-11,5116,PROD35
ORD06236,CUST4152,C013,CAM019,2026-07-02,4832,PROD04
ORD08341,CUST5573,C008,CAM007,2026-03-13,1149,PROD17
ORD06811,CUST4537,C011,CAM015,2026-06-04,5603,PROD06
ORD07334,CUST4890,C023,CAM010,2026-04-10,1218,PROD13
ORD02761,CUST1833,C018,CAM018,2026-08-17,2761,PROD18
ORD06822,CUST4545,C009,CAM035,2026-05-28,3356,PROD16
ORD05615,CUST3751,C009,CAM030,2026-03-30,3941,PROD43
ORD03096,CUST2075,C018,CAM016,2026-01-18,1874,PROD41
ORD03825,CUST2548,C020,CAM026,2026-05-07,888,PROD10
ORD03041,CUST2033,C007,CAM037,2026-01-15,4701,PROD04
ORD06512,CUST4349,C008,CAM033,2026-03-18,1157,PROD47
ORD02855,CUST1898,C009,CAM030,2026-06-01,3481,PROD13
ORD05423,CUST3620,C008,CAM007,2026-01-23,2171,PROD04
ORD01474,CUST0992,C020,CAM026,2026-04-30,6984,PROD43
ORD08356,CUST5584,C011,CAM003,2026-03-10,1949,PROD01
ORD07924,CUST5288,C002,CAM027,2026-06-15,1721,PROD37
ORD03567,CUST2381,C010,CAM012,2026-01-22,904,PROD03
ORD06795,CUST4526,C014,CAM014,2026-05-17,5337,PROD10
ORD02786,CUST1852,C005,CAM021,2026-06-04,5792,PROD24
ORD00924,CUST0634,C023,CAM010,2026-09-08,2282,PROD22
ORD06158,CUST4107,C002,CAM027,2026-05-05,3616,PROD03
ORD00133,CUST0080,C017,CAM029,2026-03-24,1922,PROD36
ORD01284,CUST0865,C008,CAM007,2026-03-19,7247,PROD04
ORD06168,CUST4110,C005,CAM021,2026-09-10,1486,PROD41
ORD04468,CUST2958,C021,CAM025,2026-03-01,1517,PROD07
ORD07530,CUST5031,C007,CAM036,2026-01-19,1449,PROD40
ORD05335,CUST3560,C009,CAM034,2026-09-06,2854,PROD02
ORD00330,CUST0218,C018,CAM017,2026-04-25,3164,PROD37
ORD01354,CUST0913,C005,CAM022,2026-07-04,1017,PROD47
ORD05185,CUST3461,C013,CAM019,2026-05-26,2569,PROD42
ORD01239,CUST0835,C023,CAM010,2026-05-21,8264,PROD07
ORD05820,CUST3884,C023,CAM005,2026-06-29,1265,PROD36
ORD06386,CUST4259,C004,CAM040,2026-02-12,2935,PROD06
ORD06004,CUST4008,C017,CAM029,2026-02-28,5335,PROD09
ORD08901,CUST5949,C005,CAM021,2026-06-01,5506,PROD13
ORD04866,CUST3241,C005,CAM022,2026-06-13,2579,PROD08
ORD03418,CUST2273,C009,CAM035,2026-04-08,2540,PROD19
ORD08436,CUST5633,C006,CAM008,2026-03-23,3207,PROD17
ORD02500,CUST1647,C017,CAM029,2026-04-04,15000,PROD45
ORD06563,CUST4380,C024,CAM013,2026-06-12,1537,PROD24
ORD00531,CUST0355,C018,CAM004,2026-07-15,2613,PROD46
ORD04773,CUST3171,C020,CAM026,2026-05-13,8090,PROD17
ORD04287,CUST2839,C011,CAM001,2026-02-26,6473,PROD06
ORD00713,CUST0483,C007,CAM036,2026-02-09,4379,PROD27
ORD02427,CUST1602,C009,CAM034,2026-05-12,3313,PROD12
ORD03083,CUST2064,C007,CAM037,2026-03-05,7723,PROD10
ORD03716,CUST2477,C007,CAM028,2026-03-23,1945,PROD25
ORD05168,CUST3448,C023,CAM005,2026-05-24,1613,PROD24
ORD02648,CUST1758,C009,CAM030,2026-04-07,1357,PROD16
ORD03634,CUST2424,C005,CAM022,2026-06-07,2575,PROD01
ORD08776,CUST5866,C013,CAM019,2026-07-22,4168,PROD02
ORD03913,CUST2604,C011,CAM001,2026-03-28,2890,PROD21
ORD07041,CUST4700,C018,CAM018,2026-05-29,6822,PROD38
ORD04807,CUST3198,C011,CAM015,2026-06-03,3818,PROD16
ORD00659,CUST0445,C023,CAM010,2026-05-11,1715,PROD49
ORD02926,CUST1950,C011,CAM015,2026-07-11,7755,PROD06
ORD00371,CUST0247,C002,CAM002,2026-07-04,1698,PROD26
ORD00259,CUST0168,C008,CAM007,2026-01-25,2517,PROD12
ORD07283,CUST4857,C010,CAM012,2026-01-22,7974,PROD46
ORD04982,CUST3315,C007,CAM028,2026-03-21,4089,PROD23
ORD03445,CUST2296,C017,CAM029,2026-02-18,373,PROD04
ORD01342,CUST0907,C018,CAM004,2026-07-03,526,PROD28
ORD03201,CUST2145,C002,CAM027,2026-04-30,4279,PROD20
ORD01055,CUST0730,C012,CAM024,2026-05-15,1889,PROD10
ORD04956,CUST3296,C013,CAM006,2026-04-15,7774,PROD47
ORD08593,CUST5735,C004,CAM020,2026-02-09,706,PROD23
ORD04928,CUST3275,C023,CAM005,2026-09-02,3069,PROD11
ORD02847,CUST1893,C013,CAM032,2026-03-23,1550,PROD15
ORD03071,CUST2055,C008,CAM033,2026-02-10,3161,PROD40
ORD01420,CUST0951,C011,CAM001,2026-04-22,1112,PROD04
ORD03903,CUST2598,C002,CAM002,2026-04-12,4773,PROD18
ORD06212,CUST4137,C013,CAM019,2026-05-13,8580,PROD42
ORD04054,CUST2681,C018,CAM039,2026-01-21,1821,PROD16
ORD00472,CUST0311,C004,CAM040,2026-01-22,4651,PROD31
ORD05675,CUST3790,C024,CAM013,2026-05-20,2731,PROD19
ORD02722,CUST1807,C006,CAM008,2026-04-18,1922,PROD09
ORD02302,CUST1533,C011,CAM001,2026-02-26,6205,PROD22
ORD00233,CUST0149,C002,CAM027,2026-04-17,2715,PROD28
ORD01568,CUST1050,C004,CAM040,2026-01-23,5139,PROD16
ORD02994,CUST1995,C004,CAM040,2026-02-07,1553,PROD10
ORD00357,CUST0241,C013,CAM019,2026-05-09,7043,PROD20
ORD03071,CUST2055,C008,CAM033,2026-02-10,3161,PROD40
ORD03340,CUST2227,C018,CAM018,2026-06-18,1034,PROD48
ORD04903,CUST3262,C017,CAM029,2026-02-12,3728,PROD26
ORD04301,CUST2848,C004,CAM040,2026-04-26,5963,PROD05
ORD08364,CUST5589,C007,CAM036,2026-01-10,4580,PROD15
ORD02600,CUST1717,C002,CAM027,2026-05-13,5218,PROD20
ORD07344,CUST4896,C010,CAM038,2026-03-08,3013,PROD18
ORD07180,CUST4797,C003,CAM011,2026-02-24,5475,PROD28
ORD01001,CUST0690,C023,CAM005,2026-07-02,11504,PROD50
ORD02366,CUST1563,C008,CAM033,2026-04-25,2448,PROD27
ORD01904,CUST1270,C018,CAM031,2026-02-19,1303,PROD26
ORD05700,CUST3807,C006,CAM008,2026-04-08,5366,PROD15
ORD04401,CUST2914,C005,CAM022,2026-06-15,1954,PROD48
ORD07880,CUST5260,C018,CAM039,2026-03-23,6453,PROD16
ORD04718,CUST3138,C002,CAM027,2026-04-17,10333,PROD11
ORD03390,CUST2255,C009,CAM034,2026-06-05,1422,PROD36
ORD00220,CUST0143,C014,CAM014,2026-05-14,5452,PROD01
ORD00176,CUST0109,C007,CAM028,2026-05-08,6472,PROD46
ORD02939,CUST1960,C023,CAM005,2026-06-04,392,PROD24
ORD00686,CUST0465,C005,CAM021,2026-06-12,4200,PROD48
ORD06155,CUST4106,C014,CAM014,2026-05-16,2051,PROD49
ORD08778,CUST5867,C005,CAM022,2026-06-13,5316,PROD49
ORD04759,CUST3162,C018,CAM039,2026-03-13,729,PROD42
ORD07836,CUST5232,C007,CAM036,2026-01-09,2725,PROD48
ORD00201,CUST0129,C006,CAM008,2026-03-19,1752,PROD32
ORD00303,CUST0200,C005,CAM022,2026-06-18,1516,PROD42
ORD05064,CUST3377,C005,CAM021,2026-06-14,6495,PROD16
ORD05366,CUST3581,C009,CAM034,2026-05-27,4562,PROD04
ORD00616,CUST0413,C018,CAM039,2026-01-23,2940,PROD09
ORD01814,CUST1218,C002,CAM002,2026-06-11,4638,PROD25
ORD04355,CUST2885,C007,CAM036,2026-01-17,7984,PROD01
ORD04534,CUST3007,C009,CAM030,2026-04-03,2490,PROD24
ORD03060,CUST2047,C009,CAM035,2026-04-16,2764,PROD08
ORD06124,CUST4081,C009,CAM035,2026-06-24,6994,PROD03
ORD06239,CUST4155,C013,CAM019,2026-05-24,2617,PROD21
ORD07847,CUST5242,C011,CAM001,2026-03-11,4589,PROD33
ORD01585,CUST1057,C002,CAM002,2026-07-14,2076,PROD10
ORD02455,CUST1619,C009,CAM034,2026-07-17,6139,PROD35
ORD05317,CUST3548,C010,CAM038,2026-03-07,1435,PROD02
ORD06268,CUST4178,C009,CAM030,2026-04-04,1691,PROD22
ORD00024,CUST0016,C023,CAM010,2026-04-08,208,PROD05
ORD08236,CUST5496,C013,CAM023,2026-04-11,3993,PROD06
ORD04256,CUST2817,C007,CAM037,2026-04-01,2039,PROD06
ORD06707,CUST4468,C014,CAM014,2026-05-07,2168,PROD11
ORD03354,CUST2233,C005,CAM022,2026-06-07,3104,PROD27
ORD02454,CUST1619,C009,CAM034,2026-06-14,251,PROD24
ORD04397,CUST2913,C023,CAM010,2026-05-13,1071,PROD12
ORD01747,CUST1174,C002,CAM002,2026-04-16,7205,PROD50
ORD06813,CUST4539,C008,CAM007,2026-01-22,1538,PROD39
ORD07725,CUST5166,C011,CAM003,2026-03-11,2297,PROD13
ORD01624,CUST1084,C009,CAM035,2026-05-26,2448,PROD10
ORD05862,CUST3915,C011,CAM009,2026-05-13,2782,PROD38
ORD00853,CUST0587,C023,CAM005,2026-05-25,4112,PROD03
ORD02435,CUST1608,C005,CAM021,2026-05-26,4275,PROD15
ORD06248,CUST4164,C007,CAM036,2026-01-20,7072,PROD32
ORD06834,CUST4552,C005,CAM021,2026-06-07,1811,PROD10
ORD05256,CUST3510,C018,CAM039,2026-01-25,4455,PROD24
ORD04014,CUST2661,C023,CAM005,2026-05-28,1010,PROD28
ORD07345,CUST4897,C023,CAM005,2026-06-05,8163,PROD25
ORD02469,CUST1627,C007,CAM028,2026-03-13,7381,PROD06
ORD00044,CUST0027,C003,CAM011,2026-02-26,1541,PROD37
ORD05431,CUST3627,C006,CAM008,2026-03-24,3936,PROD19
ORD05212,CUST3481,C002,CAM002,2026-05-10,7522,PROD11
ORD05776,CUST3855,C023,CAM010,2026-04-14,5661,PROD23
ORD00885,CUST0608,C011,CAM009,2026-04-18,5785,PROD01
ORD02855,CUST1898,C009,CAM030,2026-06-01,3481,PROD13
ORD07212,CUST4817,C009,CAM030,2026-04-24,4245,PROD22
ORD03448,CUST2299,C004,CAM040,2026-01-19,5377,PROD26
ORD00902,CUST0618,C021,CAM025,2026-04-03,1554,PROD13
ORD03739,CUST2490,C018,CAM039,2026-01-26,461,PROD42
ORD03641,CUST2427,C018,CAM017,2026-04-16,4393,PROD03
ORD04952,CUST3292,C007,CAM028,2026-05-19,2632,PROD24
ORD06069,CUST4045,C018,CAM004,2026-05-22,2988,PROD02
ORD05092,CUST3394,C023,CAM005,2026-05-31,3124,PROD06
ORD07485,CUST4998,C013,CAM023,2026-05-14,3658,PROD14
ORD02821,CUST1878,C007,CAM028,2026-05-06,7004,PROD02
ORD03016,CUST2014,C017,CAM029,2026-02-24,2048,PROD42
ORD05689,CUST3801,C011,CAM003,2026-03-10,1257,PROD25
ORD07055,CUST4713,C018,CAM018,2026-06-23,1301,PROD45
ORD03236,CUST2166,C018,CAM031,2026-03-03,5418,PROD07
ORD00968,CUST0665,C009,CAM035,2026-05-18,5282,PROD33
ORD06552,CUST4375,C007,CAM037,2026-01-15,5552,PROD48
ORD06227,CUST4145,C011,CAM003,2026-03-27,2396,PROD31
ORD05332,CUST3560,C009,CAM034,2026-07-21,3281,PROD43
ORD03514,CUST2346,C008,CAM007,2026-02-26,3814,PROD46
ORD04362,CUST2889,C008,CAM007,2026-01-26,3990,PROD38
ORD01098,CUST0751,C023,CAM010,2026-06-18,370,PROD30
ORD05781,CUST3858,C002,CAM002,2026-05-18,1739,PROD39
ORD08642,CUST5773,C009,CAM030,2026-04-06,6827,PROD02
ORD02124,CUST1420,C005,CAM021,2026-06-07,9930,PROD02
ORD00875,CUST0601,C018,CAM018,2026-08-29,3708,PROD18
ORD00436,CUST0284,C023,CAM010,2026-07-15,11218,PROD06
ORD03772,CUST2508,C018,CAM017,2026-08-09,1248,PROD07
ORD05276,CUST3525,C005,CAM021,2026-06-15,4252,PROD37
ORD03645,CUST2430,C004,CAM020,2026-02-13,4529,PROD14
ORD02093,CUST1399,C018,CAM004,2026-07-23,2949,PROD49
ORD05010,CUST3339,C009,CAM030,2026-04-05,1291,PROD09
ORD01457,CUST0976,C024,CAM013,2026-06-15,5451,PROD45
ORD02362,CUST1561,C017,CAM029,2026-02-17,4009,PROD27
ORD07212,CUST4817,C009,CAM030,2026-04-24,4245,PROD22
ORD05709,CUST3813,C018,CAM031,2026-02-25,2416,PROD16
ORD06167,CUST4110,C005,CAM021,2026-09-02,5540,PROD24
ORD07515,CUST5021,C011,CAM003,2026-03-12,7854,PROD03
ORD05202,CUST3475,C020,CAM026,2026-05-09,5918,PROD42
ORD01007,CUST0696,C007,CAM037,2026-01-14,2595,PROD22
ORD05443,CUST3638,C007,CAM037,2026-02-08,1396,PROD36
ORD03737,CUST2488,C018,CAM004,2026-05-25,2652,PROD48
ORD05224,CUST3488,C013,CAM032,2026-03-22,200,PROD29
ORD05590,CUST3740,C011,CAM015,2026-06-04,636,PROD42
ORD06714,CUST4472,C018,CAM018,2026-05-28,6903,PROD38
ORD07152,CUST4777,C018,CAM017,2026-05-01,10443,PROD10
ORD02644,CUST1754,C011,CAM009,2026-04-17,6237,PROD27
ORD06962,CUST4639,C004,CAM040,2026-02-10,1654,PROD06
ORD08691,CUST5809,C020,CAM026,2026-05-10,6497,PROD26
ORD02320,CUST1539,C013,CAM023,2026-08-20,5200,PROD13
ORD00206,CUST0134,C018,CAM017,2026-04-24,7499,PROD48
ORD07237,CUST4834,C018,CAM018,2026-06-19,4029,PROD12
ORD06290,CUST4192,C018,CAM018,2026-08-18,12847,PROD12
ORD03373,CUST2246,C011,CAM015,2026-06-01,212,PROD34
ORD05467,CUST3654,C020,CAM026,2026-05-10,878,PROD33
ORD07722,CUST5164,C009,CAM030,2026-04-04,498,PROD14
ORD01386,CUST0931,C013,CAM006,2026-06-20,1496,PROD47
ORD06435,CUST4289,C023,CAM010,2026-05-24,3039,PROD43
ORD02539,CUST1676,C011,CAM003,2026-03-17,4569,PROD31
ORD06802,CUST4529,C011,CAM001,2026-07-05,2535,PROD49
ORD05249,CUST3504,C011,CAM009,2026-05-21,854,PROD42
ORD02392,CUST1574,C011,CAM015,2026-07-13,9622,PROD50
ORD00864,CUST0596,C011,CAM015,2026-06-03,496,PROD33
ORD01897,CUST1267,C013,CAM023,2026-04-16,1197,PROD18
ORD06633,CUST4423,C013,CAM023,2026-04-13,3846,PROD48
ORD02713,CUST1801,C004,CAM040,2026-04-03,7413,PROD45
ORD07096,CUST4738,C011,CAM001,2026-04-16,1218,PROD50
ORD05403,CUST3605,C007,CAM036,2026-01-21,2757,PROD40
ORD02092,CUST1399,C018,CAM004,2026-05-24,1539,PROD08
ORD05497,CUST3677,C024,CAM013,2026-06-05,3124,PROD01
ORD04709,CUST3132,C005,CAM022,2026-07-11,5846,PROD44
ORD02669,CUST1772,C007,CAM028,2026-03-13,4129,PROD14
ORD08502,CUST5678,C018,CAM004,2026-05-19,3234,PROD11
ORD03486,CUST2324,C013,CAM023,2026-04-06,3827,PROD18
ORD03576,CUST2387,C005,CAM021,2026-08-12,1836,PROD10
ORD08041,CUST5372,C020,CAM026,2026-05-13,3647,PROD21
ORD01519,CUST1020,C013,CAM032,2026-05-17,2663,PROD06
ORD01830,CUST1225,C023,CAM010,2026-06-20,5819,PROD03
ORD08785,CUST5869,C013,CAM032,2026-03-17,1917,PROD34
ORD08329,CUST5565,C011,CAM015,2026-05-31,4330,PROD08
ORD07888,CUST5266,C018,CAM004,2026-05-28,537,PROD21
ORD03087,CUST2066,C009,CAM030,2026-04-08,5742,PROD04
ORD02101,CUST1404,C004,CAM040,2026-02-03,4803,PROD31
ORD04331,CUST2870,C018,CAM018,2026-09-09,2920,PROD27
ORD07715,CUST5158,C010,CAM012,2026-02-14,2800,PROD01
ORD02455,CUST1619,C009,CAM034,2026-07-17,6139,PROD35
ORD07965,CUST5322,C018,CAM017,2026-04-15,2120,PROD22
ORD02886,CUST1920,C018,CAM018,2026-07-21,2616,PROD27
ORD05173,CUST3449,C018,CAM004,2026-08-17,1172,PROD49
ORD04532,CUST3005,C012,CAM024,2026-05-14,3915,PROD17
ORD06231,CUST4149,C023,CAM005,2026-06-02,10188,PROD45
ORD07179,CUST4796,C017,CAM029,2026-03-05,9683,PROD23
ORD08516,CUST5684,C018,CAM039,2026-02-09,14719,PROD22
ORD00665,CUST0450,C009,CAM030,2026-03-29,3768,PROD22
ORD05655,CUST3777,C006,CAM008,2026-03-24,5186,PROD20
ORD07376,CUST4923,C007,CAM037,2026-01-06,1976,PROD36
ORD00918,CUST0632,C004,CAM040,2026-05-07,2866,PROD41
ORD06016,CUST4019,C013,CAM032,2026-04-01,5173,PROD13
ORD06857,CUST4564,C008,CAM033,2026-05-13,2840,PROD12
ORD01717,CUST1153,C011,CAM009,2026-06-10,8145,PROD28
ORD08017,CUST5354,C007,CAM037,2026-01-09,5809,PROD46
ORD08520,CUST5686,C017,CAM029,2026-02-16,778,PROD19
ORD04866,CUST3241,C005,CAM022,2026-06-13,2579,PROD08
ORD02955,CUST1971,C018,CAM004,2026-05-24,4476,PROD26
ORD08466,CUST5649,C018,CAM031,2026-07-05,1363,PROD12
ORD07794,CUST5210,C011,CAM001,2026-03-07,5044,PROD39
ORD06317,CUST4211,C013,CAM023,2026-04-16,2344,PROD39
ORD07314,CUST4875,C009,CAM034,2026-07-04,892,PROD49
ORD02589,CUST1707,C010,CAM012,2026-04-27,4522,PROD21
ORD05164,CUST3444,C013,CAM023,2026-04-12,1571,PROD07
ORD01274,CUST0859,C013,CAM023,2026-04-07,2443,PROD29
ORD02265,CUST1512,C005,CAM022,2026-06-07,2248,PROD25
ORD01876,CUST1255,C004,CAM020,2026-02-12,4451,PROD43
ORD02566,CUST1694,C011,CAM009,2026-04-21,10840,PROD28
ORD06230,CUST4148,C009,CAM034,2026-05-10,3381,PROD47
ORD03432,CUST2286,C013,CAM006,2026-04-27,9452,PROD05
ORD03109,CUST2085,C009,CAM030,2026-03-29,4613,PROD09
ORD04600,CUST3050,C002,CAM002,2026-04-17,859,PROD38
ORD06198,CUST4127,C002,CAM027,2026-04-27,5342,PROD02
ORD08610,CUST5749,C010,CAM038,2026-03-03,1347,PROD06
ORD03851,CUST2565,C012,CAM024,2026-05-12,7214,PROD20
ORD06767,CUST4512,C011,CAM009,2026-04-15,10627,PROD13
ORD03627,CUST2419,C008,CAM033,2026-02-19,1737,PROD19
ORD03236,CUST2166,C018,CAM031,2026-03-03,5418,PROD07
ORD07167,CUST4787,C017,CAM029,2026-02-20,1651,PROD29
ORD08324,CUST5561,C024,CAM013,2026-06-02,4192,PROD29
ORD03054,CUST2043,C021,CAM025,2026-03-06,3997,PROD22
ORD05024,CUST3349,C014,CAM014,2026-04-29,4077,PROD34
ORD05383,CUST3592,C018,CAM039,2026-01-28,5501,PROD10
ORD08469,CUST5650,C011,CAM009,2026-06-06,742,PROD02
ORD05394,CUST3598,C009,CAM034,2026-08-19,2788,PROD15
ORD03298,CUST2202,C005,CAM022,2026-08-24,4034,PROD24
ORD07853,CUST5247,C021,CAM025,2026-03-06,1214,PROD17
ORD02545,CUST1679,C007,CAM036,2026-01-22,1628,PROD06
ORD00043,CUST0026,C011,CAM009,2026-07-10,9116,PROD16
ORD08339,CUST5572,C010,CAM038,2026-03-11,1258,PROD23
ORD05607,CUST3747,C005,CAM021,2026-07-18,3281,PROD39
ORD05769,CUST3850,C010,CAM012,2026-01-26,755,PROD46
ORD08372,CUST5592,C024,CAM013,2026-11-01,6600,PROD46
ORD08442,CUST5637,C010,CAM038,2026-03-07,4062,PROD05
ORD03582,CUST2391,C013,CAM006,2026-05-08,1462,PROD40
ORD07603,CUST5079,C018,CAM031,2026-03-25,1927,PROD10
ORD00718,CUST0486,C017,CAM029,2026-05-05,1760,PROD47
ORD01909,CUST1274,C008,CAM033,2026-02-17,2077,PROD47
ORD08517,CUST5684,C018,CAM039,2026-03-04,200,PROD22
ORD06591,CUST4398,C006,CAM008,2026-05-10,5388,PROD14
ORD07376,CUST4923,C007,CAM037,2026-01-06,1976,PROD36
ORD03282,CUST2195,C011,CAM015,2026-05-26,2030,PROD45
ORD05572,CUST3727,C007,CAM036,2026-01-26,695,PROD32
ORD01977,CUST1319,C003,CAM011,2026-03-15,11390,PROD35
ORD00825,CUST0564,C005,CAM022,2026-06-06,6084,PROD16
ORD02812,CUST1871,C020,CAM026,2026-05-12,2278,PROD17
ORD01964,CUST1310,C005,CAM021,2026-07-24,7879,PROD26
ORD02035,CUST1357,C011,CAM001,2026-04-08,1238,PROD19
ORD00865,CUST0597,C008,CAM033,2026-02-08,4365,PROD28
ORD07703,CUST5149,C023,CAM010,2026-04-08,3746,PROD15
ORD06021,CUST4022,C018,CAM031,2026-02-22,3229,PROD27
ORD05387,CUST3595,C011,CAM015,2026-06-07,4660,PROD28
ORD08472,CUST5653,C009,CAM034,2026-05-16,3362,PROD50
ORD07496,CUST5007,C018,CAM004,2026-07-25,911,PROD25
ORD02181,CUST1451,C018,CAM017,2026-07-13,2404,PROD28
ORD06158,CUST4107,C002,CAM027,2026-05-05,3616,PROD03
ORD08883,CUST5938,C009,CAM035,2026-04-17,5467,PROD13
ORD03117,CUST2090,C010,CAM012,2026-02-07,789,PROD41
ORD04412,CUST2921,C023,CAM010,2026-04-05,5580,PROD49
ORD04712,CUST3133,C018,CAM031,2026-02-15,2141,PROD37
ORD01857,CUST1243,C017,CAM029,2026-02-08,4159,PROD42
ORD05701,CUST3807,C006,CAM008,2026-05-22,1534,PROD39
ORD04714,CUST3135,C011,CAM001,2026-03-06,1530,PROD32
ORD04400,CUST2913,C023,CAM010,2026-08-12,3656,PROD41
ORD08657,CUST5785,C011,CAM009,2026-07-13,4574,PROD18
ORD01069,CUST0735,C011,CAM001,2026-03-20,8424,PROD11
ORD06040,CUST4033,C004,CAM040,2026-01-29,3644,PROD27
ORD06625,CUST4416,C023,CAM010,2026-05-30,3760,PROD10
ORD04903,CUST3262,C017,CAM029,2026-02-12,3728,PROD26
ORD02464,CUST1625,C023,CAM010,2026-04-11,6490,PROD08
ORD04840,CUST3221,C004,CAM040,2026-02-20,2967,PROD21
ORD08717,CUST5826,C011,CAM015,2026-09-01,2961,PROD37
ORD08880,CUST5936,C009,CAM030,2026-04-08,2183,PROD03
ORD00274,CUST0178,C006,CAM008,2026-04-11,1189,PROD29
ORD05439,CUST3635,C018,CAM016,2026-01-24,3352,PROD11
ORD00764,CUST0523,C010,CAM038,2026-03-04,3356,PROD31
ORD00319,CUST0210,C018,CAM031,2026-02-28,7186,PROD30
ORD08706,CUST5822,C007,CAM036,2026-01-01,2747,PROD41
ORD02839,CUST1888,C018,CAM017,2026-04-28,5316,PROD04
ORD08916,CUST5961,C006,CAM008,2026-03-18,4257,PROD35
ORD07410,CUST4944,C018,CAM004,2026-05-20,4738,PROD26
ORD07819,CUST5222,C018,CAM004,2026-05-26,2491,PROD19
ORD01977,CUST1319,C003,CAM011,2026-03-15,11390,PROD35
ORD00161,CUST0098,C011,CAM003,2026-06-14,2397,PROD02
ORD02833,CUST1886,C011,CAM001,2026-03-29,1080,PROD27
ORD02998,CUST1998,C010,CAM012,2026-03-19,6901,PROD40
ORD01407,CUST0946,C013,CAM019,2026-05-12,612,PROD32
ORD00968,CUST0665,C009,CAM035,2026-05-18,5282,PROD33
ORD00441,CUST0287,C017,CAM029,2026-03-08,3235,PROD49
ORD04515,CUST2997,C009,CAM030,2026-04-07,1835,PROD31
ORD03814,CUST2542,C010,CAM012,2026-01-21,1223,PROD39
ORD07291,CUST4861,C007,CAM037,2026-01-12,2468,PROD23
ORD05497,CUST3677,C024,CAM013,2026-06-05,3124,PROD01
ORD07348,CUST4900,C008,CAM007,2026-01-22,2513,PROD41
ORD07944,CUST5303,C007,CAM036,2026-01-10,3999,PROD48
ORD06550,CUST4374,C020,CAM026,2026-05-30,4727,PROD03
ORD01182,CUST0798,C013,CAM006,2026-05-22,1682,PROD02
ORD06256,CUST4170,C003,CAM011,2026-05-09,2536,PROD45
ORD05963,CUST3985,C005,CAM021,2026-06-16,4231,PROD48
ORD03143,CUST2106,C011,CAM001,2026-03-05,1577,PROD12
ORD02345,CUST1553,C018,CAM039,2026-03-23,3090,PROD07
ORD06772,CUST4515,C002,CAM027,2026-05-16,2399,PROD32
ORD05839,CUST3898,C013,CAM006,2026-04-17,4594,PROD07
ORD06782,CUST4520,C005,CAM022,2026-06-14,916,PROD28
ORD04882,CUST3251,C023,CAM010,2026-04-14,1078,PROD09
ORD08659,CUST5786,C007,CAM036,2026-03-05,777,PROD22
ORD02126,CUST1421,C018,CAM018,2026-05-29,2170,PROD06
ORD07009,CUST4675,C011,CAM003,2026-03-17,2585,PROD04
ORD05806,CUST3873,C004,CAM040,2026-01-30,1256,PROD40
ORD07919,CUST5285,C018,CAM017,2026-05-05,3378,PROD21
ORD04491,CUST2979,C018,CAM031,2026-02-19,10184,PROD14
ORD00707,CUST0480,C018,CAM018,2026-08-14,1575,PROD16
ORD02854,CUST1898,C009,CAM030,2026-05-16,6425,PROD09
ORD04045,CUST2675,C021,CAM025,2026-02-18,2831,PROD07
ORD06395,CUST4264,C021,CAM025,2026-02-22,1684,PROD33
ORD01940,CUST1297,C003,CAM011,2026-03-18,5345,PROD40
ORD04095,CUST2710,C023,CAM005,2026-05-23,1649,PROD23
ORD01451,CUST0972,C023,CAM010,2026-09-17,3633,PROD29
ORD01642,CUST1099,C006,CAM008,2026-04-15,3212,PROD31
ORD01216,CUST0823,C002,CAM027,2026-04-30,1688,PROD42
ORD04623,CUST3066,C023,CAM005,2026-05-31,5744,PROD12
ORD01085,CUST0744,C018,CAM031,2026-02-21,4607,PROD10
ORD01233,CUST0831,C020,CAM026,2026-05-04,1878,PROD17
ORD06790,CUST4524,C003,CAM011,2026-03-03,3478,PROD35
ORD06885,CUST4579,C002,CAM027,2026-06-14,1511,PROD45
ORD03049,CUST2039,C011,CAM003,2026-03-09,5692,PROD15
ORD02539,CUST1676,C011,CAM003,2026-03-17,4569,PROD31
ORD04684,CUST3113,C002,CAM027,2026-05-04,5148,PROD08
ORD03422,CUST2277,C018,CAM039,2026-01-22,3035,PROD46
ORD00810,CUST0554,C004,CAM040,2026-04-29,5386,PROD01
ORD02403,CUST1580,C011,CAM001,2026-02-25,3531,PROD30
ORD02345,CUST1553,C018,CAM039,2026-03-23,3090,PROD07
ORD01994,CUST1327,C017,CAM029,2026-02-18,1402,PROD44
ORD01260,CUST0849,C018,CAM017,2026-06-21,7041,PROD38
ORD08937,CUST5976,C020,CAM026,2026-04-24,1153,PROD44
ORD08194,CUST5469,C020,CAM026,2026-04-26,1763,PROD06
ORD05651,CUST3774,C013,CAM032,2026-06-26,2730,PROD50
ORD05985,CUST3998,C024,CAM013,2026-05-28,1964,PROD20
ORD07260,CUST4844,C003,CAM011,2026-03-13,5921,PROD12
ORD01619,CUST1080,C023,CAM005,2026-06-11,6846,PROD34
ORD03347,CUST2230,C002,CAM002,2026-05-31,953,PROD12
ORD07557,CUST5050,C023,CAM005,2026-05-26,2220,PROD09
ORD02909,CUST1939,C010,CAM012,2026-03-07,2401,PROD17
ORD08963,CUST5994,C004,CAM020,2026-04-09,4243,PROD49
ORD04531,CUST3004,C021,CAM025,2026-05-04,1137,PROD28
ORD00055,CUST0035,C018,CAM016,2026-01-29,11963,PROD16
ORD04881,CUST3251,C023,CAM010,2026-04-08,2996,PROD48
ORD04715,CUST3136,C013,CAM023,2026-04-09,6390,PROD09
ORD00895,CUST0613,C007,CAM036,2026-02-15,3019,PROD47
ORD04272,CUST2827,C005,CAM021,2026-07-18,4090,PROD28
ORD04916,CUST3270,C007,CAM037,2026-01-10,3601,PROD43
ORD03172,CUST2129,C018,CAM016,2026-01-24,5487,PROD25
ORD06993,CUST4663,C002,CAM002,2026-04-17,3223,PROD28
ORD05551,CUST3712,C010,CAM038,2026-03-08,2999,PROD21
ORD01396,CUST0937,C006,CAM008,2026-06-13,6478,PROD29
ORD04313,CUST2856,C005,CAM022,2026-06-17,4680,PROD14
ORD08697,CUST5814,C011,CAM001,2026-03-11,2587,PROD33
ORD08135,CUST5430,C004,CAM020,2026-02-15,1975,PROD02
ORD04316,CUST2859,C005,CAM022,2026-06-01,8156,PROD15
ORD03090,CUST2069,C005,CAM022,2026-06-19,11351,PROD05
ORD06698,CUST4460,C011,CAM009,2026-07-08,2063,PROD02
ORD08678,CUST5800,C002,CAM027,2026-06-06,3735,PROD34
ORD04978,CUST3314,C017,CAM029,2026-01-30,3015,PROD03
ORD02427,CUST1602,C009,CAM034,2026-05-12,3313,PROD12
ORD06813,CUST4539,C008,CAM007,2026-01-22,1538,PROD39
ORD06862,CUST4567,C004,CAM040,2026-01-26,5744,PROD32
ORD05424,CUST3621,C007,CAM028,2026-03-13,11989,PROD01
ORD01043,CUST0722,C017,CAM029,2026-04-19,1923,PROD16
ORD02118,CUST1415,C007,CAM037,2026-01-30,7190,PROD18
ORD06704,CUST4466,C018,CAM017,2026-04-13,3873,PROD09
ORD06700,CUST4462,C018,CAM018,2026-06-06,6183,PROD31
ORD03168,CUST2127,C023,CAM005,2026-05-31,4508,PROD02
ORD04926,CUST3275,C023,CAM005,2026-07-01,2886,PROD38
ORD05212,CUST3481,C002,CAM002,2026-05-10,7522,PROD11
ORD01007,CUST0696,C007,CAM037,2026-01-14,2595,PROD22
ORD08475,CUST5656,C010,CAM038,2026-03-10,1022,PROD18
ORD08789,CUST5872,C004,CAM020,2026-02-10,2534,PROD43
ORD00099,CUST0058,C008,CAM033,2026-01-31,3437,PROD23
ORD07156,CUST4779,C010,CAM038,2026-04-04,1848,PROD46
ORD07670,CUST5126,C017,CAM029,2026-02-18,6661,PROD22
ORD06090,CUST4058,C007,CAM036,2026-01-01,12967,PROD07
ORD03153,CUST2114,C008,CAM007,2026-01-26,4318,PROD01
ORD00641,CUST0430,C018,CAM004,2026-05-20,1406,PROD33
ORD06463,CUST4305,C020,CAM026,2026-05-06,2105,PROD43
ORD01988,CUST1324,C013,CAM019,2026-05-17,1420,PROD41
ORD03648,CUST2432,C007,CAM037,2026-01-10,5545,PROD46
ORD00056,CUST0035,C018,CAM016,2026-02-26,4065,PROD19
ORD07890,CUST5268,C003,CAM011,2026-03-16,5956,PROD09
ORD03174,CUST2130,C012,CAM024,2026-05-30,9157,PROD31
ORD03000,CUST2000,C009,CAM035,2026-04-13,3977,PROD17
ORD02262,CUST1510,C018,CAM016,2026-02-20,1276,PROD50
ORD01554,CUST1039,C007,CAM037,2026-03-24,4357,PROD11
ORD04388,CUST2907,C023,CAM005,2026-06-07,1949,PROD05
ORD08640,CUST5771,C018,CAM017,2026-04-14,1996,PROD28
ORD06897,CUST4590,C003,CAM011,2026-03-15,2297,PROD33
ORD02441,CUST1613,C009,CAM034,2026-06-04,1539,PROD31
ORD06907,CUST4594,C009,CAM030,2026-04-02,3018,PROD48
ORD07529,CUST5030,C014,CAM014,2026-05-15,3838,PROD36
ORD05429,CUST3626,C005,CAM022,2026-06-18,3537,PROD47
ORD05060,CUST3373,C023,CAM010,2026-05-04,3083,PROD37
ORD01143,CUST0774,C023,CAM005,2026-05-30,2708,PROD05
ORD03135,CUST2101,C023,CAM010,2026-05-18,5960,PROD11
ORD04453,CUST2949,C018,CAM016,2026-01-19,1276,PROD28
ORD02443,CUST1613,C009,CAM034,2026-08-25,6061,PROD04
ORD05272,CUST3523,C023,CAM005,2026-06-04,5725,PROD14
ORD08241,CUST5499,C005,CAM022,2026-07-12,3161,PROD46
ORD00085,CUST0053,C004,CAM040,2026-01-25,1747,PROD45
ORD02654,CUST1761,C007,CAM037,2026-01-18,5453,PROD02
ORD08276,CUST5525,C020,CAM026,2026-07-17,3359,PROD17
ORD00539,CUST0359,C005,CAM021,2026-06-09,7791,PROD50
ORD05858,CUST3913,C018,CAM017,2026-04-22,2898,PROD24
ORD04484,CUST2972,C018,CAM017,2026-04-19,6341,PROD08
ORD08846,CUST5911,C018,CAM039,2026-01-22,10350,PROD08
ORD00417,CUST0277,C007,CAM028,2026-03-21,2471,PROD07
ORD00224,CUST0144,C018,CAM017,2026-05-14,5641,PROD31
ORD03612,CUST2411,C023,CAM005,2026-05-25,11104,PROD48
ORD05841,CUST3900,C018,CAM017,2026-04-25,980,PROD22
ORD08366,CUST5590,C005,CAM021,2026-07-15,15000,PROD28
ORD00458,CUST0301,C011,CAM003,2026-04-03,7707,PROD28
ORD06228,CUST4146,C009,CAM035,2026-04-10,3193,PROD18
ORD03944,CUST2623,C011,CAM015,2026-07-06,4633,PROD23
ORD04147,CUST2745,C002,CAM027,2026-04-11,3212,PROD28
ORD01509,CUST1015,C011,CAM015,2026-05-24,3827,PROD29
ORD04785,CUST3179,C023,CAM010,2026-05-26,6069,PROD20
ORD03711,CUST2472,C008,CAM007,2026-01-24,6018,PROD32
ORD03956,CUST2629,C008,CAM007,2026-01-21,4558,PROD18
ORD08138,CUST5432,C013,CAM032,2026-03-27,3971,PROD08
ORD07417,CUST4951,C003,CAM011,2026-03-09,5762,PROD40
ORD07669,CUST5125,C007,CAM037,2026-01-13,2855,PROD32
ORD03495,CUST2330,C002,CAM027,2026-04-26,4503,PROD33
ORD04691,CUST3119,C023,CAM005,2026-05-27,4538,PROD18
ORD05664,CUST3784,C007,CAM036,2026-01-11,2254,PROD21
ORD00573,CUST0382,C005,CAM022,2026-08-08,2713,PROD12
ORD06519,CUST4354,C006,CAM008,2026-05-11,8724,PROD06
ORD01813,CUST1218,C002,CAM002,2026-04-15,916,PROD17
ORD08512,CUST5682,C009,CAM034,2026-06-05,3268,PROD23
ORD04010,CUST2657,C021,CAM025,2026-04-27,1497,PROD30
ORD00776,CUST0533,C006,CAM008,2026-03-16,2859,PROD27
ORD01988,CUST1324,C013,CAM019,2026-05-17,1420,PROD41
ORD08212,CUST5479,C011,CAM003,2026-09-12,1794,PROD09
ORD05930,CUST3964,C009,CAM034,2026-08-22,12992,PROD22
ORD07086,CUST4734,C020,CAM026,2026-04-24,6035,PROD09
ORD01056,CUST0731,C017,CAM029,2026-02-01,4529,PROD33
ORD02506,CUST1652,C018,CAM039,2026-01-29,2669,PROD02
ORD06796,CUST4527,C009,CAM034,2026-05-12,1448,PROD02
ORD02455,CUST1619,C009,CAM034,2026-07-17,6139,PROD35
ORD05683,CUST3796,C008,CAM007,2026-01-26,3639,PROD01
ORD01455,CUST0974,C011,CAM001,2026-02-26,8002,PROD28
ORD07309,CUST4872,C021,CAM025,2026-02-21,2156,PROD49
ORD05356,CUST3573,C009,CAM030,2026-03-31,10176,PROD06
ORD00471,CUST0310,C011,CAM001,2026-03-07,700,PROD41
ORD01242,CUST0838,C002,CAM002,2026-04-16,200,PROD35
ORD04654,CUST3091,C002,CAM002,2026-04-17,10657,PROD29
ORD07331,CUST4888,C010,CAM012,2026-02-01,10933,PROD16
ORD08577,CUST5719,C018,CAM018,2026-07-03,9322,PROD49
ORD05511,CUST3685,C013,CAM023,2026-04-23,3043,PROD30
ORD08029,CUST5364,C012,CAM024,2026-05-08,3696,PROD17
ORD07396,CUST4936,C007,CAM037,2026-03-10,2676,PROD43
ORD03685,CUST2455,C018,CAM031,2026-03-11,1099,PROD41
ORD05756,CUST3840,C009,CAM034,2026-05-17,2271,PROD13
ORD02285,CUST1522,C012,CAM024,2026-05-08,6117,PROD01
ORD06891,CUST4584,C005,CAM021,2026-05-31,1017,PROD25
ORD00698,CUST0476,C002,CAM002,2026-05-21,3995,PROD25
ORD01101,CUST0753,C018,CAM031,2026-02-17,1355,PROD27
ORD05028,CUST3351,C009,CAM030,2026-04-02,1821,PROD35
ORD06295,CUST4195,C007,CAM028,2026-05-22,3347,PROD32
ORD03592,CUST2397,C018,CAM004,2026-06-24,4024,PROD28
ORD00968,CUST0665,C009,CAM035,2026-05-18,5282,PROD33
ORD04227,CUST2798,C014,CAM014,2026-06-16,4015,PROD24
ORD08542,CUST5698,C006,CAM008,2026-03-23,6024,PROD07
ORD08480,CUST5661,C009,CAM035,2026-04-12,2739,PROD21
ORD07186,CUST4802,C013,CAM006,2026-04-27,2084,PROD24
ORD05460,CUST3649,C023,CAM010,2026-05-30,2420,PROD17
ORD00205,CUST0133,C008,CAM033,2026-02-06,4306,PROD24
ORD05463,CUST3651,C018,CAM017,2026-04-20,1188,PROD03
ORD03572,CUST2385,C008,CAM007,2026-01-20,5863,PROD49
ORD06488,CUST4329,C004,CAM040,2026-01-24,831,PROD37
ORD01895,CUST1265,C007,CAM036,2026-01-22,1021,PROD20
ORD06165,CUST4110,C005,CAM021,2026-06-15,251,PROD07
ORD07151,CUST4777,C018,CAM017,2026-04-25,6417,PROD44
ORD07526,CUST5027,C013,CAM023,2026-04-23,3025,PROD30
ORD05513,CUST3685,C013,CAM023,2026-08-10,575,PROD36
ORD00905,CUST0621,C008,CAM007,2026-01-21,4398,PROD18
ORD00327,CUST0216,C013,CAM006,2026-04-18,6306,PROD25
ORD08218,CUST5483,C011,CAM003,2026-03-23,5282,PROD03
ORD00875,CUST0601,C018,CAM018,2026-08-29,3708,PROD18
ORD05150,CUST3435,C013,CAM019,2026-05-24,8718,PROD21
ORD02260,CUST1509,C012,CAM024,2026-05-09,7040,PROD30
ORD01426,CUST0955,C009,CAM034,2026-07-26,4031,PROD26
ORD07305,CUST4869,C012,CAM024,2026-05-16,939,PROD13
ORD00770,CUST0528,C010,CAM038,2026-03-09,7412,PROD47
ORD00448,CUST0293,C005,CAM021,2026-05-27,1452,PROD48
ORD02683,CUST1783,C024,CAM013,2026-09-03,1517,PROD01
ORD02643,CUST1753,C007,CAM037,2026-01-10,2292,PROD16
ORD03945,CUST2623,C011,CAM015,2026-08-05,5106,PROD02
ORD07431,CUST4964,C018,CAM004,2026-05-19,7979,PROD32
ORD08803,CUST5881,C013,CAM006,2026-04-17,2514,PROD50
ORD04635,CUST3076,C007,CAM037,2026-01-15,8445,PROD38
ORD01484,CUST1000,C012,CAM024,2026-05-11,12194,PROD50
ORD02451,CUST1617,C005,CAM022,2026-08-19,1789,PROD17
ORD02285,CUST1522,C012,CAM024,2026-05-08,6117,PROD01
ORD03717,CUST2478,C006,CAM008,2026-03-25,2712,PROD34
ORD06796,CUST4527,C009,CAM034,2026-05-12,1448,PROD02
ORD00844,CUST0581,C004,CAM040,2026-01-30,5098,PROD26
ORD04701,CUST3125,C024,CAM013,2026-05-17,988,PROD21
ORD02123,CUST1419,C017,CAM029,2026-02-08,758,PROD22
ORD04392,CUST2911,C004,CAM040,2026-02-07,1216,PROD41
ORD02739,CUST1819,C013,CAM006,2026-04-04,3394,PROD17
ORD01390,CUST0934,C007,CAM036,2026-03-16,2243,PROD03
ORD06675,CUST4448,C013,CAM006,2026-06-13,3797,PROD19
ORD07659,CUST5118,C018,CAM016,2026-02-22,4697,PROD12
ORD08014,CUST5353,C011,CAM001,2026-03-10,10376,PROD16
ORD02193,CUST1462,C018,CAM017,2026-04-26,255,PROD29
ORD03679,CUST2451,C003,CAM011,2026-03-20,3220,PROD07
ORD04497,CUST2985,C009,CAM034,2026-05-12,4288,PROD01
ORD00526,CUST0351,C002,CAM027,2026-05-04,1245,PROD15
ORD00441,CUST0287,C017,CAM029,2026-03-08,3235,PROD49
ORD00061,CUST0039,C009,CAM035,2026-05-07,2982,PROD08
ORD05134,CUST3424,C018,CAM018,2026-07-25,5293,PROD49
ORD05207,CUST3478,C011,CAM003,2026-03-09,586,PROD26
ORD04783,CUST3178,C012,CAM024,2026-07-07,12954,PROD25
ORD03640,CUST2426,C011,CAM015,2026-06-23,6040,PROD46
ORD02959,CUST1973,C014,CAM014,2026-04-29,5803,PROD50
ORD07912,CUST5279,C002,CAM002,2026-06-02,4195,PROD13
ORD07480,CUST4996,C013,CAM023,2026-05-18,2350,PROD16
ORD01527,CUST1024,C011,CAM003,2026-03-10,3292,PROD10
ORD06174,CUST4113,C013,CAM006,2026-04-11,1509,PROD35
ORD04530,CUST3004,C021,CAM025,2026-03-07,4667,PROD10
ORD03590,CUST2397,C018,CAM004,2026-05-19,12702,PROD03
ORD07108,CUST4747,C011,CAM009,2026-04-08,8775,PROD31
ORD06735,CUST4488,C021,CAM025,2026-02-25,4107,PROD32
ORD05472,CUST3657,C009,CAM030,2026-05-24,6271,PROD23
ORD08807,CUST5883,C018,CAM018,2026-07-26,3515,PROD10
ORD04658,CUST3095,C018,CAM017,2026-04-25,1031,PROD06
ORD01452,CUST0972,C023,CAM010,2026-10-21,1459,PROD43
ORD04201,CUST2780,C018,CAM031,2026-02-18,15000,PROD23
ORD03651,CUST2434,C023,CAM010,2026-04-09,6106,PROD41
ORD02350,CUST1554,C007,CAM028,2026-03-26,2019,PROD18
ORD00684,CUST0463,C020,CAM026,2026-07-14,234,PROD10
ORD01549,CUST1037,C002,CAM002,2026-04-08,5615,PROD39
ORD06228,CUST4146,C009,CAM035,2026-04-10,3193,PROD18
ORD08575,CUST5718,C023,CAM005,2026-06-04,3480,PROD25
ORD07924,CUST5288,C002,CAM027,2026-06-15,1721,PROD37
ORD02977,CUST1986,C009,CAM034,2026-05-15,1094,PROD21
ORD03020,CUST2017,C011,CAM009,2026-04-19,3334,PROD50
ORD03407,CUST2266,C004,CAM020,2026-02-09,4144,PROD08
ORD02152,CUST1438,C005,CAM021,2026-07-15,5938,PROD28
ORD07577,CUST5065,C003,CAM011,2026-03-01,5227,PROD11
ORD04654,CUST3091,C002,CAM002,2026-04-17,10657,PROD29
ORD01547,CUST1035,C011,CAM009,2026-05-28,2308,PROD24
ORD02534,CUST1673,C011,CAM015,2026-05-26,3585,PROD06
ORD00568,CUST0378,C011,CAM001,2026-04-18,4743,PROD24
ORD08947,CUST5984,C006,CAM008,2026-03-22,1854,PROD30
ORD02418,CUST1594,C004,CAM040,2026-02-05,2863,PROD45
ORD07555,CUST5048,C007,CAM036,2026-01-17,997,PROD19
ORD03932,CUST2612,C003,CAM011,2026-03-15,1032,PROD48
ORD03490,CUST2326,C011,CAM001,2026-04-23,1244,PROD06
ORD06170,CUST4111,C013,CAM006,2026-04-26,2110,PROD23
ORD08466,CUST5649,C018,CAM031,2026-07-05,1363,PROD12
ORD00879,CUST0604,C018,CAM039,2026-02-24,13371,PROD24
ORD02403,CUST1580,C011,CAM001,2026-02-25,3531,PROD30
ORD03834,CUST2553,C006,CAM008,2026-03-24,4459,PROD11
ORD06134,CUST4091,C007,CAM036,2026-01-11,3448,PROD14
ORD05753,CUST3837,C008,CAM033,2026-01-30,9613,PROD37
ORD07299,CUST4865,C023,CAM010,2026-06-04,3507,PROD39
ORD03880,CUST2581,C011,CAM009,2026-04-28,13406,PROD10
ORD04725,CUST3140,C011,CAM009,2026-08-31,5631,PROD49
ORD06397,CUST4264,C021,CAM025,2026-04-23,2777,PROD30
ORD03382,CUST2248,C005,CAM022,2026-08-08,5235,PROD03
ORD01943,CUST1298,C021,CAM025,2026-03-06,11183,PROD29
ORD07750,CUST5181,C013,CAM023,2026-04-13,4332,PROD50
ORD03536,CUST2357,C023,CAM010,2026-05-29,3806,PROD13
ORD04555,CUST3021,C007,CAM036,2026-01-15,665,PROD04
ORD06582,CUST4394,C014,CAM014,2026-07-13,5418,PROD37
ORD07276,CUST4853,C023,CAM010,2026-04-04,10412,PROD48
ORD07964,CUST5321,C008,CAM033,2026-01-30,3174,PROD40
ORD05165,CUST3445,C017,CAM029,2026-02-05,6687,PROD40
ORD05091,CUST3393,C008,CAM007,2026-01-19,1437,PROD48
ORD05336,CUST3561,C018,CAM004,2026-05-20,1500,PROD07
ORD01041,CUST0722,C017,CAM029,2026-03-02,1282,PROD16
ORD01442,CUST0968,C024,CAM013,2026-05-20,6742,PROD11
ORD07354,CUST4906,C010,CAM012,2026-01-24,6281,PROD24
ORD00762,CUST0521,C018,CAM031,2026-02-16,9254,PROD03
ORD06937,CUST4618,C009,CAM030,2026-04-01,5318,PROD12
ORD05647,CUST3773,C004,CAM020,2026-03-06,5446,PROD32
ORD07615,CUST5087,C021,CAM025,2026-03-15,2985,PROD12
ORD05222,CUST3487,C007,CAM037,2026-01-11,2672,PROD49
ORD08102,CUST5409,C005,CAM022,2026-06-09,1109,PROD07
ORD05530,CUST3697,C002,CAM027,2026-04-22,2086,PROD35
ORD00052,CUST0033,C017,CAM029,2026-01-30,4844,PROD37
ORD06738,CUST4490,C013,CAM019,2026-06-15,6566,PROD12
ORD00988,CUST0681,C018,CAM017,2026-04-18,7984,PROD46
ORD03857,CUST2569,C023,CAM010,2026-04-22,6641,PROD36
ORD06065,CUST4042,C023,CAM005,2026-07-13,2557,PROD42
ORD05569,CUST3725,C003,CAM011,2026-03-06,6855,PROD28
ORD03548,CUST2366,C005,CAM022,2026-06-25,7078,PROD17
ORD03693,CUST2457,C017,CAM029,2026-03-30,2831,PROD19
ORD03807,CUST2536,C006,CAM008,2026-03-18,1330,PROD19
ORD05191,CUST3467,C018,CAM016,2026-01-17,632,PROD46
ORD04119,CUST2726,C018,CAM039,2026-01-29,4199,PROD04
ORD04728,CUST3142,C007,CAM036,2026-01-13,1364,PROD30
ORD00459,CUST0302,C005,CAM021,2026-06-05,2268,PROD26
ORD01923,CUST1284,C002,CAM002,2026-04-09,2264,PROD48
ORD00577,CUST0385,C006,CAM008,2026-03-18,5675,PROD23
ORD04320,CUST2863,C010,CAM038,2026-03-11,1033,PROD21
ORD06756,CUST4503,C005,CAM022,2026-07-23,3026,PROD17
ORD08804,CUST5882,C010,CAM012,2026-02-09,2511,PROD16
ORD02038,CUST1357,C011,CAM001,2026-06-21,6384,PROD01
ORD00107,CUST0065,C007,CAM028,2026-03-27,5865,PROD47
ORD05045,CUST3363,C009,CAM030,2026-04-07,5162,PROD38
ORD05136,CUST3425,C002,CAM027,2026-04-28,1416,PROD47
ORD03628,CUST2420,C014,CAM014,2026-05-17,2058,PROD45
ORD07807,CUST5215,C024,CAM013,2026-06-05,4554,PROD44
ORD02665,CUST1771,C013,CAM032,2026-03-28,1987,PROD21
ORD03976,CUST2637,C007,CAM028,2026-08-10,9771,PROD23
ORD02243,CUST1498,C017,CAM029,2026-02-02,5827,PROD38
ORD04005,CUST2654,C013,CAM019,2026-05-23,2041,PROD43
ORD05109,CUST3405,C020,CAM026,2026-04-29,3480,PROD45
ORD08231,CUST5493,C007,CAM037,2026-01-11,7549,PROD03
ORD04967,CUST3306,C021,CAM025,2026-02-13,2369,PROD06
ORD00705,CUST0480,C018,CAM018,2026-06-03,7531,PROD40
ORD06638,CUST4428,C002,CAM002,2026-04-12,9253,PROD16
ORD06694,CUST4459,C014,CAM014,2026-05-09,5716,PROD25
ORD04802,CUST3193,C005,CAM021,2026-05-27,200,PROD33
ORD06081,CUST4051,C014,CAM014,2026-09-04,5972,PROD49
ORD02215,CUST1480,C018,CAM018,2026-05-26,1057,PROD06
ORD03018,CUST2015,C018,CAM039,2026-03-03,1758,PROD44
ORD00379,CUST0251,C007,CAM037,2026-04-06,3105,PROD50
ORD05944,CUST3971,C006,CAM008,2026-08-03,10842,PROD05
ORD03269,CUST2188,C009,CAM030,2026-04-04,1225,PROD40
ORD06576,CUST4391,C014,CAM014,2026-05-11,3671,PROD06
ORD02177,CUST1449,C007,CAM037,2026-01-07,7459,PROD04
ORD03372,CUST2245,C018,CAM031,2026-02-22,1525,PROD09
ORD06495,CUST4336,C002,CAM002,2026-04-13,1988,PROD44
ORD00451,CUST0295,C023,CAM010,2026-04-12,11469,PROD23
ORD01058,CUST0731,C017,CAM029,2026-03-30,8584,PROD21
ORD01697,CUST1141,C008,CAM007,2026-01-26,3131,PROD45
ORD06537,CUST4367,C009,CAM034,2026-05-28,7868,PROD24
ORD07396,CUST4936,C007,CAM037,2026-03-10,2676,PROD43
ORD00618,CUST0415,C018,CAM018,2026-05-29,6549,PROD20
ORD08315,CUST5553,C012,CAM024,2026-05-13,6509,PROD10
ORD04215,CUST2789,C018,CAM039,2026-01-22,2134,PROD39
ORD08917,CUST5961,C006,CAM008,2026-03-24,2563,PROD44
ORD00871,CUST0600,C013,CAM023,2026-04-09,2836,PROD38
ORD00519,CUST0345,C024,CAM013,2026-06-02,2623,PROD11
ORD04392,CUST2911,C004,CAM040,2026-02-07,1216,PROD41
ORD04585,CUST3041,C012,CAM024,2026-06-22,1952,PROD24
ORD01924,CUST1285,C013,CAM006,2026-04-20,3863,PROD06
ORD06903,CUST4593,C021,CAM025,2026-02-13,1997,PROD38
ORD02957,CUST1971,C018,CAM004,2026-06-26,3483,PROD43
ORD04276,CUST2830,C005,CAM021,2026-06-22,377,PROD44
ORD03580,CUST2390,C010,CAM038,2026-03-03,3358,PROD19
ORD08026,CUST5361,C003,CAM011,2026-03-10,7508,PROD01
ORD03166,CUST2125,C013,CAM006,2026-04-24,2245,PROD22
ORD08396,CUST5607,C004,CAM040,2026-01-26,2194,PROD30
ORD02458,CUST1621,C014,CAM014,2026-05-03,3758,PROD21
ORD04602,CUST3052,C007,CAM037,2026-01-05,5407,PROD31
ORD04806,CUST3197,C012,CAM024,2026-05-10,4561,PROD48
ORD02421,CUST1597,C006,CAM008,2026-03-22,2525,PROD05
ORD07814,CUST5219,C018,CAM017,2026-04-27,5189,PROD30
ORD07238,CUST4835,C007,CAM028,2026-03-19,9224,PROD11
ORD04287,CUST2839,C011,CAM001,2026-02-26,6473,PROD06
ORD03743,CUST2493,C017,CAM029,2026-01-30,1361,PROD28
ORD01362,CUST0919,C023,CAM010,2026-04-04,2555,PROD41
ORD04535,CUST3007,C009,CAM030,2026-06-01,2954,PROD30
ORD01719,CUST1154,C010,CAM038,2026-03-11,2099,PROD44
ORD06055,CUST4038,C014,CAM014,2026-07-24,1381,PROD31
ORD04653,CUST3090,C018,CAM039,2026-01-27,3448,PROD41
ORD06673,CUST4447,C018,CAM004,2026-05-28,2256,PROD20
ORD01586,CUST1057,C002,CAM002,2026-08-11,986,PROD26
ORD08135,CUST5430,C004,CAM020,2026-02-15,1975,PROD02
ORD04094,CUST2709,C020,CAM026,2026-05-07,8250,PROD19
ORD02955,CUST1971,C018,CAM004,2026-05-24,4476,PROD26
ORD01055,CUST0730,C012,CAM024,2026-05-15,1889,PROD10
ORD00943,CUST0647,C018,CAM017,2026-04-25,3008,PROD12
ORD02878,CUST1914,C013,CAM006,2026-05-14,1309,PROD13
ORD00075,CUST0045,C004,CAM020,2026-02-07,5164,PROD38
ORD04308,CUST2854,C021,CAM025,2026-02-10,2158,PROD10
ORD03736,CUST2487,C021,CAM025,2026-02-25,2422,PROD49
ORD02134,CUST1428,C011,CAM001,2026-03-11,900,PROD42
ORD02096,CUST1400,C017,CAM029,2026-01-31,6915,PROD06
ORD04636,CUST3077,C018,CAM031,2026-02-17,2370,PROD12
ORD03848,CUST2562,C009,CAM030,2026-04-06,2581,PROD39
ORD02136,CUST1429,C018,CAM017,2026-04-28,704,PROD15
ORD05942,CUST3971,C006,CAM008,2026-05-16,2165,PROD08
ORD02034,CUST1357,C011,CAM001,2026-03-06,2665,PROD50
ORD01183,CUST0798,C013,CAM006,2026-06-05,5268,PROD38
ORD06753,CUST4501,C018,CAM016,2026-01-16,1137,PROD04
ORD04707,CUST3131,C020,CAM026,2026-04-25,4024,PROD34
ORD06354,CUST4243,C011,CAM003,2026-03-12,4962,PROD43
ORD02463,CUST1624,C018,CAM018,2026-08-17,4263,PROD37
ORD05238,CUST3498,C017,CAM029,2026-02-12,2304,PROD08
ORD03037,CUST2030,C023,CAM005,2026-05-30,3545,PROD44
ORD01518,CUST1020,C013,CAM032,2026-04-10,3540,PROD21
ORD06291,CUST4192,C018,CAM018,2026-10-11,3210,PROD14
ORD04481,CUST2969,C020,CAM026,2026-04-21,9455,PROD28
ORD08847,CUST5912,C020,CAM026,2026-04-25,6753,PROD37
ORD05113,CUST3409,C018,CAM016,2026-01-26,5027,PROD36
ORD05665,CUST3785,C008,CAM033,2026-02-15,3872,PROD20
ORD02159,CUST1441,C014,CAM014,2026-07-27,6801,PROD07
ORD03165,CUST2124,C007,CAM028,2026-04-15,2553,PROD32
ORD02644,CUST1754,C011,CAM009,2026-04-17,6237,PROD27
ORD03992,CUST2648,C011,CAM015,2026-05-24,6748,PROD10
ORD07346,CUST4898,C011,CAM009,2026-04-16,1919,PROD30
ORD02901,CUST1932,C020,CAM026,2026-05-06,9350,PROD40
ORD00214,CUST0139,C023,CAM010,2026-04-12,4880,PROD07
ORD04711,CUST3132,C005,CAM022,2026-08-28,3393,PROD40
ORD00346,CUST0233,C011,CAM009,2026-04-20,3907,PROD36
ORD08732,CUST5836,C009,CAM030,2026-04-08,2507,PROD21
ORD06844,CUST4558,C021,CAM025,2026-02-28,2230,PROD28
ORD06713,CUST4471,C014,CAM014,2026-05-13,668,PROD20
ORD05846,CUST3904,C011,CAM015,2026-05-30,3450,PROD22
ORD07808,CUST5216,C018,CAM018,2026-06-10,6665,PROD23
ORD03125,CUST2095,C002,CAM002,2026-04-09,4441,PROD25
ORD03111,CUST2087,C011,CAM009,2026-04-22,4049,PROD24
ORD02179,CUST1451,C018,CAM017,2026-04-24,2678,PROD19
ORD05834,CUST3895,C023,CAM005,2026-06-30,3924,PROD32
ORD08830,CUST5901,C008,CAM033,2026-02-16,2299,PROD50
ORD05117,CUST3413,C018,CAM031,2026-02-27,313,PROD42
ORD04199,CUST2778,C004,CAM020,2026-02-07,3729,PROD22
ORD06090,CUST4058,C007,CAM036,2026-01-01,12967,PROD07
ORD07117,CUST4754,C024,CAM013,2026-05-30,3615,PROD06
ORD02703,CUST1797,C018,CAM017,2026-04-23,3793,PROD48
ORD05049,CUST3364,C013,CAM019,2026-09-29,5981,PROD37
ORD03157,CUST2118,C009,CAM030,2026-03-31,2764,PROD15
ORD06916,CUST4601,C008,CAM007,2026-01-26,8455,PROD02
ORD00772,CUST0530,C007,CAM037,2026-01-15,7768,PROD28
ORD05011,CUST3340,C008,CAM007,2026-01-22,431,PROD17
ORD04477,CUST2965,C003,CAM011,2026-04-09,895,PROD49
ORD07116,CUST4753,C013,CAM019,2026-05-16,5657,PROD50
ORD01902,CUST1269,C011,CAM003,2026-05-26,3787,PROD16
ORD04257,CUST2817,C007,CAM037,2026-04-09,914,PROD18
ORD04585,CUST3041,C012,CAM024,2026-06-22,1952,PROD24
ORD03388,CUST2254,C009,CAM030,2026-04-06,4038,PROD32
ORD04660,CUST3097,C018,CAM017,2026-04-21,1673,PROD40
ORD06214,CUST4139,C004,CAM040,2026-01-23,2609,PROD27
ORD02860,CUST1901,C018,CAM039,2026-01-26,2025,PROD12
ORD03687,CUST2455,C018,CAM031,2026-04-25,3697,PROD03
ORD02680,CUST1782,C007,CAM036,2026-01-21,6558,PROD24
ORD03385,CUST2251,C013,CAM006,2026-04-05,2741,PROD31
ORD01519,CUST1020,C013,CAM032,2026-05-17,2663,PROD06
ORD07272,CUST4851,C018,CAM018,2026-06-24,5437,PROD34
ORD00724,CUST0492,C011,CAM015,2026-05-30,1869,PROD35
ORD08412,CUST5616,C017,CAM029,2026-02-04,1851,PROD22
ORD07534,CUST5035,C023,CAM005,2026-05-29,9178,PROD17
ORD01635,CUST1093,C018,CAM039,2026-02-04,6495,PROD39
ORD04429,CUST2935,C010,CAM038,2026-03-11,4055,PROD47
ORD01639,CUST1097,C021,CAM025,2026-03-06,3010,PROD50
ORD03936,CUST2616,C005,CAM021,2026-06-17,6378,PROD11
ORD03534,CUST2356,C018,CAM016,2026-01-22,1693,PROD44
ORD04216,CUST2790,C006,CAM008,2026-03-25,1782,PROD36
ORD06795,CUST4526,C014,CAM014,2026-05-17,5337,PROD10
ORD04680,CUST3109,C010,CAM012,2026-02-11,1641,PROD07
ORD00759,CUST0518,C018,CAM039,2026-01-27,7129,PROD04
ORD04487,CUST2975,C013,CAM006,2026-04-20,2028,PROD01
ORD06759,CUST4506,C004,CAM040,2026-02-09,1251,PROD18
ORD00764,CUST0523,C010,CAM038,2026-03-04,3356,PROD31
ORD03323,CUST2214,C007,CAM036,2026-01-23,5847,PROD04
ORD02009,CUST1335,C007,CAM036,2026-05-13,3801,PROD21
ORD03439,CUST2292,C018,CAM031,2026-02-16,2180,PROD48
ORD05874,CUST3925,C017,CAM029,2026-04-06,3789,PROD26
ORD01154,CUST0782,C017,CAM029,2026-02-14,11642,PROD36
ORD08873,CUST5931,C004,CAM020,2026-03-20,3654,PROD43
ORD08876,CUST5933,C018,CAM017,2026-05-31,337,PROD32
ORD01872,CUST1252,C013,CAM006,2026-04-22,2246,PROD03
ORD08143,CUST5435,C002,CAM002,2026-05-18,7291,PROD26
ORD02013,CUST1339,C018,CAM004,2026-05-24,4910,PROD41
ORD00167,CUST0103,C010,CAM038,2026-03-04,12090,PROD48
ORD08692,CUST5809,C020,CAM026,2026-06-14,706,PROD45
ORD00682,CUST0463,C020,CAM026,2026-05-11,5695,PROD02
ORD08731,CUST5835,C007,CAM036,2026-01-22,2169,PROD16
ORD01126,CUST0765,C008,CAM007,2026-01-26,3834,PROD50
ORD00096,CUST0055,C002,CAM002,2026-08-09,5506,PROD26
ORD07771,CUST5196,C009,CAM034,2026-06-01,4804,PROD31
ORD03241,CUST2170,C018,CAM016,2026-01-15,6602,PROD01
ORD08604,CUST5743,C004,CAM020,2026-03-23,2403,PROD03
ORD01428,CUST0956,C018,CAM017,2026-04-27,11333,PROD37
ORD07329,CUST4886,C011,CAM009,2026-04-09,2785,PROD32
ORD07040,CUST4699,C007,CAM036,2026-01-01,1428,PROD35
ORD08809,CUST5884,C009,CAM030,2026-04-07,1178,PROD32
ORD05184,CUST3460,C007,CAM036,2026-01-03,3186,PROD38
ORD04387,CUST2906,C009,CAM035,2026-04-14,3912,PROD30
ORD06321,CUST4213,C020,CAM026,2026-05-01,7373,PROD37
ORD03729,CUST2484,C009,CAM035,2026-04-17,3265,PROD28
ORD07538,CUST5037,C018,CAM004,2026-05-21,5069,PROD16
ORD02552,CUST1684,C018,CAM018,2026-07-13,3703,PROD01
ORD05191,CUST3467,C018,CAM016,2026-01-17,632,PROD46
ORD06268,CUST4178,C009,CAM030,2026-04-04,1691,PROD22
ORD02408,CUST1585,C018,CAM004,2026-05-24,2162,PROD45
ORD05133,CUST3424,C018,CAM018,2026-06-01,9929,PROD39
ORD05649,CUST3774,C013,CAM032,2026-03-28,4798,PROD05
ORD00120,CUST0073,C024,CAM013,2026-10-02,3442,PROD43
ORD01611,CUST1076,C021,CAM025,2026-03-06,8212,PROD08
ORD05786,CUST3863,C002,CAM002,2026-04-10,2732,PROD20
ORD02215,CUST1480,C018,CAM018,2026-05-26,1057,PROD06
ORD05741,CUST3831,C007,CAM036,2026-05-01,6335,PROD34
ORD06654,CUST4437,C005,CAM022,2026-08-17,1467,PROD10
ORD04358,CUST2887,C018,CAM031,2026-02-24,4809,PROD47
ORD04280,CUST2834,C007,CAM028,2026-03-14,3834,PROD50
ORD00701,CUST0477,C004,CAM020,2026-02-07,1714,PROD46
ORD06481,CUST4322,C009,CAM034,2026-05-20,8188,PROD18
ORD04043,CUST2674,C008,CAM007,2026-02-17,5238,PROD41
ORD04760,CUST3163,C018,CAM016,2026-01-26,1677,PROD31
ORD08387,CUST5602,C007,CAM037,2026-01-14,1898,PROD37
ORD05804,CUST3872,C002,CAM027,2026-04-24,2659,PROD34
ORD06310,CUST4207,C023,CAM010,2026-04-08,3879,PROD12
ORD06696,CUST4460,C011,CAM009,2026-05-03,1960,PROD05
ORD08024,CUST5359,C013,CAM019,2026-05-28,3061,PROD03
ORD08243,CUST5501,C005,CAM022,2026-06-09,3479,PROD50
ORD03981,CUST2641,C013,CAM006,2026-04-03,4360,PROD01
ORD02845,CUST1891,C011,CAM009,2026-04-22,3759,PROD02
ORD08041,CUST5372,C020,CAM026,2026-05-13,3647,PROD21
ORD07029,CUST4691,C011,CAM009,2026-04-14,7394,PROD02
ORD00968,CUST0665,C009,CAM035,2026-05-18,5282,PROD33
ORD03249,CUST2174,C009,CAM034,2026-05-22,2225,PROD08
ORD08176,CUST5456,C023,CAM005,2026-06-07,5142,PROD50
ORD07391,CUST4933,C005,CAM021,2026-06-01,1909,PROD42
ORD04160,CUST2750,C007,CAM028,2026-03-17,6895,PROD37
ORD00738,CUST0502,C005,CAM021,2026-06-11,3517,PROD01
ORD04830,CUST3216,C017,CAM029,2026-03-06,1927,PROD32
ORD07993,CUST5339,C018,CAM004,2026-06-20,5676,PROD45
ORD05105,CUST3402,C003,CAM011,2026-03-03,3023,PROD24
ORD06087,CUST4056,C011,CAM003,2026-04-10,597,PROD31
ORD00175,CUST0109,C007,CAM028,2026-03-17,3814,PROD39
ORD01023,CUST0706,C013,CAM006,2026-07-12,4907,PROD28
ORD04322,CUST2865,C020,CAM026,2026-04-29,2351,PROD50
ORD03246,CUST2173,C004,CAM020,2026-03-19,3165,PROD36
ORD01657,CUST1111,C013,CAM019,2026-05-20,4723,PROD43
ORD04329,CUST2870,C018,CAM018,2026-06-08,387,PROD09
ORD08122,CUST5423,C003,CAM011,2026-04-05,2323,PROD01
ORD01076,CUST0739,C011,CAM015,2026-08-26,1371,PROD37
ORD04181,CUST2766,C011,CAM003,2026-04-22,946,PROD29
ORD03415,CUST2270,C023,CAM005,2026-06-02,619,PROD09
ORD05562,CUST3721,C013,CAM023,2026-04-06,1808,PROD02
ORD08805,CUST5882,C010,CAM012,2026-04-10,5560,PROD26
ORD05257,CUST3511,C011,CAM009,2026-04-08,11231,PROD20
ORD02777,CUST1846,C018,CAM016,2026-01-23,1550,PROD25
ORD00137,CUST0084,C002,CAM027,2026-04-21,1264,PROD36
ORD08929,CUST5969,C021,CAM025,2026-02-15,5761,PROD47
ORD08063,CUST5388,C023,CAM005,2026-06-02,2608,PROD11
ORD08434,CUST5631,C011,CAM009,2026-04-12,973,PROD37
ORD08100,CUST5408,C023,CAM010,2026-05-26,2457,PROD22
ORD01001,CUST0690,C023,CAM005,2026-07-02,11504,PROD50
ORD02269,CUST1514,C024,CAM013,2026-08-13,7711,PROD26
ORD08292,CUST5538,C008,CAM007,2026-01-19,3191,PROD03
ORD00461,CUST0304,C007,CAM036,2026-01-25,6596,PROD33
ORD05045,CUST3363,C009,CAM030,2026-04-07,5162,PROD38
ORD06142,CUST4098,C004,CAM040,2026-02-09,1237,PROD09
ORD01618,CUST1080,C023,CAM005,2026-05-26,1245,PROD17
ORD04963,CUST3302,C018,CAM004,2026-05-23,200,PROD24
ORD00184,CUST0116,C003,CAM011,2026-02-24,1791,PROD28
ORD08639,CUST5770,C018,CAM017,2026-04-21,5019,PROD12
ORD07998,CUST5342,C011,CAM003,2026-03-15,4450,PROD14
ORD06432,CUST4288,C023,CAM005,2026-05-27,4403,PROD41
ORD00105,CUST0063,C010,CAM012,2026-02-09,2684,PROD28
ORD00985,CUST0678,C009,CAM034,2026-06-01,4438,PROD28
ORD03526,CUST2351,C011,CAM003,2026-03-12,1109,PROD06
ORD01353,CUST0913,C005,CAM022,2026-05-31,4470,PROD19
ORD03668,CUST2444,C008,CAM033,2026-02-22,4126,PROD26
ORD04736,CUST3147,C010,CAM038,2026-03-06,2305,PROD40
ORD05758,CUST3841,C005,CAM021,2026-05-26,11125,PROD18
ORD04417,CUST2924,C009,CAM030,2026-04-03,952,PROD46
ORD03597,CUST2401,C023,CAM010,2026-04-10,1123,PROD20
ORD03752,CUST2500,C009,CAM035,2026-04-13,7983,PROD42
ORD01348,CUST0911,C009,CAM034,2026-07-21,3256,PROD16
ORD01679,CUST1125,C018,CAM031,2026-02-21,1489,PROD26
ORD08733,CUST5837,C004,CAM040,2026-02-08,12224,PROD39
ORD01364,CUST0919,C023,CAM010,2026-06-03,2816,PROD40
ORD02443,CUST1613,C009,CAM034,2026-08-25,6061,PROD04
ORD05839,CUST3898,C013,CAM006,2026-04-17,4594,PROD07
ORD07300,CUST4865,C023,CAM010,2026-06-11,8480,PROD11
ORD05750,CUST3835,C012,CAM024,2026-05-13,3275,PROD12
ORD06155,CUST4106,C014,CAM014,2026-05-16,2051,PROD49
ORD05802,CUST3871,C018,CAM039,2026-03-28,5151,PROD36
ORD00698,CUST0476,C002,CAM002,2026-05-21,3995,PROD25
ORD05157,CUST3441,C011,CAM015,2026-06-05,4267,PROD12
ORD05500,CUST3679,C013,CAM019,2026-05-17,2526,PROD47
ORD07090,CUST4736,C005,CAM022,2026-06-07,7536,PROD06
ORD07095,CUST4738,C011,CAM001,2026-03-08,1172,PROD25
ORD02453,CUST1619,C009,CAM034,2026-05-31,735,PROD23
ORD03986,CUST2644,C009,CAM030,2026-04-06,2509,PROD45
ORD02422,CUST1597,C006,CAM008,2026-04-19,7738,PROD23
ORD07116,CUST4753,C013,CAM019,2026-05-16,5657,PROD50
ORD02844,CUST1890,C023,CAM005,2026-05-25,3982,PROD42
ORD01400,CUST0940,C009,CAM035,2026-04-12,2692,PROD31
ORD03324,CUST2215,C011,CAM003,2026-03-15,5482,PROD48
ORD02962,CUST1975,C010,CAM012,2026-03-16,2250,PROD37
ORD08462,CUST5649,C018,CAM031,2026-03-14,6072,PROD48
ORD03872,CUST2577,C018,CAM016,2026-03-24,6350,PROD30
ORD03655,CUST2438,C020,CAM026,2026-05-07,895,PROD48
ORD04759,CUST3162,C018,CAM039,2026-03-13,729,PROD42
ORD02665,CUST1771,C013,CAM032,2026-03-28,1987,PROD21
ORD00413,CUST0274,C018,CAM017,2026-04-24,1790,PROD49
ORD08453,CUST5645,C007,CAM037,2026-01-06,9937,PROD04
ORD05714,CUST3815,C009,CAM035,2026-05-01,677,PROD28
ORD07262,CUST4845,C018,CAM016,2026-03-24,200,PROD04
ORD04620,CUST3063,C017,CAM029,2026-02-08,5736,PROD10
ORD06843,CUST4557,C008,CAM033,2026-02-09,5341,PROD33
ORD05867,CUST3919,C013,CAM006,2026-05-12,6849,PROD09
ORD05048,CUST3364,C013,CAM019,2026-08-17,2239,PROD36
ORD00382,CUST0251,C007,CAM037,2026-06-23,9790,PROD10
ORD04257,CUST2817,C007,CAM037,2026-04-09,914,PROD18
ORD08874,CUST5932,C024,CAM013,2026-06-01,2442,PROD21
ORD00770,CUST0528,C010,CAM038,2026-03-09,7412,PROD47
ORD03510,CUST2343,C020,CAM026,2026-04-29,1554,PROD25
ORD04824,CUST3212,C018,CAM016,2026-03-01,1689,PROD33
ORD00302,CUST0199,C009,CAM030,2026-03-30,2669,PROD17
ORD08705,CUST5821,C006,CAM008,2026-03-21,3612,PROD41
ORD01811,CUST1216,C002,CAM027,2026-04-10,7236,PROD10
ORD02996,CUST1997,C011,CAM009,2026-04-21,3315,PROD36
ORD03684,CUST2455,C018,CAM031,2026-02-17,3943,PROD45
ORD03562,CUST2376,C003,CAM011,2026-03-07,2604,PROD24
ORD03007,CUST2006,C009,CAM030,2026-04-01,11527,PROD21
ORD08960,CUST5992,C021,CAM025,2026-04-04,684,PROD32
ORD04726,CUST3140,C011,CAM009,2026-10-15,4671,PROD21
ORD07410,CUST4944,C018,CAM004,2026-05-20,4738,PROD26
ORD05640,CUST3768,C018,CAM016,2026-01-18,3916,PROD27
ORD00129,CUST0078,C009,CAM034,2026-07-10,2067,PROD01
ORD03293,CUST2200,C009,CAM030,2026-06-21,4785,PROD47
ORD06666,CUST4442,C018,CAM018,2026-08-14,2384,PROD29
ORD02727,CUST1811,C011,CAM001,2026-03-04,4281,PROD44
ORD00215,CUST0140,C008,CAM007,2026-01-21,8877,PROD24
ORD07435,CUST4968,C012,CAM024,2026-05-11,3178,PROD14
ORD03860,CUST2570,C009,CAM030,2026-04-02,1512,PROD45
ORD08685,CUST5805,C004,CAM020,2026-03-18,3169,PROD27
ORD05106,CUST3403,C009,CAM034,2026-06-04,8209,PROD24
ORD08380,CUST5597,C004,CAM020,2026-02-10,1125,PROD38
ORD05597,CUST3743,C005,CAM021,2026-06-14,1689,PROD05
ORD04979,CUST3314,C017,CAM029,2026-03-29,2284,PROD16
ORD01682,CUST1128,C013,CAM032,2026-04-01,4127,PROD38
ORD08715,CUST5826,C011,CAM015,2026-07-18,3290,PROD05
ORD01936,CUST1293,C018,CAM039,2026-01-23,12935,PROD40
ORD07850,CUST5245,C013,CAM006,2026-04-23,2659,PROD02
ORD07597,CUST5075,C008,CAM033,2026-03-18,2064,PROD24
ORD02222,CUST1482,C009,CAM035,2026-06-12,4828,PROD43
ORD02064,CUST1378,C002,CAM027,2026-04-27,4112,PROD17
ORD01699,CUST1142,C005,CAM022,2026-07-07,2319,PROD44
ORD00125,CUST0076,C008,CAM033,2026-03-22,2804,PROD30
ORD00755,CUST0516,C018,CAM017,2026-04-16,1837,PROD46
ORD01023,CUST0706,C013,CAM006,2026-07-12,4907,PROD28
ORD02145,CUST1434,C008,CAM033,2026-01-31,1911,PROD46
ORD06215,CUST4139,C004,CAM040,2026-03-17,4359,PROD46
ORD07862,CUST5252,C018,CAM039,2026-01-28,2139,PROD28
ORD01102,CUST0753,C018,CAM031,2026-02-23,9372,PROD15
ORD05972,CUST3991,C002,CAM002,2026-05-28,1038,PROD34
ORD02263,CUST1510,C018,CAM016,2026-03-24,2503,PROD45
ORD07722,CUST5164,C009,CAM030,2026-04-04,498,PROD14
ORD08484,CUST5663,C011,CAM015,2026-05-24,4330,PROD15
ORD08207,CUST5479,C011,CAM003,2026-03-16,454,PROD04
ORD08582,CUST5724,C002,CAM027,2026-04-28,2043,PROD23
ORD05625,CUST3756,C013,CAM023,2026-04-06,8796,PROD20
ORD01916,CUST1280,C013,CAM019,2026-07-04,8500,PROD10
ORD00074,CUST0044,C024,CAM013,2026-08-19,3411,PROD45
ORD03578,CUST2388,C009,CAM034,2026-06-03,3502,PROD04
ORD07762,CUST5189,C008,CAM007,2026-02-04,2128,PROD16
ORD06061,CUST4041,C005,CAM022,2026-06-07,4704,PROD15
ORD02846,CUST1892,C006,CAM008,2026-03-20,3164,PROD31
ORD07059,CUST4716,C013,CAM006,2026-04-21,2910,PROD12
ORD02761,CUST1833,C018,CAM018,2026-08-17,2761,PROD18
ORD08960,CUST5992,C021,CAM025,2026-04-04,684,PROD32
ORD03878,CUST2581,C011,CAM009,2026-04-15,5083,PROD27
ORD04008,CUST2656,C023,CAM010,2026-05-28,1998,PROD34
ORD08702,CUST5818,C004,CAM040,2026-03-14,6172,PROD33
ORD06765,CUST4510,C018,CAM004,2026-05-25,4912,PROD26
ORD03046,CUST2037,C011,CAM009,2026-05-24,4333,PROD29
ORD00433,CUST0283,C023,CAM005,2026-07-11,11199,PROD22
ORD02997,CUST1998,C010,CAM012,2026-01-20,4015,PROD30
ORD05558,CUST3717,C017,CAM029,2026-01-30,3114,PROD33
ORD00285,CUST0187,C003,CAM011,2026-03-22,9558,PROD50
ORD06116,CUST4079,C017,CAM029,2026-02-18,3940,PROD08
ORD07243,CUST4838,C012,CAM024,2026-05-07,7305,PROD37
ORD03993,CUST2648,C011,CAM015,2026-07-16,1748,PROD38
ORD00807,CUST0553,C020,CAM026,2026-06-02,832,PROD47
ORD07969,CUST5323,C013,CAM006,2026-04-26,1475,PROD11
ORD01611,CUST1076,C021,CAM025,2026-03-06,8212,PROD08
ORD03236,CUST2166,C018,CAM031,2026-03-03,5418,PROD07
ORD04627,CUST3069,C018,CAM017,2026-04-28,2185,PROD07
ORD00279,CUST0181,C021,CAM025,2026-03-07,5443,PROD30
ORD05130,CUST3422,C013,CAM019,2026-05-19,5887,PROD50
ORD06262,CUST4175,C013,CAM023,2026-04-08,2310,PROD04
ORD04529,CUST3003,C018,CAM031,2026-03-01,3892,PROD11
ORD01910,CUST1275,C009,CAM035,2026-04-15,7126,PROD50
ORD04100,CUST2715,C018,CAM004,2026-05-27,6965,PROD50
ORD00766,CUST0525,C006,CAM008,2026-03-22,1226,PROD25
ORD04714,CUST3135,C011,CAM001,2026-03-06,1530,PROD32
ORD00717,CUST0486,C017,CAM029,2026-03-14,3105,PROD35
ORD01247,CUST0842,C005,CAM021,2026-05-28,13101,PROD49
ORD07927,CUST5291,C002,CAM027,2026-04-10,2506,PROD29
ORD07695,CUST5143,C017,CAM029,2026-02-12,14666,PROD40
ORD07057,CUST4714,C013,CAM019,2026-05-28,2834,PROD28
ORD06279,CUST4184,C023,CAM010,2026-04-04,2060,PROD41
ORD03753,CUST2500,C009,CAM035,2026-05-13,3738,PROD25
ORD05574,CUST3728,C008,CAM033,2026-03-15,890,PROD25
ORD02098,CUST1401,C010,CAM012,2026-02-02,3437,PROD20
ORD04083,CUST2703,C012,CAM024,2026-05-14,1514,PROD19
ORD00558,CUST0372,C017,CAM029,2026-04-14,7025,PROD50
ORD00069,CUST0043,C002,CAM002,2026-04-08,1129,PROD09
ORD07860,CUST5250,C008,CAM007,2026-04-30,2732,PROD08
ORD08440,CUST5635,C013,CAM032,2026-03-10,762,PROD33
ORD00618,CUST0415,C018,CAM018,2026-05-29,6549,PROD20
ORD07457,CUST4985,C017,CAM029,2026-02-11,1985,PROD47
ORD03640,CUST2426,C011,CAM015,2026-06-23,6040,PROD46
ORD08580,CUST5722,C009,CAM030,2026-04-05,2158,PROD43
ORD03845,CUST2559,C021,CAM025,2026-02-23,10965,PROD09
ORD03431,CUST2285,C018,CAM016,2026-01-20,3349,PROD31
ORD03430,CUST2284,C013,CAM032,2026-03-14,2712,PROD36
ORD03409,CUST2267,C009,CAM030,2026-04-07,2323,PROD48
ORD02618,CUST1730,C009,CAM035,2026-04-12,1515,PROD27
ORD07535,CUST5035,C023,CAM005,2026-07-23,4454,PROD05
ORD00586,CUST0392,C023,CAM005,2026-06-03,619,PROD03
ORD03609,CUST2408,C007,CAM028,2026-03-29,620,PROD48
ORD00427,CUST0280,C011,CAM015,2026-07-15,5137,PROD20
ORD07814,CUST5219,C018,CAM017,2026-04-27,5189,PROD30
ORD00714,CUST0484,C018,CAM017,2026-04-28,3363,PROD13
ORD07620,CUST5091,C014,CAM014,2026-06-25,6546,PROD09
ORD03370,CUST2243,C011,CAM003,2026-03-15,4394,PROD04
ORD03270,CUST2189,C004,CAM020,2026-02-07,4609,PROD32
ORD02711,CUST1801,C004,CAM040,2026-02-07,4820,PROD06
ORD03964,CUST2633,C007,CAM028,2026-04-21,4813,PROD21
ORD04697,CUST3122,C010,CAM038,2026-03-06,3492,PROD19
ORD02721,CUST1807,C006,CAM008,2026-03-20,1794,PROD32
ORD03080,CUST2063,C018,CAM018,2026-05-30,3254,PROD28
ORD02065,CUST1379,C008,CAM007,2026-01-23,5087,PROD40
ORD07779,CUST5200,C004,CAM020,2026-02-10,4358,PROD29
ORD01519,CUST1020,C013,CAM032,2026-05-17,2663,PROD06
ORD04407,CUST2916,C009,CAM034,2026-07-16,1950,PROD38
ORD06752,CUST4500,C013,CAM023,2026-04-08,5804,PROD02
ORD06283,CUST4188,C011,CAM001,2026-03-01,5247,PROD02
ORD01388,CUST0933,C018,CAM018,2026-06-09,1136,PROD19
ORD07237,CUST4834,C018,CAM018,2026-06-19,4029,PROD12
ORD07897,CUST5270,C023,CAM005,2026-07-09,2838,PROD24
ORD05505,CUST3683,C009,CAM035,2026-04-18,2858,PROD08
ORD03604,CUST2404,C011,CAM001,2026-04-15,4154,PROD07
ORD01217,CUST0823,C002,CAM027,2026-05-15,3380,PROD39
ORD08465,CUST5649,C018,CAM031,2026-06-13,3601,PROD07
ORD07399,CUST4938,C020,CAM026,2026-05-12,11641,PROD20
ORD08024,CUST5359,C013,CAM019,2026-05-28,3061,PROD03
ORD00404,CUST0266,C010,CAM012,2026-02-11,1185,PROD28
ORD03373,CUST2246,C011,CAM015,2026-06-01,212,PROD34
ORD03266,CUST2186,C020,CAM026,2026-04-26,3925,PROD46
ORD06882,CUST4578,C011,CAM015,2026-06-01,11718,PROD40
ORD02435,CUST1608,C005,CAM021,2026-05-26,4275,PROD15
ORD02357,CUST1558,C010,CAM012,2026-02-12,3614,PROD07
ORD07885,CUST5263,C005,CAM021,2026-06-07,9011,PROD28
ORD06305,CUST4204,C006,CAM008,2026-03-17,4178,PROD43
ORD06560,CUST4378,C011,CAM009,2026-04-21,1949,PROD41
ORD01984,CUST1321,C007,CAM036,2026-01-11,8723,PROD35
ORD05543,CUST3706,C007,CAM028,2026-05-04,9905,PROD41
ORD06045,CUST4036,C005,CAM022,2026-06-06,1595,PROD18
ORD07937,CUST5298,C011,CAM001,2026-03-14,1904,PROD22
ORD00802,CUST0551,C004,CAM040,2026-04-17,603,PROD35
ORD00959,CUST0659,C009,CAM035,2026-05-07,7551,PROD45
ORD06234,CUST4151,C002,CAM002,2026-04-10,4212,PROD45
ORD06613,CUST4410,C010,CAM038,2026-03-07,5301,PROD37
ORD03594,CUST2398,C007,CAM037,2026-02-12,3722,PROD27
ORD04726,CUST3140,C011,CAM009,2026-10-15,4671,PROD21
ORD02629,CUST1740,C018,CAM031,2026-02-17,4125,PROD06
ORD03150,CUST2112,C013,CAM032,2026-03-18,5010,PROD50
ORD04817,CUST3207,C011,CAM001,2026-03-03,7407,PROD20
ORD08291,CUST5537,C005,CAM022,2026-06-07,9639,PROD02
ORD04398,CUST2913,C023,CAM010,2026-07-03,9771,PROD32
ORD03349,CUST2231,C023,CAM010,2026-05-13,357,PROD08
ORD03500,CUST2334,C021,CAM025,2026-02-26,6941,PROD22
ORD00741,CUST0504,C021,CAM025,2026-03-17,4426,PROD26
ORD08744,CUST5843,C004,CAM020,2026-02-07,770,PROD45
ORD02583,CUST1705,C023,CAM005,2026-07-11,4156,PROD32
ORD05899,CUST3943,C005,CAM022,2026-06-04,3671,PROD50
ORD07304,CUST4868,C004,CAM040,2026-02-06,4449,PROD11
ORD05635,CUST3765,C023,CAM010,2026-04-14,8379,PROD33
ORD02268,CUST1514,C024,CAM013,2026-06-30,3800,PROD13
ORD04979,CUST3314,C017,CAM029,2026-03-29,2284,PROD16
ORD06725,CUST4480,C002,CAM002,2026-05-20,4809,PROD11
ORD06889,CUST4583,C018,CAM016,2026-01-25,3322,PROD44
ORD08389,CUST5603,C023,CAM010,2026-05-03,3962,PROD10
ORD05955,CUST3980,C013,CAM019,2026-05-13,3681,PROD45
ORD00706,CUST0480,C018,CAM018,2026-07-25,7036,PROD38
ORD06497,CUST4337,C002,CAM002,2026-04-20,9949,PROD36
ORD01597,CUST1064,C002,CAM027,2026-07-01,1013,PROD24
ORD07217,CUST4820,C024,CAM013,2026-06-12,2033,PROD41
ORD04094,CUST2709,C020,CAM026,2026-05-07,8250,PROD19
ORD03003,CUST2002,C007,CAM036,2026-01-27,9670,PROD03
ORD05688,CUST3800,C008,CAM033,2026-03-22,4947,PROD32
ORD08965,CUST5996,C013,CAM023,2026-04-03,6715,PROD25
ORD03391,CUST2256,C023,CAM005,2026-06-05,1375,PROD29
ORD01462,CUST0981,C004,CAM040,2026-02-01,3997,PROD09
ORD02047,CUST1364,C004,CAM040,2026-02-19,3002,PROD03
ORD02708,CUST1799,C002,CAM027,2026-06-14,6778,PROD25
ORD04274,CUST2829,C011,CAM015,2026-05-25,7730,PROD30
ORD06655,CUST4437,C005,CAM022,2026-09-16,6414,PROD04
ORD03129,CUST2097,C009,CAM035,2026-04-17,2641,PROD45
ORD04071,CUST2692,C008,CAM033,2026-02-08,3605,PROD06
ORD07540,CUST5038,C006,CAM008,2026-04-12,970,PROD15
ORD06114,CUST4078,C007,CAM037,2026-01-07,413,PROD04
ORD07666,CUST5122,C002,CAM027,2026-05-01,4274,PROD45
ORD04946,CUST3288,C011,CAM003,2026-06-24,1677,PROD19
ORD04878,CUST3249,C011,CAM015,2026-06-06,8711,PROD21
ORD01007,CUST0696,C007,CAM037,2026-01-14,2595,PROD22
ORD05472,CUST3657,C009,CAM030,2026-05-24,6271,PROD23
ORD00125,CUST0076,C008,CAM033,2026-03-22,2804,PROD30
ORD03213,CUST2152,C003,CAM011,2026-04-12,5831,PROD50
ORD05152,CUST3436,C004,CAM020,2026-02-17,2426,PROD12
ORD04798,CUST3190,C013,CAM023,2026-04-17,1402,PROD01
ORD07357,CUST4909,C011,CAM009,2026-04-10,793,PROD12
ORD02305,CUST1534,C023,CAM005,2026-09-03,2985,PROD34
ORD08436,CUST5633,C006,CAM008,2026-03-23,3207,PROD17
ORD02130,CUST1424,C021,CAM025,2026-02-18,609,PROD13
ORD08446,CUST5638,C018,CAM004,2026-08-06,7772,PROD12
ORD02184,CUST1454,C007,CAM037,2026-01-08,6156,PROD31
ORD06647,CUST4435,C011,CAM003,2026-03-12,4337,PROD42
ORD05250,CUST3505,C008,CAM033,2026-02-06,424,PROD25
ORD06190,CUST4121,C021,CAM025,2026-02-22,300,PROD18
ORD03733,CUST2485,C018,CAM018,2026-06-10,2302,PROD11
ORD02310,CUST1535,C008,CAM007,2026-03-07,5959,PROD32
ORD06262,CUST4175,C013,CAM023,2026-04-08,2310,PROD04
ORD03807,CUST2536,C006,CAM008,2026-03-18,1330,PROD19
ORD02319,CUST1539,C013,CAM023,2026-06-25,1642,PROD05
ORD03145,CUST2107,C011,CAM015,2026-06-22,3793,PROD06
ORD02607,CUST1724,C021,CAM025,2026-02-10,2105,PROD03
ORD01772,CUST1190,C002,CAM027,2026-04-12,8964,PROD11
ORD06911,CUST4597,C006,CAM008,2026-03-20,6142,PROD24
ORD05305,CUST3539,C011,CAM003,2026-07-11,907,PROD02
ORD08340,CUST5573,C008,CAM007,2026-01-26,6889,PROD11
ORD03195,CUST2141,C021,CAM025,2026-02-17,3268,PROD10
ORD05202,CUST3475,C020,CAM026,2026-05-09,5918,PROD42
ORD03776,CUST2510,C005,CAM022,2026-06-17,2803,PROD31
ORD06397,CUST4264,C021,CAM025,2026-04-23,2777,PROD30
ORD05032,CUST3355,C012,CAM024,2026-05-14,3230,PROD11
ORD02460,CUST1623,C004,CAM040,2026-01-28,8839,PROD19
ORD03664,CUST2442,C020,CAM026,2026-05-26,5060,PROD30
ORD00465,CUST0307,C005,CAM021,2026-05-28,2579,PROD10
ORD04781,CUST3177,C005,CAM021,2026-06-15,10505,PROD19
ORD07503,CUST5012,C007,CAM028,2026-03-18,1828,PROD19
ORD03281,CUST2194,C004,CAM040,2026-04-13,13632,PROD04
ORD07082,CUST4731,C004,CAM040,2026-05-02,5833,PROD37
ORD07455,CUST4984,C018,CAM016,2026-03-20,1208,PROD04
ORD03642,CUST2427,C018,CAM017,2026-05-25,2335,PROD16
ORD05861,CUST3915,C011,CAM009,2026-05-06,4280,PROD07
ORD04751,CUST3156,C018,CAM017,2026-04-18,2820,PROD33
ORD06334,CUST4224,C009,CAM030,2026-04-08,367,PROD24
ORD04904,CUST3263,C018,CAM018,2026-06-04,2674,PROD25
ORD00628,CUST0423,C005,CAM022,2026-05-30,9501,PROD42
ORD01889,CUST1263,C017,CAM029,2026-02-05,5581,PROD36
ORD05026,CUST3350,C012,CAM024,2026-06-27,6621,PROD31
ORD08792,CUST5873,C009,CAM035,2026-04-29,3254,PROD15
ORD08600,CUST5741,C005,CAM021,2026-05-26,2938,PROD37
ORD05579,CUST3733,C012,CAM024,2026-05-11,3627,PROD06
ORD05660,CUST3782,C013,CAM023,2026-04-08,5394,PROD40
ORD03890,CUST2588,C018,CAM031,2026-03-26,11575,PROD08
ORD07732,CUST5169,C018,CAM017,2026-05-19,3689,PROD10
ORD06488,CUST4329,C004,CAM040,2026-01-24,831,PROD37
ORD02111,CUST1409,C009,CAM035,2026-06-19,9138,PROD39
ORD02091,CUST1398,C017,CAM029,2026-02-16,12453,PROD37
ORD08636,CUST5767,C007,CAM036,2026-01-22,3591,PROD34
ORD02008,CUST1335,C007,CAM036,2026-03-23,14476,PROD25
ORD00917,CUST0632,C004,CAM040,2026-03-25,9859,PROD35
ORD06291,CUST4192,C018,CAM018,2026-10-11,3210,PROD14
ORD05352,CUST3571,C006,CAM008,2026-05-13,4227,PROD32
ORD04055,CUST2682,C011,CAM001,2026-02-28,4572,PROD02
ORD08452,CUST5644,C013,CAM006,2026-04-18,3324,PROD08
ORD00389,CUST0254,C020,CAM026,2026-05-28,3976,PROD08
ORD01979,CUST1319,C003,CAM011,2026-07-01,5982,PROD09
ORD00059,CUST0038,C003,CAM011,2026-02-23,2029,PROD36
ORD05738,CUST3830,C017,CAM029,2026-03-06,4936,PROD24
ORD08436,CUST5633,C006,CAM008,2026-03-23,3207,PROD17
ORD00319,CUST0210,C018,CAM031,2026-02-28,7186,PROD30
ORD04651,CUST3088,C002,CAM027,2026-06-20,10092,PROD01
ORD03341,CUST2227,C018,CAM018,2026-07-18,6244,PROD45
ORD08330,CUST5566,C018,CAM004,2026-05-27,1404,PROD10
ORD04453,CUST2949,C018,CAM016,2026-01-19,1276,PROD28
ORD05653,CUST3775,C012,CAM024,2026-05-07,1654,PROD26
ORD05703,CUST3808,C009,CAM030,2026-04-06,1714,PROD16
ORD07939,CUST5300,C018,CAM018,2026-06-21,2735,PROD46
ORD06305,CUST4204,C006,CAM008,2026-03-17,4178,PROD43
ORD03829,CUST2550,C004,CAM040,2026-01-24,6982,PROD17
ORD02333,CUST1547,C018,CAM018,2026-05-28,2804,PROD12
ORD01622,CUST1083,C011,CAM001,2026-03-03,3862,PROD31
ORD07998,CUST5342,C011,CAM003,2026-03-15,4450,PROD14
ORD07508,CUST5016,C018,CAM017,2026-06-14,1699,PROD28
ORD06441,CUST4294,C011,CAM003,2026-03-15,1029,PROD49
ORD07010,CUST4676,C009,CAM035,2026-04-15,917,PROD14
ORD04478,CUST2966,C002,CAM002,2026-04-15,9567,PROD21
ORD04793,CUST3186,C008,CAM033,2026-01-28,3269,PROD05
ORD00905,CUST0621,C008,CAM007,2026-01-21,4398,PROD18
ORD06494,CUST4335,C013,CAM006,2026-04-21,801,PROD45
ORD07021,CUST4685,C018,CAM017,2026-04-20,2009,PROD19
ORD01026,CUST0709,C002,CAM027,2026-04-18,3724,PROD20
ORD04391,CUST2910,C009,CAM035,2026-04-09,5265,PROD43
ORD00918,CUST0632,C004,CAM040,2026-05-07,2866,PROD41
ORD06637,CUST4427,C010,CAM012,2026-02-14,780,PROD13
ORD06292,CUST4193,C024,CAM013,2026-06-14,1074,PROD04
ORD07505,CUST5014,C013,CAM006,2026-04-03,979,PROD01
ORD07957,CUST5314,C011,CAM015,2026-05-27,8047,PROD17
ORD00164,CUST0100,C005,CAM021,2026-06-01,200,PROD14
ORD04602,CUST3052,C007,CAM037,2026-01-05,5407,PROD31
ORD05122,CUST3418,C018,CAM018,2026-05-30,5022,PROD14
ORD08410,CUST5614,C013,CAM006,2026-04-12,5152,PROD21
ORD00232,CUST0148,C018,CAM004,2026-06-25,3639,PROD29
ORD04540,CUST3012,C003,CAM011,2026-02-23,1222,PROD22
ORD05546,CUST3709,C017,CAM029,2026-02-25,4681,PROD08
ORD08285,CUST5531,C013,CAM032,2026-03-13,5513,PROD01
ORD03324,CUST2215,C011,CAM003,2026-03-15,5482,PROD48
ORD00166,CUST0102,C018,CAM016,2026-01-27,2104,PROD27
ORD04275,CUST2830,C005,CAM021,2026-05-31,2185,PROD01
ORD08030,CUST5365,C023,CAM010,2026-04-08,1810,PROD34
ORD08411,CUST5615,C018,CAM039,2026-01-28,1238,PROD25
ORD04539,CUST3011,C006,CAM008,2026-03-19,6965,PROD34
ORD00162,CUST0098,C011,CAM003,2026-06-24,2105,PROD42
ORD08098,CUST5408,C023,CAM010,2026-04-09,3680,PROD35
ORD00521,CUST0347,C011,CAM009,2026-04-16,1410,PROD31
ORD04467,CUST2958,C021,CAM025,2026-02-19,1608,PROD41
ORD00791,CUST0546,C021,CAM025,2026-03-06,3062,PROD45
ORD05271,CUST3522,C018,CAM039,2026-01-25,4079,PROD50
ORD05516,CUST3686,C024,CAM013,2026-06-01,3350,PROD45
ORD07975,CUST5327,C003,CAM011,2026-03-15,895,PROD21
ORD04129,CUST2733,C017,CAM029,2026-02-24,5533,PROD45
ORD05844,CUST3902,C018,CAM004,2026-05-23,338,PROD04
ORD06102,CUST4069,C021,CAM025,2026-02-24,10687,PROD35
ORD07715,CUST5158,C010,CAM012,2026-02-14,2800,PROD01
ORD02479,CUST1635,C018,CAM031,2026-02-10,3444,PROD23
ORD02699,CUST1794,C005,CAM021,2026-06-30,4051,PROD37
ORD01784,CUST1199,C004,CAM040,2026-05-23,1301,PROD09
ORD06147,CUST4103,C010,CAM038,2026-03-11,3347,PROD17
ORD08365,CUST5590,C005,CAM021,2026-05-24,2172,PROD07
ORD02731,CUST1813,C011,CAM015,2026-05-26,1678,PROD46
ORD03456,CUST2305,C013,CAM032,2026-03-30,4556,PROD15
ORD05527,CUST3695,C007,CAM037,2026-01-12,2531,PROD46
ORD00972,CUST0667,C006,CAM008,2026-05-12,5339,PROD49
ORD08972,CUST5998,C011,CAM009,2026-05-20,1401,PROD16
ORD06167,CUST4110,C005,CAM021,2026-09-02,5540,PROD24
ORD02304,CUST1534,C023,CAM005,2026-07-18,690,PROD42
ORD04883,CUST3251,C023,CAM010,2026-04-26,6951,PROD42
ORD01865,CUST1249,C023,CAM010,2026-05-21,3109,PROD46
ORD05028,CUST3351,C009,CAM030,2026-04-02,1821,PROD35
ORD02159,CUST1441,C014,CAM014,2026-07-27,6801,PROD07
ORD02621,CUST1733,C010,CAM012,2026-02-06,3342,PROD32
ORD06334,CUST4224,C009,CAM030,2026-04-08,367,PROD24
ORD04070,CUST2691,C014,CAM014,2026-07-05,6171,PROD45
ORD03901,CUST2596,C011,CAM003,2026-05-09,1435,PROD16
ORD01042,CUST0722,C017,CAM029,2026-04-07,3587,PROD25
ORD06971,CUST4647,C002,CAM027,2026-05-04,5688,PROD22
ORD08497,CUST5674,C003,CAM011,2026-03-18,5116,PROD35
ORD02624,CUST1735,C017,CAM029,2026-02-23,1277,PROD11
ORD01775,CUST1193,C023,CAM005,2026-06-05,7735,PROD45
ORD04212,CUST2787,C020,CAM026,2026-04-20,3448,PROD05
ORD03860,CUST2570,C009,CAM030,2026-04-02,1512,PROD45
ORD07934,CUST5296,C018,CAM017,2026-05-04,10278,PROD40
ORD01638,CUST1096,C007,CAM036,2026-01-02,6129,PROD28
ORD04294,CUST2845,C008,CAM033,2026-02-11,5554,PROD03
ORD08561,CUST5709,C006,CAM008,2026-03-20,3115,PROD50
ORD07681,CUST5136,C005,CAM022,2026-06-04,4817,PROD23
ORD02097,CUST1400,C017,CAM029,2026-03-08,12123,PROD16
ORD06411,CUST4273,C018,CAM017,2026-04-18,1647,PROD11
ORD01597,CUST1064,C002,CAM027,2026-07-01,1013,PROD24
ORD01947,CUST1301,C004,CAM020,2026-02-21,2849,PROD10
ORD08415,CUST5618,C002,CAM027,2026-06-19,5429,PROD20
ORD05177,CUST3453,C018,CAM039,2026-01-24,9331,PROD09
ORD06815,CUST4541,C004,CAM020,2026-02-20,5633,PROD26
ORD03550,CUST2368,C021,CAM025,2026-02-15,2214,PROD42
ORD04861,CUST3238,C010,CAM012,2026-02-09,4971,PROD46
ORD00191,CUST0122,C012,CAM024,2026-05-14,1571,PROD47
ORD01746,CUST1173,C004,CAM020,2026-02-12,4622,PROD42
ORD04208,CUST2785,C018,CAM039,2026-02-11,8735,PROD13
ORD04300,CUST2848,C004,CAM040,2026-03-20,2625,PROD08
ORD02366,CUST1563,C008,CAM033,2026-04-25,2448,PROD27
ORD03206,CUST2147,C009,CAM035,2026-04-27,12669,PROD26
ORD07795,CUST5211,C023,CAM010,2026-04-14,4274,PROD41
ORD06211,CUST4136,C018,CAM018,2026-06-07,1688,PROD19
ORD04094,CUST2709,C020,CAM026,2026-05-07,8250,PROD19
ORD00610,CUST0408,C017,CAM029,2026-02-11,301,PROD47
ORD01160,CUST0785,C013,CAM032,2026-03-24,2742,PROD32
ORD08110,CUST5413,C007,CAM037,2026-03-03,6744,PROD25
ORD08815,CUST5889,C018,CAM016,2026-01-24,3583,PROD24
ORD06581,CUST4394,C014,CAM014,2026-05-14,4585,PROD10
ORD02205,CUST1472,C004,CAM020,2026-02-08,1546,PROD35
ORD00524,CUST0349,C018,CAM039,2026-01-22,3153,PROD49
ORD08265,CUST5521,C020,CAM026,2026-06-04,6830,PROD01
ORD02108,CUST1408,C002,CAM027,2026-05-16,2434,PROD25
ORD01118,CUST0760,C013,CAM032,2026-06-04,6746,PROD19
ORD04701,CUST3125,C024,CAM013,2026-05-17,988,PROD21
ORD08721,CUST5829,C003,CAM011,2026-05-10,949,PROD35
ORD07166,CUST4786,C014,CAM014,2026-05-10,7977,PROD42
ORD00584,CUST0391,C005,CAM021,2026-05-28,1370,PROD50
ORD05371,CUST3582,C018,CAM004,2026-05-28,4866,PROD46
ORD05190,CUST3466,C006,CAM008,2026-03-16,4410,PROD07
ORD07194,CUST4807,C020,CAM026,2026-05-04,1482,PROD50
ORD08613,CUST5750,C020,CAM026,2026-06-26,8629,PROD12
ORD01335,CUST0902,C018,CAM039,2026-01-23,7359,PROD46
ORD00534,CUST0356,C004,CAM040,2026-03-21,627,PROD31
ORD01800,CUST1210,C009,CAM034,2026-07-02,4139,PROD29
ORD07648,CUST5109,C010,CAM012,2026-03-03,392,PROD45
ORD04168,CUST2758,C007,CAM037,2026-01-05,2206,PROD47
ORD08431,CUST5629,C018,CAM016,2026-01-27,2024,PROD01
ORD01716,CUST1153,C011,CAM009,2026-05-03,2557,PROD04
ORD01605,CUST1072,C021,CAM025,2026-03-06,1718,PROD39
ORD03682,CUST2453,C007,CAM037,2026-02-18,1872,PROD29
ORD04314,CUST2857,C018,CAM016,2026-01-28,8342,PROD43
ORD07347,CUST4899,C013,CAM006,2026-04-21,11589,PROD47
ORD03097,CUST2076,C014,CAM014,2026-05-06,4475,PROD14
ORD03384,CUST2250,C011,CAM003,2026-03-16,6261,PROD40
ORD00260,CUST0169,C013,CAM006,2026-04-16,5246,PROD32
ORD01356,CUST0915,C011,CAM009,2026-04-12,388,PROD32
ORD04593,CUST3046,C011,CAM015,2026-07-03,4504,PROD36
ORD07185,CUST4801,C004,CAM020,2026-02-11,10403,PROD23
ORD08574,CUST5717,C018,CAM004,2026-06-22,842,PROD32
ORD05826,CUST3888,C018,CAM016,2026-01-16,3078,PROD22
ORD02164,CUST1442,C004,CAM040,2026-02-06,2242,PROD25
ORD08716,CUST5826,C011,CAM015,2026-08-17,2232,PROD49
ORD06801,CUST4529,C011,CAM001,2026-06-20,2741,PROD09
ORD00046,CUST0029,C009,CAM034,2026-05-23,1596,PROD37
ORD07828,CUST5226,C003,CAM011,2026-03-14,3297,PROD02
ORD08711,CUST5823,C004,CAM040,2026-06-20,5181,PROD49
ORD03588,CUST2395,C002,CAM002,2026-04-16,3207,PROD13
ORD08011,CUST5351,C005,CAM022,2026-06-14,4455,PROD02
ORD04653,CUST3090,C018,CAM039,2026-01-27,3448,PROD41
ORD06073,CUST4047,C024,CAM013,2026-09-15,1006,PROD40
ORD04437,CUST2938,C009,CAM030,2026-07-22,2263,PROD19
ORD02456,CUST1619,C009,CAM034,2026-08-01,806,PROD35
ORD02427,CUST1602,C009,CAM034,2026-05-12,3313,PROD12
ORD04663,CUST3097,C018,CAM017,2026-08-16,1329,PROD19
ORD06527,CUST4359,C017,CAM029,2026-06-04,13959,PROD36
ORD04991,CUST3324,C018,CAM039,2026-01-26,5134,PROD02
ORD01554,CUST1039,C007,CAM037,2026-03-24,4357,PROD11
ORD00773,CUST0531,C012,CAM024,2026-05-13,4015,PROD16
ORD01784,CUST1199,C004,CAM040,2026-05-23,1301,PROD09
ORD00224,CUST0144,C018,CAM017,2026-05-14,5641,PROD31
ORD01780,CUST1197,C013,CAM023,2026-04-11,5034,PROD06
ORD04073,CUST2694,C007,CAM028,2026-03-27,9660,PROD29
ORD01243,CUST0839,C011,CAM009,2026-04-23,2213,PROD16
ORD04069,CUST2691,C014,CAM014,2026-05-14,829,PROD37
ORD03280,CUST2194,C004,CAM040,2026-03-05,3082,PROD14
ORD04997,CUST3328,C023,CAM005,2026-06-07,1840,PROD33
ORD02190,CUST1459,C009,CAM034,2026-05-14,3031,PROD27
ORD04185,CUST2769,C002,CAM027,2026-04-26,14651,PROD43
ORD04151,CUST2746,C002,CAM027,2026-06-17,1709,PROD03
ORD00805,CUST0552,C002,CAM027,2026-04-29,661,PROD03
ORD01250,CUST0844,C011,CAM015,2026-05-29,3887,PROD44
ORD00013,CUST0009,C009,CAM035,2026-06-08,6518,PROD14
ORD01716,CUST1153,C011,CAM009,2026-05-03,2557,PROD04
ORD03936,CUST2616,C005,CAM021,2026-06-17,6378,PROD11
ORD04300,CUST2848,C004,CAM040,2026-03-20,2625,PROD08
ORD06688,CUST4455,C023,CAM005,2026-05-28,5213,PROD37
ORD02854,CUST1898,C009,CAM030,2026-05-16,6425,PROD09
ORD08390,CUST5603,C023,CAM010,2026-06-01,1918,PROD41
ORD05493,CUST3674,C011,CAM001,2026-03-11,2529,PROD39
ORD03573,CUST2386,C013,CAM032,2026-03-21,1034,PROD48
ORD06474,CUST4316,C023,CAM010,2026-04-14,12011,PROD24
ORD08829,CUST5900,C002,CAM002,2026-04-16,263,PROD32
ORD06707,CUST4468,C014,CAM014,2026-05-07,2168,PROD11
ORD08500,CUST5676,C013,CAM006,2026-04-27,6459,PROD02
ORD08653,CUST5784,C013,CAM006,2026-04-27,5350,PROD36
ORD05262,CUST3516,C004,CAM040,2026-01-30,1000,PROD22
ORD06220,CUST4143,C006,CAM008,2026-03-22,818,PROD49
ORD02362,CUST1561,C017,CAM029,2026-02-17,4009,PROD27
ORD05526,CUST3694,C017,CAM029,2026-02-26,807,PROD28
ORD06820,CUST4544,C009,CAM030,2026-06-25,3271,PROD08
ORD02886,CUST1920,C018,CAM018,2026-07-21,2616,PROD27
ORD08326,CUST5563,C007,CAM037,2026-01-14,2899,PROD46
ORD06651,CUST4437,C005,CAM022,2026-06-14,8439,PROD44
ORD01540,CUST1033,C017,CAM029,2026-03-02,5266,PROD26
ORD08491,CUST5668,C018,CAM004,2026-07-16,2302,PROD09
ORD05999,CUST4004,C008,CAM007,2026-01-26,9036,PROD45
ORD06713,CUST4471,C014,CAM014,2026-05-13,668,PROD20
ORD07855,CUST5248,C018,CAM039,2026-01-21,1086,PROD18
ORD01710,CUST1149,C021,CAM025,2026-02-24,4266,PROD49
ORD05072,CUST3382,C004,CAM040,2026-02-02,4451,PROD22
ORD05434,CUST3630,C013,CAM006,2026-04-03,795,PROD49
ORD05757,CUST3840,C009,CAM034,2026-06-29,6741,PROD46
ORD03819,CUST2545,C018,CAM031,2026-03-29,1350,PROD39
ORD06264,CUST4175,C013,CAM023,2026-05-30,4089,PROD05
ORD04346,CUST2878,C013,CAM006,2026-10-01,5180,PROD45
ORD00793,CUST0547,C009,CAM035,2026-04-28,5865,PROD49
ORD02689,CUST1788,C007,CAM037,2026-01-11,9725,PROD22
ORD07959,CUST5316,C013,CAM006,2026-04-18,7140,PROD11
ORD06050,CUST4037,C005,CAM021,2026-10-04,5124,PROD19
ORD05227,CUST3491,C008,CAM033,2026-02-21,3088,PROD21
ORD05330,CUST3560,C009,CAM034,2026-05-27,1822,PROD19
ORD04270,CUST2826,C009,CAM034,2026-07-13,6198,PROD25
ORD05837,CUST3897,C009,CAM034,2026-06-05,2521,PROD15
ORD04845,CUST3224,C010,CAM038,2026-03-09,6949,PROD18
ORD04041,CUST2673,C020,CAM026,2026-05-15,4130,PROD18
ORD08025,CUST5360,C007,CAM028,2026-03-27,1537,PROD01
ORD01816,CUST1219,C007,CAM037,2026-01-08,3331,PROD29
ORD00979,CUST0672,C009,CAM034,2026-06-05,2935,PROD49
ORD08301,CUST5542,C003,CAM011,2026-02-23,9309,PROD16
ORD00732,CUST0499,C005,CAM022,2026-06-12,4111,PROD06
ORD03105,CUST2082,C012,CAM024,2026-05-10,572,PROD15
ORD07997,CUST5341,C013,CAM023,2026-06-07,2726,PROD23
ORD00581,CUST0388,C007,CAM028,2026-03-18,1152,PROD48
ORD08234,CUST5495,C023,CAM005,2026-06-04,2519,PROD06
ORD01892,CUST1263,C017,CAM029,2026-05-29,3911,PROD26
ORD05114,CUST3410,C007,CAM036,2026-01-08,3355,PROD37
ORD03861,CUST2571,C011,CAM009,2026-04-21,4856,PROD45
ORD06688,CUST4455,C023,CAM005,2026-05-28,5213,PROD37
ORD03568,CUST2382,C002,CAM027,2026-04-20,5430,PROD22
ORD07436,CUST4968,C012,CAM024,2026-05-29,5401,PROD45
ORD08560,CUST5708,C018,CAM031,2026-02-20,3550,PROD21
ORD00881,CUST0605,C013,CAM019,2026-06-01,6284,PROD28
ORD06794,CUST4525,C004,CAM040,2026-02-06,2162,PROD39
ORD06091,CUST4059,C013,CAM006,2026-04-07,6850,PROD03
ORD06673,CUST4447,C018,CAM004,2026-05-28,2256,PROD20
ORD04425,CUST2932,C023,CAM005,2026-05-23,5958,PROD27
ORD04203,CUST2782,C018,CAM039,2026-01-30,1852,PROD34
ORD01866,CUST1249,C023,CAM010,2026-05-30,3816,PROD01
ORD08800,CUST5879,C011,CAM009,2026-04-19,2726,PROD45
ORD08162,CUST5448,C018,CAM031,2026-02-15,4290,PROD37
ORD00475,CUST0314,C018,CAM016,2026-01-22,3776,PROD24
ORD03034,CUST2027,C008,CAM033,2026-02-16,4360,PROD05
ORD04224,CUST2796,C007,CAM036,2026-01-02,8804,PROD25
ORD00011,CUST0009,C009,CAM035,2026-04-11,212,PROD16
ORD08901,CUST5949,C005,CAM021,2026-06-01,5506,PROD13
ORD04558,CUST3024,C023,CAM005,2026-06-01,5932,PROD21
ORD02472,CUST1629,C011,CAM003,2026-04-08,7125,PROD13
ORD01880,CUST1257,C020,CAM026,2026-06-22,1689,PROD23
ORD00945,CUST0649,C007,CAM028,2026-03-25,1973,PROD29
ORD07408,CUST4943,C009,CAM035,2026-04-09,1902,PROD25
ORD00676,CUST0458,C013,CAM032,2026-03-31,2853,PROD39
ORD08668,CUST5794,C013,CAM032,2026-03-18,2864,PROD33
ORD08197,CUST5472,C018,CAM004,2026-05-22,1799,PROD10
ORD06789,CUST4523,C011,CAM001,2026-02-25,2616,PROD43
ORD02631,CUST1742,C009,CAM030,2026-04-07,3716,PROD31
ORD02683,CUST1783,C024,CAM013,2026-09-03,1517,PROD01
ORD01889,CUST1263,C017,CAM029,2026-02-05,5581,PROD36
ORD07913,CUST5280,C014,CAM014,2026-05-15,6944,PROD12
ORD01965,CUST1310,C005,CAM021,2026-09-14,8666,PROD11
ORD00134,CUST0081,C008,CAM007,2026-01-19,2516,PROD30
ORD02912,CUST1941,C003,CAM011,2026-04-08,279,PROD41
ORD01854,CUST1241,C008,CAM033,2026-04-18,2583,PROD25
ORD06105,CUST4072,C014,CAM014,2026-05-01,15000,PROD15
ORD00898,CUST0615,C013,CAM032,2026-03-09,5668,PROD22
ORD08608,CUST5747,C023,CAM010,2026-04-11,1810,PROD42
ORD03717,CUST2478,C006,CAM008,2026-03-25,2712,PROD34
ORD08805,CUST5882,C010,CAM012,2026-04-10,5560,PROD26
ORD03177,CUST2132,C023,CAM005,2026-07-18,1149,PROD36
ORD06709,CUST4469,C006,CAM008,2026-05-15,4164,PROD19
ORD06961,CUST4638,C018,CAM018,2026-06-18,2771,PROD44
ORD03119,CUST2092,C018,CAM004,2026-05-26,4684,PROD10
ORD01284,CUST0865,C008,CAM007,2026-03-19,7247,PROD04
ORD06772,CUST4515,C002,CAM027,2026-05-16,2399,PROD32
ORD07788,CUST5207,C014,CAM014,2026-05-11,2748,PROD49
ORD04824,CUST3212,C018,CAM016,2026-03-01,1689,PROD33
ORD04231,CUST2800,C009,CAM035,2026-06-19,6090,PROD49
ORD00368,CUST0247,C002,CAM002,2026-04-13,4598,PROD44
ORD01816,CUST1219,C007,CAM037,2026-01-08,3331,PROD29
ORD00348,CUST0235,C024,CAM013,2026-06-03,4746,PROD24
ORD03438,CUST2291,C018,CAM016,2026-01-22,4319,PROD19
ORD05251,CUST3506,C021,CAM025,2026-03-04,4887,PROD32
ORD02999,CUST1999,C009,CAM030,2026-04-08,969,PROD01
ORD08625,CUST5760,C018,CAM031,2026-02-16,631,PROD06
ORD00774,CUST0532,C013,CAM023,2026-04-08,3135,PROD13
ORD05876,CUST3927,C010,CAM012,2026-01-29,2479,PROD30
ORD01766,CUST1187,C009,CAM030,2026-05-06,3723,PROD34
ORD03844,CUST2558,C012,CAM024,2026-07-20,1081,PROD47
ORD04776,CUST3173,C007,CAM036,2026-01-09,1622,PROD39
ORD08320,CUST5558,C007,CAM036,2026-01-21,6312,PROD14
ORD04680,CUST3109,C010,CAM012,2026-02-11,1641,PROD07
ORD02950,CUST1968,C018,CAM004,2026-05-27,5062,PROD09
ORD07733,CUST5170,C008,CAM007,2026-01-24,5582,PROD39
ORD04906,CUST3263,C018,CAM018,2026-06-29,1722,PROD21
ORD08765,CUST5857,C013,CAM006,2026-04-27,2695,PROD20
ORD03175,CUST2131,C021,CAM025,2026-02-19,5004,PROD29
ORD06573,CUST4388,C014,CAM014,2026-05-06,3058,PROD32
ORD04845,CUST3224,C010,CAM038,2026-03-09,6949,PROD18
ORD08606,CUST5745,C023,CAM010,2026-04-09,2162,PROD04
ORD05075,CUST3384,C004,CAM020,2026-02-25,2653,PROD41
ORD08272,CUST5524,C007,CAM037,2026-01-11,8246,PROD49
ORD06402,CUST4267,C018,CAM017,2026-04-30,3547,PROD47
ORD07279,CUST4854,C023,CAM010,2026-06-07,5998,PROD18
ORD01591,CUST1061,C003,CAM011,2026-02-27,1788,PROD12
ORD05609,CUST3747,C005,CAM021,2026-09-30,839,PROD32
ORD04345,CUST2878,C013,CAM006,2026-09-01,5092,PROD09
ORD04249,CUST2812,C002,CAM002,2026-04-28,8069,PROD34
ORD06729,CUST4483,C013,CAM032,2026-05-11,1842,PROD47
ORD04538,CUST3010,C003,CAM011,2026-03-06,2819,PROD48
ORD05566,CUST3723,C004,CAM040,2026-02-21,7555,PROD23
ORD07663,CUST5120,C023,CAM010,2026-05-05,406,PROD44
ORD01964,CUST1310,C005,CAM021,2026-07-24,7879,PROD26
ORD03653,CUST2436,C013,CAM032,2026-03-17,1659,PROD02
ORD08429,CUST5627,C017,CAM029,2026-02-11,2113,PROD15
ORD07955,CUST5312,C013,CAM023,2026-04-10,2926,PROD30
ORD08251,CUST5508,C003,CAM011,2026-03-18,4529,PROD10
ORD05311,CUST3544,C018,CAM018,2026-06-24,980,PROD43
ORD04498,CUST2986,C023,CAM010,2026-04-15,1863,PROD45
ORD04159,CUST2749,C011,CAM001,2026-06-12,8246,PROD42
ORD08108,CUST5413,C007,CAM037,2026-01-12,3187,PROD06
ORD04800,CUST3192,C005,CAM021,2026-06-16,3256,PROD43
ORD07954,CUST5311,C014,CAM014,2026-05-16,2620,PROD39
ORD04599,CUST3049,C009,CAM035,2026-04-08,12465,PROD21
ORD08174,CUST5454,C020,CAM026,2026-05-11,4744,PROD30
ORD05973,CUST3991,C002,CAM002,2026-07-07,3612,PROD50
ORD04819,CUST3209,C023,CAM010,2026-04-11,7108,PROD13
ORD07304,CUST4868,C004,CAM040,2026-02-06,4449,PROD11
ORD02100,CUST1403,C012,CAM024,2026-05-07,5337,PROD06
ORD05502,CUST3680,C002,CAM027,2026-05-01,5159,PROD42
ORD00818,CUST0559,C004,CAM040,2026-03-04,6107,PROD30
ORD00723,CUST0491,C009,CAM030,2026-04-07,9193,PROD22
ORD07051,CUST4710,C020,CAM026,2026-05-09,4866,PROD40
ORD07991,CUST5338,C004,CAM020,2026-03-12,5404,PROD14
ORD04095,CUST2710,C023,CAM005,2026-05-23,1649,PROD23
ORD02942,CUST1961,C021,CAM025,2026-02-12,7144,PROD24
ORD02725,CUST1810,C010,CAM038,2026-03-05,4378,PROD17
ORD01520,CUST1020,C013,CAM032,2026-05-28,2799,PROD11
ORD04389,CUST2908,C009,CAM030,2026-04-03,4639,PROD03
ORD07703,CUST5149,C023,CAM010,2026-04-08,3746,PROD15
ORD05902,CUST3945,C008,CAM007,2026-01-23,3306,PROD31
ORD08607,CUST5746,C014,CAM014,2026-05-10,2866,PROD12
ORD05578,CUST3732,C003,CAM011,2026-03-10,4579,PROD06
ORD01740,CUST1171,C011,CAM015,2026-06-16,5447,PROD29
ORD06569,CUST4384,C002,CAM027,2026-04-25,10395,PROD13
ORD01168,CUST0790,C009,CAM030,2026-06-04,4223,PROD48
ORD07984,CUST5334,C018,CAM004,2026-05-22,4306,PROD21
ORD07966,CUST5322,C018,CAM017,2026-05-26,7964,PROD01
ORD01813,CUST1218,C002,CAM002,2026-04-15,916,PROD17
ORD05078,CUST3386,C018,CAM017,2026-05-31,5593,PROD23
ORD00813,CUST0556,C011,CAM015,2026-06-06,7641,PROD39
ORD07736,CUST5172,C018,CAM031,2026-03-19,2798,PROD08
ORD03493,CUST2328,C024,CAM013,2026-07-24,1919,PROD18
ORD04804,CUST3195,C013,CAM032,2026-04-01,3003,PROD06
ORD02257,CUST1506,C005,CAM021,2026-06-15,2356,PROD06
ORD06959,CUST4637,C004,CAM040,2026-02-01,5155,PROD35
ORD03778,CUST2512,C011,CAM009,2026-04-12,3583,PROD06
ORD00543,CUST0360,C002,CAM002,2026-07-19,6512,PROD05
ORD01903,CUST1269,C011,CAM003,2026-06-14,1490,PROD17
ORD03660,CUST2441,C004,CAM020,2026-02-18,3580,PROD15
ORD01225,CUST0828,C011,CAM003,2026-03-09,2377,PROD28
ORD07666,CUST5122,C002,CAM027,2026-05-01,4274,PROD45
ORD04704,CUST3128,C011,CAM003,2026-03-11,1212,PROD17
ORD02416,CUST1592,C008,CAM033,2026-02-01,3859,PROD16
ORD01578,CUST1053,C005,CAM022,2026-11-23,3271,PROD09
ORD03270,CUST2189,C004,CAM020,2026-02-07,4609,PROD32
ORD05936,CUST3967,C011,CAM003,2026-03-13,1599,PROD19
ORD05965,CUST3987,C018,CAM017,2026-04-27,6426,PROD42
ORD01263,CUST0851,C021,CAM025,2026-02-26,8021,PROD27
ORD03263,CUST2183,C007,CAM037,2026-01-10,2979,PROD43
ORD05196,CUST3471,C023,CAM005,2026-05-29,1879,PROD22
ORD05897,CUST3942,C004,CAM020,2026-02-10,2220,PROD39
ORD08764,CUST5856,C010,CAM012,2026-03-16,3807,PROD12
ORD04393,CUST2911,C004,CAM040,2026-03-24,6223,PROD01
ORD06295,CUST4195,C007,CAM028,2026-05-22,3347,PROD32
ORD04085,CUST2704,C010,CAM038,2026-05-06,818,PROD38
ORD07008,CUST4674,C013,CAM032,2026-05-04,479,PROD14
ORD00449,CUST0293,C005,CAM021,2026-06-28,4026,PROD12
ORD06216,CUST4140,C007,CAM028,2026-03-17,5096,PROD34
ORD05428,CUST3625,C009,CAM034,2026-06-05,846,PROD13
ORD03774,CUST2508,C018,CAM017,2026-10-26,14126,PROD33
ORD00816,CUST0558,C007,CAM037,2026-01-11,4705,PROD42
ORD02436,CUST1608,C005,CAM021,2026-07-23,697,PROD34
ORD07633,CUST5102,C018,CAM016,2026-01-28,1783,PROD10
ORD04765,CUST3167,C021,CAM025,2026-02-12,5805,PROD17
ORD06875,CUST4575,C009,CAM034,2026-07-12,2440,PROD07
ORD02698,CUST1794,C005,CAM021,2026-06-05,6226,PROD20
ORD08122,CUST5423,C003,CAM011,2026-04-05,2323,PROD01
ORD04806,CUST3197,C012,CAM024,2026-05-10,4561,PROD48
ORD00337,CUST0224,C003,CAM011,2026-02-26,2370,PROD42
ORD03310,CUST2206,C008,CAM007,2026-04-07,1907,PROD31
ORD04610,CUST3057,C006,CAM008,2026-03-21,2752,PROD31
ORD05478,CUST3663,C004,CAM040,2026-02-06,681,PROD13
ORD08109,CUST5413,C007,CAM037,2026-01-23,1607,PROD14
ORD07706,CUST5151,C010,CAM012,2026-01-23,2097,PROD12
ORD01371,CUST0922,C005,CAM021,2026-08-02,6910,PROD41
ORD01420,CUST0951,C011,CAM001,2026-04-22,1112,PROD04
ORD08429,CUST5627,C017,CAM029,2026-02-11,2113,PROD15
ORD08932,CUST5972,C005,CAM022,2026-06-08,3061,PROD02
ORD08812,CUST5886,C006,CAM008,2026-04-04,6884,PROD15
ORD06461,CUST4304,C011,CAM003,2026-05-05,3859,PROD29
ORD03142,CUST2105,C013,CAM019,2026-05-21,10206,PROD32
ORD00588,CUST0394,C011,CAM001,2026-03-11,2331,PROD37
ORD02797,CUST1863,C004,CAM020,2026-02-15,3607,PROD36
ORD00844,CUST0581,C004,CAM040,2026-01-30,5098,PROD26
ORD07966,CUST5322,C018,CAM017,2026-05-26,7964,PROD01
ORD00114,CUST0071,C009,CAM035,2026-04-09,1316,PROD38
ORD06698,CUST4460,C011,CAM009,2026-07-08,2063,PROD02
ORD01528,CUST1025,C011,CAM001,2026-03-11,4963,PROD03
ORD03948,CUST2625,C011,CAM003,2026-03-12,1485,PROD43
ORD08689,CUST5807,C013,CAM032,2026-03-22,3818,PROD16
ORD02965,CUST1978,C018,CAM039,2026-01-29,3717,PROD02
ORD05432,CUST3628,C018,CAM031,2026-02-22,3734,PROD01
ORD08256,CUST5513,C011,CAM009,2026-04-20,4538,PROD01
ORD01766,CUST1187,C009,CAM030,2026-05-06,3723,PROD34
ORD08394,CUST5606,C011,CAM015,2026-06-26,3474,PROD49
ORD06956,CUST4634,C014,CAM014,2026-05-13,4368,PROD10
ORD01267,CUST0853,C007,CAM037,2026-03-27,2840,PROD39
ORD01718,CUST1153,C011,CAM009,2026-07-15,2739,PROD35
ORD04134,CUST2735,C020,CAM026,2026-07-24,1678,PROD33
ORD08803,CUST5881,C013,CAM006,2026-04-17,2514,PROD50
ORD00324,CUST0213,C018,CAM004,2026-05-23,4960,PROD20
ORD07851,CUST5246,C010,CAM038,2026-03-06,4263,PROD45
ORD00528,CUST0353,C008,CAM007,2026-01-18,994,PROD24
ORD02008,CUST1335,C007,CAM036,2026-03-23,14476,PROD25
ORD00127,CUST0077,C009,CAM035,2026-04-09,1452,PROD25
ORD02114,CUST1412,C018,CAM004,2026-05-18,1520,PROD20
ORD06165,CUST4110,C005,CAM021,2026-06-15,251,PROD07
ORD08409,CUST5613,C013,CAM019,2026-12-06,2736,PROD05
ORD07127,CUST4759,C018,CAM004,2026-06-20,1302,PROD14
ORD04623,CUST3066,C023,CAM005,2026-05-31,5744,PROD12
ORD00314,CUST0207,C007,CAM036,2026-01-14,7044,PROD34
ORD08603,CUST5743,C004,CAM020,2026-02-18,1630,PROD45
ORD03991,CUST2647,C002,CAM002,2026-04-10,9215,PROD38
ORD05263,CUST3517,C018,CAM018,2026-06-16,7201,PROD47
ORD07181,CUST4798,C023,CAM005,2026-06-07,2378,PROD49
ORD01726,CUST1160,C005,CAM021,2026-06-12,5176,PROD12
ORD00440,CUST0287,C017,CAM029,2026-02-18,2690,PROD18
ORD00103,CUST0061,C010,CAM012,2026-02-10,8558,PROD34
ORD01625,CUST1085,C002,CAM002,2026-04-17,690,PROD12
ORD03310,CUST2206,C008,CAM007,2026-04-07,1907,PROD31
ORD07490,CUST5003,C009,CAM030,2026-04-07,4267,PROD35
ORD00291,CUST0190,C017,CAM029,2026-02-16,5841,PROD22
ORD08737,CUST5840,C009,CAM035,2026-04-08,1472,PROD22
ORD05764,CUST3847,C023,CAM005,2026-06-07,6377,PROD26
ORD01332,CUST0899,C024,CAM013,2026-05-20,3390,PROD25
ORD02118,CUST1415,C007,CAM037,2026-01-30,7190,PROD18
ORD04679,CUST3108,C009,CAM035,2026-04-11,2311,PROD10
ORD00054,CUST0034,C007,CAM037,2026-01-08,6652,PROD09
ORD02784,CUST1850,C011,CAM009,2026-04-17,4159,PROD28
ORD05974,CUST3991,C002,CAM002,2026-07-19,3099,PROD38
ORD05538,CUST3702,C024,CAM013,2026-05-28,1555,PROD06
ORD02721,CUST1807,C006,CAM008,2026-03-20,1794,PROD32
ORD08836,CUST5905,C014,CAM014,2026-05-05,3080,PROD39
ORD04436,CUST2938,C009,CAM030,2026-07-03,1938,PROD46
ORD01332,CUST0899,C024,CAM013,2026-05-20,3390,PROD25
ORD07439,CUST4971,C012,CAM024,2026-05-11,3675,PROD10
ORD00595,CUST0399,C009,CAM034,2026-05-29,1194,PROD32
ORD06480,CUST4321,C013,CAM023,2026-04-17,3065,PROD50
ORD06729,CUST4483,C013,CAM032,2026-05-11,1842,PROD47
ORD02357,CUST1558,C010,CAM012,2026-02-12,3614,PROD07
ORD04978,CUST3314,C017,CAM029,2026-01-30,3015,PROD03
ORD05621,CUST3753,C007,CAM036,2026-01-15,882,PROD35
ORD02343,CUST1553,C018,CAM039,2026-01-27,3075,PROD16
ORD00078,CUST0048,C018,CAM031,2026-02-16,1651,PROD43
ORD02221,CUST1482,C009,CAM035,2026-05-29,1006,PROD48
ORD08073,CUST5393,C018,CAM004,2026-05-19,2376,PROD11
ORD07118,CUST4755,C008,CAM033,2026-02-22,1164,PROD10
ORD02211,CUST1477,C007,CAM028,2026-03-29,6605,PROD37
ORD04714,CUST3135,C011,CAM001,2026-03-06,1530,PROD32
ORD08060,CUST5385,C018,CAM004,2026-05-27,2390,PROD23
ORD07210,CUST4816,C009,CAM035,2026-04-08,3302,PROD37
ORD05905,CUST3945,C008,CAM007,2026-04-18,3843,PROD22
ORD05754,CUST3838,C008,CAM033,2026-02-22,7605,PROD48
ORD08887,CUST5940,C023,CAM010,2026-06-13,8517,PROD20
ORD04566,CUST3030,C018,CAM018,2026-06-01,3039,PROD27
ORD07073,CUST4725,C007,CAM037,2026-02-21,2074,PROD31
ORD03658,CUST2439,C010,CAM038,2026-03-11,6588,PROD29
ORD01144,CUST0775,C008,CAM033,2026-01-30,2187,PROD42
ORD02345,CUST1553,C018,CAM039,2026-03-23,3090,PROD07
ORD08376,CUST5595,C017,CAM029,2026-02-19,1387,PROD06
ORD06479,CUST4320,C005,CAM022,2026-06-29,5758,PROD11
ORD01586,CUST1057,C002,CAM002,2026-08-11,986,PROD26
ORD03929,CUST2610,C011,CAM009,2026-04-28,1267,PROD18
ORD08660,CUST5787,C023,CAM010,2026-04-12,1635,PROD41
ORD03218,CUST2154,C002,CAM002,2026-05-26,6442,PROD48
ORD06313,CUST4207,C023,CAM010,2026-06-28,1592,PROD11
ORD02765,CUST1836,C009,CAM030,2026-05-17,3341,PROD07
ORD01763,CUST1186,C002,CAM002,2026-04-11,1947,PROD07
ORD04635,CUST3076,C007,CAM037,2026-01-15,8445,PROD38
ORD06578,CUST4392,C002,CAM002,2026-05-12,9850,PROD31
ORD03249,CUST2174,C009,CAM034,2026-05-22,2225,PROD08
ORD02507,CUST1653,C018,CAM004,2026-05-22,1185,PROD04
ORD00283,CUST0185,C006,CAM008,2026-03-23,3811,PROD25
ORD04560,CUST3026,C020,CAM026,2026-04-30,3334,PROD43
ORD08637,CUST5768,C018,CAM031,2026-02-25,1148,PROD49
ORD07570,CUST5059,C011,CAM015,2026-05-29,6374,PROD06
ORD05825,CUST3887,C023,CAM010,2026-05-23,3559,PROD32
ORD00605,CUST0406,C005,CAM022,2026-06-09,4063,PROD24
ORD07949,CUST5308,C002,CAM027,2026-05-01,3367,PROD38
ORD01187,CUST0802,C009,CAM030,2026-04-02,6463,PROD11
ORD06490,CUST4331,C018,CAM031,2026-03-03,1464,PROD21
ORD02715,CUST1802,C013,CAM019,2026-06-14,1907,PROD39
ORD02241,CUST1496,C008,CAM007,2026-01-24,4294,PROD42
ORD00900,CUST0617,C011,CAM015,2026-05-28,4575,PROD42
ORD00658,CUST0445,C023,CAM010,2026-04-08,6239,PROD33
ORD00195,CUST0126,C014,CAM014,2026-05-09,1304,PROD21
ORD01134,CUST0768,C008,CAM033,2026-06-24,5867,PROD04
ORD04242,CUST2809,C014,CAM014,2026-05-08,3984,PROD50
ORD07975,CUST5327,C003,CAM011,2026-03-15,895,PROD21
ORD04009,CUST2657,C021,CAM025,2026-03-08,9716,PROD20
ORD04995,CUST3326,C018,CAM017,2026-05-16,1764,PROD29
ORD06201,CUST4129,C011,CAM009,2026-06-07,4110,PROD04
ORD00993,CUST0685,C009,CAM030,2026-03-31,4125,PROD46
ORD06660,CUST4440,C013,CAM006,2026-04-07,5221,PROD39
ORD03818,CUST2545,C018,CAM031,2026-03-22,2166,PROD37
ORD03870,CUST2577,C018,CAM016,2026-01-16,7610,PROD31
ORD08522,CUST5688,C011,CAM003,2026-03-12,5753,PROD11
ORD01696,CUST1140,C013,CAM019,2026-05-15,1745,PROD27
ORD06907,CUST4594,C009,CAM030,2026-04-02,3018,PROD48
ORD03514,CUST2346,C008,CAM007,2026-02-26,3814,PROD46
ORD06429,CUST4285,C018,CAM004,2026-07-02,1193,PROD50
ORD07532,CUST5033,C012,CAM024,2026-05-13,3533,PROD22
ORD07964,CUST5321,C008,CAM033,2026-01-30,3174,PROD40
ORD03481,CUST2320,C007,CAM036,2026-01-23,4728,PROD23
ORD02502,CUST1648,C007,CAM037,2026-01-30,2402,PROD32
ORD06653,CUST4437,C005,CAM022,2026-08-05,2779,PROD39
ORD03684,CUST2455,C018,CAM031,2026-02-17,3943,PROD45
ORD03147,CUST2109,C013,CAM019,2026-05-16,4490,PROD07
ORD03702,CUST2464,C004,CAM020,2026-02-15,2782,PROD19
ORD06711,CUST4470,C020,CAM026,2026-04-22,1726,PROD24
ORD08907,CUST5955,C013,CAM023,2026-04-13,3269,PROD39
ORD05070,CUST3380,C005,CAM021,2026-11-03,3083,PROD26
ORD01137,CUST0770,C018,CAM039,2026-01-28,7674,PROD36
ORD05661,CUST3783,C011,CAM009,2026-04-10,608,PROD18
ORD07350,CUST4902,C018,CAM016,2026-01-20,2776,PROD18
ORD05452,CUST3642,C023,CAM005,2026-05-24,5674,PROD09
ORD05925,CUST3961,C024,CAM013,2026-06-10,1497,PROD20
ORD06401,CUST4267,C018,CAM017,2026-04-22,872,PROD38
ORD08531,CUST5693,C008,CAM007,2026-01-23,1764,PROD26
ORD06777,CUST4517,C005,CAM021,2026-09-11,1982,PROD48
ORD07183,CUST4799,C023,CAM005,2026-07-08,1686,PROD40
ORD03552,CUST2370,C018,CAM039,2026-01-28,2532,PROD01
ORD07701,CUST5147,C010,CAM038,2026-03-06,2480,PROD15
ORD01732,CUST1165,C021,CAM025,2026-02-22,775,PROD13
ORD03472,CUST2314,C010,CAM038,2026-05-25,2259,PROD37
ORD02115,CUST1413,C018,CAM017,2026-04-19,2090,PROD13
ORD08319,CUST5557,C002,CAM002,2026-04-16,1750,PROD24
ORD08464,CUST5649,C018,CAM031,2026-06-08,1011,PROD36
ORD01489,CUST1004,C011,CAM001,2026-04-20,3410,PROD05
ORD06513,CUST4350,C010,CAM012,2026-01-30,9746,PROD14
ORD02546,CUST1680,C008,CAM007,2026-01-22,1839,PROD23
ORD05565,CUST3723,C004,CAM040,2026-01-20,2111,PROD08
ORD05987,CUST3998,C024,CAM013,2026-08-19,3780,PROD02
ORD00037,CUST0025,C013,CAM019,2026-06-02,2492,PROD04
ORD07702,CUST5148,C014,CAM014,2026-05-16,2320,PROD03
ORD06813,CUST4539,C008,CAM007,2026-01-22,1538,PROD39
ORD06064,CUST4042,C023,CAM005,2026-06-06,2062,PROD36
ORD08202,CUST5475,C023,CAM010,2026-05-28,2503,PROD16
ORD07739,CUST5174,C011,CAM009,2026-04-08,1066,PROD48
ORD03993,CUST2648,C011,CAM015,2026-07-16,1748,PROD38
ORD02550,CUST1683,C010,CAM038,2026-03-03,1441,PROD46
ORD04603,CUST3052,C007,CAM037,2026-01-31,2770,PROD22
ORD02273,CUST1516,C020,CAM026,2026-05-09,2722,PROD29
ORD06816,CUST4542,C008,CAM007,2026-01-25,1793,PROD04
ORD04357,CUST2886,C008,CAM033,2026-02-18,1007,PROD25
ORD06005,CUST4009,C010,CAM038,2026-03-04,6536,PROD38
ORD03140,CUST2104,C013,CAM023,2026-05-26,3015,PROD22
ORD07459,CUST4985,C017,CAM029,2026-04-15,5510,PROD25
ORD03098,CUST2077,C010,CAM038,2026-03-10,2514,PROD22
ORD00196,CUST0126,C014,CAM014,2026-05-25,6711,PROD32
ORD02458,CUST1621,C014,CAM014,2026-05-03,3758,PROD21
ORD02830,CUST1884,C009,CAM030,2026-06-03,2490,PROD19
ORD04579,CUST3038,C018,CAM004,2026-07-25,3224,PROD18
ORD08682,CUST5804,C011,CAM015,2026-05-31,13922,PROD03
ORD03813,CUST2541,C009,CAM034,2026-06-03,4314,PROD26
ORD00830,CUST0568,C010,CAM038,2026-04-16,1488,PROD32
ORD03300,CUST2202,C005,CAM022,2026-10-08,4119,PROD31
ORD00867,CUST0598,C004,CAM020,2026-02-18,5841,PROD21
ORD02190,CUST1459,C009,CAM034,2026-05-14,3031,PROD27
ORD05233,CUST3495,C018,CAM031,2026-03-01,5171,PROD22
ORD01391,CUST0935,C003,CAM011,2026-03-04,4299,PROD44
ORD00205,CUST0133,C008,CAM033,2026-02-06,4306,PROD24
ORD02598,CUST1716,C020,CAM026,2026-04-24,14834,PROD50
ORD04754,CUST3158,C011,CAM001,2026-03-11,4239,PROD01
ORD06195,CUST4124,C009,CAM034,2026-05-27,1087,PROD41
ORD06851,CUST4561,C010,CAM038,2026-03-06,1272,PROD08
ORD05464,CUST3652,C024,CAM013,2026-06-10,2176,PROD10
ORD06908,CUST4595,C011,CAM015,2026-05-31,2521,PROD28
ORD01484,CUST1000,C012,CAM024,2026-05-11,12194,PROD50
ORD06083,CUST4053,C018,CAM017,2026-04-19,2562,PROD43
ORD04740,CUST3149,C023,CAM010,2026-05-12,1852,PROD44
ORD03816,CUST2544,C013,CAM019,2026-05-16,2763,PROD35
ORD07699,CUST5145,C009,CAM030,2026-04-02,2790,PROD02
ORD01663,CUST1114,C009,CAM035,2026-04-17,5591,PROD25
ORD08023,CUST5359,C013,CAM019,2026-05-16,10772,PROD24
ORD01914,CUST1279,C023,CAM010,2026-04-16,6435,PROD04
ORD00260,CUST0169,C013,CAM006,2026-04-16,5246,PROD32
ORD05835,CUST3896,C007,CAM028,2026-03-18,6463,PROD38
ORD06486,CUST4327,C018,CAM031,2026-02-27,1681,PROD18
ORD08833,CUST5903,C023,CAM010,2026-06-11,1373,PROD17
ORD01761,CUST1185,C018,CAM018,2026-06-16,3480,PROD48
ORD08858,CUST5918,C013,CAM006,2026-04-08,6992,PROD15
ORD02676,CUST1778,C002,CAM002,2026-04-15,6155,PROD20
ORD06104,CUST4071,C007,CAM036,2026-01-07,3745,PROD22
ORD05505,CUST3683,C009,CAM035,2026-04-18,2858,PROD08
ORD00248,CUST0159,C018,CAM016,2026-02-22,1505,PROD20
ORD01650,CUST1104,C011,CAM009,2026-04-18,1617,PROD07
ORD06769,CUST4514,C002,CAM002,2026-04-14,582,PROD36
ORD01593,CUST1063,C018,CAM016,2026-01-15,252,PROD32
ORD05803,CUST3871,C018,CAM039,2026-04-19,2958,PROD04
ORD04445,CUST2945,C007,CAM036,2026-01-13,4416,PROD48
ORD07218,CUST4821,C017,CAM029,2026-02-16,5283,PROD27
ORD03393,CUST2256,C023,CAM005,2026-08-03,4091,PROD35
ORD03186,CUST2135,C002,CAM002,2026-08-19,10018,PROD27
ORD04143,CUST2741,C004,CAM040,2026-03-15,10542,PROD35
ORD03430,CUST2284,C013,CAM032,2026-03-14,2712,PROD36
ORD00171,CUST0106,C003,CAM011,2026-04-05,3697,PROD02
ORD06196,CUST4125,C004,CAM040,2026-01-19,2284,PROD16
ORD02743,CUST1822,C024,CAM013,2026-05-25,3551,PROD03
ORD00427,CUST0280,C011,CAM015,2026-07-15,5137,PROD20
ORD00635,CUST0426,C004,CAM020,2026-03-23,1416,PROD20
ORD06237,CUST4153,C007,CAM028,2026-03-15,3916,PROD14
ORD06844,CUST4558,C021,CAM025,2026-02-28,-2230,PROD28
ORD00352,CUST0236,C017,CAM029,2026-02-19,588,PROD07
ORD04900,CUST3260,C011,CAM009,2026-04-18,3296,PROD42
ORD08339,CUST5572,C010,CAM038,2026-03-11,1258,PROD23
ORD04652,CUST3089,C012,CAM024,2026-05-13,2393,PROD04
ORD04247,CUST2811,C021,CAM025,2026-05-04,3190,PROD46
ORD08727,CUST5832,C003,CAM011,2026-03-12,5426,PROD20
ORD01222,CUST0826,C021,CAM025,2026-02-17,7689,PROD20
ORD08393,CUST5606,C011,CAM015,2026-05-25,1002,PROD19
ORD06115,CUST4078,C007,CAM037,2026-02-23,253,PROD29
ORD05863,CUST3916,C011,CAM001,2026-02-26,1343,PROD13
ORD04569,CUST3033,C013,CAM032,2026-03-23,4043,PROD45
ORD00572,CUST0382,C005,CAM022,2026-06-12,7680,PROD39
ORD02134,CUST1428,C011,CAM001,2026-03-11,900,PROD42
ORD07368,CUST4918,C002,CAM002,2026-05-03,3028,PROD14
ORD07542,CUST5039,C018,CAM016,2026-01-19,2819,PROD49
ORD04302,CUST2848,C004,CAM040,2026-05-16,10851,PROD14
ORD08232,CUST5493,C007,CAM037,2026-01-19,4914,PROD30
ORD06569,CUST4384,C002,CAM027,2026-04-25,10395,PROD13
ORD08539,CUST5696,C007,CAM036,2026-02-07,8071,PROD12
ORD08586,CUST5728,C003,CAM011,2026-03-07,3448,PROD02
ORD02544,CUST1678,C007,CAM037,2026-01-08,1435,PROD13
ORD03311,CUST2206,C008,CAM007,2026-04-16,1815,PROD22
ORD03573,CUST2386,C013,CAM032,2026-03-21,1034,PROD48
ORD03797,CUST2527,C018,CAM004,2026-05-22,3294,PROD29
ORD00426,CUST0280,C011,CAM015,2026-05-23,2577,PROD45
ORD02429,CUST1603,C009,CAM034,2026-05-24,2049,PROD45
ORD04692,CUST3120,C009,CAM035,2026-04-12,5966,PROD27
ORD06608,CUST4408,C007,CAM028,2026-05-04,6495,PROD30
ORD06137,CUST4094,C011,CAM001,2026-02-27,9197,PROD08
ORD03891,CUST2589,C013,CAM019,2026-05-26,4075,PROD49
ORD07100,CUST4741,C007,CAM037,2026-02-02,3916,PROD01
ORD05735,CUST3828,C018,CAM004,2026-05-23,624,PROD02
ORD04061,CUST2687,C008,CAM007,2026-01-25,2065,PROD30
ORD04000,CUST2652,C018,CAM017,2026-09-06,3774,PROD36
ORD01296,CUST0871,C005,CAM021,2026-06-11,4606,PROD14
ORD08504,CUST5679,C018,CAM017,2026-04-23,2824,PROD24
ORD06092,CUST4060,C009,CAM030,2026-04-05,3600,PROD48
ORD06277,CUST4182,C013,CAM032,2026-05-20,924,PROD47
ORD07924,CUST5288,C002,CAM027,2026-06-15,1721,PROD37
ORD03964,CUST2633,C007,CAM028,2026-04-21,4813,PROD21
ORD02877,CUST1914,C013,CAM006,2026-05-02,610,PROD09
ORD06902,CUST4592,C013,CAM032,2026-06-04,2647,PROD20
ORD00838,CUST0575,C018,CAM031,2026-02-27,570,PROD01
ORD05495,CUST3676,C004,CAM040,2026-02-06,2321,PROD43
ORD05573,CUST3728,C008,CAM033,2026-02-08,2519,PROD45
ORD01077,CUST0740,C023,CAM005,2026-05-24,2979,PROD33
ORD06135,CUST4092,C007,CAM028,2026-03-30,5271,PROD13
ORD07732,CUST5169,C018,CAM017,2026-05-19,3689,PROD10
ORD02164,CUST1442,C004,CAM040,2026-02-06,2242,PROD25
ORD02592,CUST1710,C023,CAM005,2026-06-06,583,PROD13
ORD01909,CUST1274,C008,CAM033,2026-02-17,2077,PROD47
ORD01771,CUST1189,C005,CAM022,2026-07-09,230,PROD41
ORD07409,CUST4943,C009,CAM035,2026-05-23,6944,PROD23
ORD01677,CUST1123,C010,CAM038,2026-03-08,1359,PROD01
ORD04570,CUST3034,C011,CAM001,2026-03-11,1754,PROD06
ORD04527,CUST3001,C006,CAM008,2026-03-22,6456,PROD23
ORD05285,CUST3529,C003,CAM011,2026-03-19,951,PROD48
ORD08847,CUST5912,C020,CAM026,2026-04-25,6753,PROD37
ORD04210,CUST2786,C011,CAM003,2026-05-05,3748,PROD47
ORD03194,CUST2140,C018,CAM039,2026-01-24,8610,PROD44
ORD02227,CUST1487,C020,CAM026,2026-05-04,2785,PROD27
ORD02934,CUST1956,C013,CAM032,2026-03-25,4392,PROD46
ORD04457,CUST2950,C002,CAM027,2026-07-31,3380,PROD37
ORD06367,CUST4246,C018,CAM017,2026-08-29,7241,PROD39
ORD01578,CUST1053,C005,CAM022,2026-11-23,3271,PROD09
ORD08831,CUST5902,C013,CAM023,2026-04-03,13570,PROD16
ORD04474,CUST2963,C023,CAM005,2026-05-31,6097,PROD10
ORD06238,CUST4154,C013,CAM006,2026-04-27,849,PROD13
ORD01726,CUST1160,C005,CAM021,2026-06-12,5176,PROD12
ORD08685,CUST5805,C004,CAM020,2026-03-18,3169,PROD27
ORD06439,CUST4293,C018,CAM004,2026-05-20,3993,PROD37
ORD08579,CUST5721,C013,CAM019,2026-05-27,4259,PROD11
ORD06542,CUST4371,C017,CAM029,2026-02-16,2080,PROD03
ORD07560,CUST5052,C012,CAM024,2026-05-11,730,PROD05
ORD03637,CUST2424,C005,CAM022,2026-08-28,2977,PROD01
ORD01557,CUST1040,C011,CAM001,2026-02-28,1502,PROD37
ORD01995,CUST1327,C017,CAM029,2026-02-24,1823,PROD23
ORD08309,CUST5547,C013,CAM019,2026-05-10,2143,PROD03
ORD05401,CUST3604,C010,CAM012,2026-02-03,4685,PROD20
ORD03466,CUST2311,C005,CAM021,2026-06-09,7559,PROD34
ORD08569,CUST5713,C007,CAM036,2026-01-23,4095,PROD09
ORD06386,CUST4259,C004,CAM040,2026-02-12,2935,PROD06
ORD04346,CUST2878,C013,CAM006,2026-10-01,5180,PROD45
ORD05956,CUST3981,C008,CAM007,2026-01-21,2633,PROD49
ORD03191,CUST2138,C018,CAM017,2026-07-09,1182,PROD46
ORD08045,CUST5375,C007,CAM036,2026-01-16,275,PROD18
ORD08452,CUST5644,C013,CAM006,2026-04-18,3324,PROD08
ORD01576,CUST1053,C005,CAM022,2026-07-29,4674,PROD06
ORD06117,CUST4079,C017,CAM029,2026-04-10,3534,PROD47
ORD04835,CUST3219,C013,CAM023,2026-04-15,5092,PROD15
ORD04244,CUST2811,C021,CAM025,2026-02-17,6698,PROD35
ORD06498,CUST4338,C011,CAM003,2026-03-15,1923,PROD02
ORD03514,CUST2346,C008,CAM007,2026-02-26,3814,PROD46
ORD06815,CUST4541,C004,CAM020,2026-02-20,5633,PROD26
ORD01248,CUST0842,C005,CAM021,2026-06-30,2999,PROD12
ORD02784,CUST1850,C011,CAM009,2026-04-17,4159,PROD28
ORD06530,CUST4362,C018,CAM039,2026-01-27,1140,PROD21
ORD05256,CUST3510,C018,CAM039,2026-01-25,4455,PROD24
ORD08741,CUST5840,C009,CAM035,2026-08-02,7209,PROD39
ORD04376,CUST2898,C004,CAM040,2026-02-04,931,PROD13
ORD08780,CUST5867,C005,CAM022,2026-09-08,3346,PROD13
ORD00993,CUST0685,C009,CAM030,2026-03-31,4125,PROD46
ORD08895,CUST5945,C024,CAM013,2026-07-09,800,PROD05
ORD03800,CUST2530,C006,CAM008,2026-03-22,2903,PROD44
ORD07582,CUST5066,C014,CAM014,2026-08-09,3533,PROD14
ORD08761,CUST5854,C002,CAM027,2026-04-24,5366,PROD03
ORD06484,CUST4325,C020,CAM026,2026-05-15,5057,PROD19
ORD01840,CUST1232,C011,CAM003,2026-03-12,5193,PROD25
ORD01226,CUST0829,C004,CAM040,2026-01-27,1980,PROD41
ORD05256,CUST3510,C018,CAM039,2026-01-25,4455,PROD24
ORD06568,CUST4384,C002,CAM027,2026-04-12,1092,PROD05
ORD01031,CUST0714,C006,CAM008,2026-03-18,4754,PROD40
ORD01996,CUST1328,C007,CAM028,2026-03-28,2966,PROD09
ORD03247,CUST2173,C004,CAM020,2026-05-03,7917,PROD13
ORD01732,CUST1165,C021,CAM025,2026-02-22,775,PROD13
ORD08091,CUST5404,C008,CAM007,2026-01-29,4498,PROD10
ORD00928,CUST0637,C020,CAM026,2026-05-07,3324,PROD24
ORD00373,CUST0249,C005,CAM021,2026-06-14,1871,PROD41
ORD00162,CUST0098,C011,CAM003,2026-06-24,2105,PROD42
ORD01928,CUST1289,C009,CAM034,2026-05-29,303,PROD34
ORD02270,CUST1514,C024,CAM013,2026-08-29,3740,PROD42
ORD04618,CUST3062,C011,CAM003,2026-03-11,3008,PROD22
ORD01265,CUST0853,C007,CAM037,2026-01-12,3575,PROD18
ORD04123,CUST2730,C013,CAM019,2026-05-26,5941,PROD48
ORD02090,CUST1397,C009,CAM035,2026-05-04,1489,PROD25
ORD01618,CUST1080,C023,CAM005,2026-05-26,1245,PROD17
ORD07578,CUST5066,C014,CAM014,2026-05-03,1463,PROD16
ORD08776,CUST5866,C013,CAM019,2026-07-22,4168,PROD02
ORD00197,CUST0126,C014,CAM014,2026-06-12,5743,PROD23
ORD00890,CUST0611,C013,CAM032,2026-05-01,2592,PROD20
ORD06242,CUST4158,C004,CAM020,2026-02-20,2079,PROD47
ORD05115,CUST3411,C012,CAM024,2026-05-07,4082,PROD29
ORD07673,CUST5129,C009,CAM035,2026-04-14,1223,PROD05
ORD06688,CUST4455,C023,CAM005,2026-05-28,5213,PROD37
ORD06544,CUST4371,C017,CAM029,2026-03-30,4815,PROD41
ORD05375,CUST3586,C003,CAM011,2026-03-03,2011,PROD21
ORD05996,CUST4003,C018,CAM016,2026-01-15,763,PROD49
ORD07394,CUST4936,C007,CAM037,2026-01-06,4024,PROD24
ORD02988,CUST1992,C007,CAM036,2026-01-16,12388,PROD41
ORD01008,CUST0697,C007,CAM037,2026-01-05,1399,PROD41
ORD02036,CUST1357,C011,CAM001,2026-05-23,6536,PROD12
ORD05018,CUST3345,C013,CAM023,2026-04-06,7483,PROD23
ORD05055,CUST3369,C005,CAM022,2026-06-18,2487,PROD26
ORD01094,CUST0749,C004,CAM020,2026-06-17,2329,PROD20
ORD06053,CUST4038,C014,CAM014,2026-06-17,2275,PROD12
ORD07433,CUST4966,C013,CAM019,2026-05-16,4934,PROD17
ORD08220,CUST5485,C013,CAM032,2026-03-17,3072,PROD09
ORD00944,CUST0648,C018,CAM031,2026-03-03,4147,PROD02
ORD01552,CUST1039,C007,CAM037,2026-01-10,6003,PROD42
ORD04451,CUST2947,C011,CAM015,2026-07-16,2585,PROD48
ORD00424,CUST0279,C002,CAM027,2026-04-25,3829,PROD43
ORD07582,CUST5066,C014,CAM014,2026-08-09,3533,PROD14
ORD02777,CUST1846,C018,CAM016,2026-01-23,1550,PROD25
ORD05728,CUST3822,C002,CAM002,2026-07-13,2795,PROD25
ORD03605,CUST2404,C011,CAM001,2026-05-17,6221,PROD12
ORD04419,CUST2926,C003,CAM011,2026-03-08,1182,PROD02
ORD03262,CUST2182,C007,CAM036,2026-01-05,1800,PROD41
ORD01280,CUST0863,C011,CAM001,2026-03-02,1066,PROD46
ORD03331,CUST2220,C018,CAM017,2026-04-16,4994,PROD42
ORD03187,CUST2136,C005,CAM021,2026-05-29,398,PROD09
ORD06917,CUST4602,C023,CAM005,2026-05-26,6648,PROD24
ORD03127,CUST2095,C002,CAM002,2026-07-24,2323,PROD33
ORD00228,CUST0146,C008,CAM007,2026-01-20,7772,PROD20
ORD00062,CUST0040,C014,CAM014,2026-05-16,3617,PROD19
ORD05120,CUST3416,C018,CAM017,2026-04-21,4409,PROD47
ORD03969,CUST2634,C005,CAM022,2026-06-17,12385,PROD30
ORD07903,CUST5273,C013,CAM019,2026-05-22,770,PROD47
ORD01434,CUST0961,C018,CAM017,2026-04-22,3021,PROD36
ORD05885,CUST3933,C018,CAM039,2026-01-30,1871,PROD46
ORD07154,CUST4778,C018,CAM017,2026-04-27,3229,PROD04
ORD06650,CUST4436,C008,CAM007,2026-03-29,5638,PROD37
ORD06193,CUST4123,C021,CAM025,2026-03-07,739,PROD37
ORD07512,CUST5019,C013,CAM032,2026-03-22,2703,PROD03
ORD06060,CUST4040,C009,CAM030,2026-08-21,2336,PROD31
ORD08616,CUST5752,C013,CAM023,2026-04-06,808,PROD01
ORD05809,CUST3876,C024,CAM013,2026-06-14,3299,PROD32
ORD02512,CUST1655,C011,CAM015,2026-07-15,5548,PROD19
ORD08880,CUST5936,C009,CAM030,2026-04-08,2183,PROD03
ORD02581,CUST1704,C007,CAM037,2026-01-12,3375,PROD10
ORD06216,CUST4140,C007,CAM028,2026-03-17,5096,PROD34
ORD00824,CUST0563,C007,CAM028,2026-03-19,8891,PROD13
ORD05091,CUST3393,C008,CAM007,2026-01-19,1437,PROD48
ORD01789,CUST1201,C010,CAM012,2026-02-01,5255,PROD39
ORD08925,CUST5966,C024,CAM013,2026-06-03,2528,PROD10
ORD05841,CUST3900,C018,CAM017,2026-04-25,980,PROD22
ORD08581,CUST5723,C007,CAM036,2026-01-14,3467,PROD34
ORD02772,CUST1841,C005,CAM022,2026-05-30,2211,PROD03
ORD03376,CUST2247,C024,CAM013,2026-07-26,4452,PROD44
ORD05978,CUST3993,C011,CAM009,2026-07-07,12392,PROD16
ORD00059,CUST0038,C003,CAM011,2026-02-23,2029,PROD36
ORD00492,CUST0326,C007,CAM028,2026-03-29,492,PROD39
ORD01560,CUST1042,C005,CAM021,2026-06-13,4937,PROD19
ORD01509,CUST1015,C011,CAM015,2026-05-24,3827,PROD29
ORD04625,CUST3067,C005,CAM022,2026-06-01,4373,PROD10
ORD00635,CUST0426,C004,CAM020,2026-03-23,1416,PROD20
ORD04795,CUST3187,C009,CAM035,2026-04-23,14941,PROD18
ORD05245,CUST3502,C017,CAM029,2026-04-09,10061,PROD25
ORD00504,CUST0335,C023,CAM010,2026-04-07,703,PROD09
ORD03976,CUST2637,C007,CAM028,2026-08-10,9771,PROD23
ORD04543,CUST3014,C018,CAM017,2026-06-06,3970,PROD31
ORD05836,CUST3896,C007,CAM028,2026-04-11,2448,PROD17
ORD04137,CUST2736,C017,CAM029,2026-04-11,1830,PROD12
ORD04931,CUST3276,C012,CAM024,2026-07-28,3085,PROD48
ORD07315,CUST4876,C007,CAM037,2026-01-09,2628,PROD03
ORD00564,CUST0377,C017,CAM029,2026-02-25,6791,PROD17
ORD03845,CUST2559,C021,CAM025,2026-02-23,10965,PROD09
ORD05237,CUST3498,C017,CAM029,2026-02-04,4850,PROD21
ORD05550,CUST3711,C009,CAM034,2026-05-15,1508,PROD44
ORD07765,CUST5191,C009,CAM030,2026-04-01,1657,PROD33
ORD06623,CUST4416,C023,CAM010,2026-04-09,4723,PROD36
ORD06877,CUST4575,C009,CAM034,2026-11-02,1471,PROD21
ORD01219,CUST0823,C002,CAM027,2026-06-24,7117,PROD07
ORD00083,CUST0051,C018,CAM039,2026-01-21,1448,PROD22
ORD00667,CUST0450,C009,CAM030,2026-07-01,3186,PROD30
ORD08573,CUST5717,C018,CAM004,2026-05-18,2458,PROD35
ORD01781,CUST1198,C004,CAM020,2026-02-15,8669,PROD17
ORD03727,CUST2483,C011,CAM009,2026-04-12,6042,PROD45
ORD07447,CUST4979,C018,CAM039,2026-01-22,2306,PROD18
ORD04004,CUST2654,C013,CAM019,2026-05-18,2430,PROD14
ORD06550,CUST4374,C020,CAM026,2026-05-30,4727,PROD03
ORD06919,CUST4603,C007,CAM037,2026-01-07,9533,PROD12
ORD00280,CUST0182,C005,CAM022,2026-06-19,1987,PROD32
ORD07170,CUST4790,C005,CAM021,2026-06-17,2443,PROD13
ORD07221,CUST4822,C011,CAM001,2026-04-15,4516,PROD26
ORD01501,CUST1010,C020,CAM026,2026-07-21,14013,PROD05
ORD07195,CUST4807,C020,CAM026,2026-06-22,2821,PROD16
ORD03030,CUST2023,C008,CAM033,2026-05-17,7721,PROD13
ORD01444,CUST0969,C017,CAM029,2026-02-21,7835,PROD27
ORD06182,CUST4115,C018,CAM016,2026-04-19,1930,PROD25
ORD00825,CUST0564,C005,CAM022,2026-06-06,6084,PROD16
ORD02488,CUST1639,C004,CAM040,2026-02-19,9152,PROD05
ORD03868,CUST2575,C010,CAM012,2026-01-20,10373,PROD27
ORD07071,CUST4724,C014,CAM014,2026-05-17,200,PROD09
ORD02067,CUST1381,C009,CAM035,2026-04-13,4850,PROD40
ORD05526,CUST3694,C017,CAM029,2026-02-26,807,PROD28
ORD06005,CUST4009,C010,CAM038,2026-03-04,6536,PROD38
ORD06138,CUST4095,C023,CAM010,2026-04-15,3444,PROD04
ORD01672,CUST1120,C011,CAM015,2026-05-30,1685,PROD43
ORD07128,CUST4760,C018,CAM016,2026-01-27,3826,PROD29
ORD07992,CUST5339,C018,CAM004,2026-05-25,1195,PROD05
ORD07839,CUST5235,C009,CAM030,2026-04-03,2734,PROD04
ORD07757,CUST5185,C011,CAM001,2026-03-09,5901,PROD14
ORD00633,CUST0425,C005,CAM022,2026-06-19,5272,PROD42
ORD00156,CUST0096,C005,CAM022,2026-06-14,1392,PROD22
ORD08096,CUST5406,C008,CAM033,2026-02-16,1515,PROD16
ORD06225,CUST4145,C011,CAM003,2026-03-11,5279,PROD47
ORD02189,CUST1458,C018,CAM004,2026-05-25,10777,PROD09
ORD06096,CUST4063,C007,CAM028,2026-03-07,8825,PROD38
ORD05401,CUST3604,C010,CAM012,2026-02-03,4685,PROD20
ORD00791,CUST0546,C021,CAM025,2026-03-06,3062,PROD45
ORD04098,CUST2713,C018,CAM017,2026-04-22,2406,PROD12
ORD07821,CUST5223,C012,CAM024,2026-05-16,517,PROD41
ORD04150,CUST2746,C002,CAM027,2026-05-24,4564,PROD38
ORD08392,CUST5605,C013,CAM019,2026-05-13,1858,PROD25
ORD05019,CUST3346,C011,CAM001,2026-03-04,8863,PROD18
ORD08153,CUST5441,C018,CAM004,2026-05-28,796,PROD06
ORD03841,CUST2557,C018,CAM039,2026-02-09,3479,PROD32
ORD01904,CUST1270,C018,CAM031,2026-02-19,1303,PROD26
ORD00199,CUST0127,C013,CAM006,2026-04-11,5897,PROD45
ORD00528,CUST0353,C008,CAM007,2026-01-18,994,PROD24
ORD07646,CUST5108,C020,CAM026,2026-05-05,4364,PROD34
ORD08212,CUST5479,C011,CAM003,2026-09-12,1794,PROD09
ORD05810,CUST3877,C009,CAM035,2026-04-18,987,PROD43
ORD07234,CUST4832,C009,CAM030,2026-04-07,4854,PROD29
ORD07272,CUST4851,C018,CAM018,2026-06-24,5437,PROD34
ORD04218,CUST2791,C023,CAM005,2026-06-06,3245,PROD03
ORD01864,CUST1249,C023,CAM010,2026-04-08,10028,PROD15
ORD02029,CUST1354,C008,CAM033,2026-02-14,2506,PROD50
ORD00659,CUST0445,C023,CAM010,2026-05-11,1715,PROD49
ORD02908,CUST1939,C010,CAM012,2026-01-24,200,PROD35
ORD03230,CUST2161,C012,CAM024,2026-05-15,2326,PROD11
ORD08938,CUST5976,C020,CAM026,2026-06-13,1727,PROD08
ORD02789,CUST1855,C004,CAM040,2026-02-11,3094,PROD24
ORD00013,CUST0009,C009,CAM035,2026-06-08,6518,PROD14
ORD02190,CUST1459,C009,CAM034,2026-05-14,3031,PROD27
ORD06214,CUST4139,C004,CAM040,2026-01-23,2609,PROD27
ORD02231,CUST1490,C024,CAM013,2026-06-06,4181,PROD08
ORD03195,CUST2141,C021,CAM025,2026-02-17,3268,PROD10
ORD08755,CUST5851,C018,CAM004,2026-08-16,7381,PROD29
ORD08639,CUST5770,C018,CAM017,2026-04-21,5019,PROD12
ORD03593,CUST2398,C007,CAM037,2026-01-14,8120,PROD04
ORD04166,CUST2756,C002,CAM002,2026-04-13,5638,PROD38
ORD02155,CUST1440,C009,CAM034,2026-07-18,10495,PROD05
ORD07244,CUST4839,C003,CAM011,2026-03-08,2073,PROD08
ORD08493,CUST5670,C012,CAM024,2026-05-12,1040,PROD30
ORD01623,CUST1084,C009,CAM035,2026-04-13,3689,PROD27
ORD02941,CUST1960,C023,CAM005,2026-07-22,6980,PROD34
ORD00068,CUST0042,C017,CAM029,2026-03-28,3021,PROD18
ORD01749,CUST1174,C002,CAM002,2026-06-03,997,PROD44
ORD04281,CUST2835,C009,CAM035,2026-04-06,2144,PROD37
ORD05654,CUST3776,C009,CAM035,2026-04-13,2517,PROD22
ORD05934,CUST3966,C007,CAM028,2026-04-14,3979,PROD07
ORD01530,CUST1026,C018,CAM016,2026-02-25,7990,PROD05
ORD03569,CUST2383,C002,CAM002,2026-04-10,3478,PROD31
ORD08663,CUST5790,C020,CAM026,2026-04-29,499,PROD39
ORD02513,CUST1655,C011,CAM015,2026-08-07,2021,PROD34
ORD04551,CUST3017,C004,CAM040,2026-02-04,2273,PROD03
ORD07893,CUST5269,C008,CAM007,2026-04-06,2245,PROD24
ORD01385,CUST0931,C013,CAM006,2026-06-11,4576,PROD33
ORD04385,CUST2904,C013,CAM023,2026-04-04,1139,PROD06
ORD00867,CUST0598,C004,CAM020,2026-02-18,5841,PROD21
ORD05716,CUST3816,C009,CAM030,2026-04-04,1361,PROD15
ORD05353,CUST3571,C006,CAM008,2026-06-25,7368,PROD46
ORD08355,CUST5583,C004,CAM040,2026-04-20,5506,PROD10
ORD02183,CUST1453,C018,CAM017,2026-04-25,2370,PROD28
ORD00346,CUST0233,C011,CAM009,2026-04-20,3907,PROD36
ORD02967,CUST1979,C018,CAM017,2026-06-16,2737,PROD38
ORD08759,CUST5852,C004,CAM020,2026-04-21,1816,PROD20
ORD07301,CUST4866,C010,CAM012,2026-02-11,5925,PROD14
ORD00145,CUST0090,C006,CAM008,2026-05-06,4556,PROD10
ORD00418,CUST0278,C023,CAM005,2026-06-02,8128,PROD18
ORD08752,CUST5851,C018,CAM004,2026-05-28,6365,PROD42
ORD07891,CUST5269,C008,CAM007,2026-01-23,1795,PROD08
ORD02014,CUST1340,C005,CAM021,2026-05-30,2920,PROD26
ORD01601,CUST1068,C018,CAM039,2026-01-29,1823,PROD25
ORD08901,CUST5949,C005,CAM021,2026-06-01,5506,PROD13
ORD01246,CUST0841,C007,CAM036,2026-01-17,1635,PROD44
ORD03833,CUST2552,C004,CAM040,2026-01-29,3766,PROD31
ORD07920,CUST5286,C003,CAM011,2026-02-26,1301,PROD20
ORD01858,CUST1243,C017,CAM029,2026-03-05,5287,PROD08
ORD03109,CUST2085,C009,CAM030,2026-03-29,4613,PROD09
ORD06832,CUST4551,C017,CAM029,2026-02-22,3140,PROD40
ORD04148,CUST2746,C002,CAM027,2026-04-08,2323,PROD08
ORD01757,CUST1182,C004,CAM040,2026-02-07,2350,PROD29
ORD08250,CUST5507,C008,CAM033,2026-02-12,11541,PROD41
ORD05049,CUST3364,C013,CAM019,2026-09-29,5981,PROD37
ORD04603,CUST3052,C007,CAM037,2026-01-31,2770,PROD22
ORD07676,CUST5131,C023,CAM010,2026-05-28,704,PROD45
ORD07454,CUST4984,C018,CAM016,2026-02-01,2228,PROD26
ORD03264,CUST2184,C002,CAM027,2026-04-10,2618,PROD39
ORD04512,CUST2994,C012,CAM024,2026-06-19,8293,PROD42
ORD08233,CUST5494,C012,CAM024,2026-05-09,4088,PROD17
ORD07667,CUST5123,C014,CAM014,2026-05-05,3648,PROD19
ORD01759,CUST1184,C008,CAM033,2026-02-10,6326,PROD02
ORD07960,CUST5317,C006,CAM008,2026-03-22,5572,PROD07
ORD07715,CUST5158,C010,CAM012,2026-02-14,2800,PROD01
ORD05188,CUST3464,C002,CAM027,2026-05-04,2708,PROD28
ORD04168,CUST2758,C007,CAM037,2026-01-05,2206,PROD47
ORD08745,CUST5844,C018,CAM039,2026-01-22,4214,PROD35
ORD02957,CUST1971,C018,CAM004,2026-06-26,3483,PROD43
ORD02475,CUST1632,C011,CAM015,2026-05-26,3178,PROD39
ORD05691,CUST3802,C012,CAM024,2026-06-05,4544,PROD49
ORD08581,CUST5723,C007,CAM036,2026-01-14,3467,PROD34
ORD03916,CUST2604,C011,CAM001,2026-07-23,7784,PROD20
ORD00038,CUST0025,C013,CAM019,2026-07-14,2416,PROD31
ORD00722,CUST0490,C012,CAM024,2026-05-11,1971,PROD01
ORD06168,CUST4110,C005,CAM021,2026-09-10,1486,PROD41
ORD03267,CUST2187,C002,CAM002,2026-04-11,4077,PROD49
ORD03283,CUST2196,C007,CAM036,2026-01-08,4095,PROD25
ORD06899,CUST4591,C013,CAM032,2026-03-20,3690,PROD25
ORD04326,CUST2867,C023,CAM010,2026-05-05,4234,PROD06
ORD07828,CUST5226,C003,CAM011,2026-03-14,3297,PROD02
ORD08833,CUST5903,C023,CAM010,2026-06-11,1373,PROD17
ORD05529,CUST3696,C020,CAM026,2026-05-22,3602,PROD39
ORD00603,CUST0405,C009,CAM030,2026-04-03,3780,PROD08
ORD00705,CUST0480,C018,CAM018,2026-06-03,7531,PROD40
ORD00992,CUST0684,C013,CAM019,2026-05-16,6305,PROD09
ORD01681,CUST1127,C007,CAM037,2026-01-06,4934,PROD36
ORD00147,CUST0091,C010,CAM038,2026-04-01,1308,PROD35
ORD04831,CUST3216,C017,CAM029,2026-03-21,3033,PROD12
ORD08545,CUST5700,C009,CAM034,2026-05-13,15000,PROD15
ORD03739,CUST2490,C018,CAM039,2026-01-26,461,PROD42
ORD01602,CUST1069,C005,CAM021,2026-06-05,1059,PROD42
ORD04079,CUST2700,C023,CAM005,2026-06-02,3370,PROD01
ORD03758,CUST2501,C011,CAM001,2026-04-02,4395,PROD39
ORD02417,CUST1593,C013,CAM019,2026-05-11,2293,PROD48
ORD07790,CUST5209,C010,CAM038,2026-03-04,860,PROD29
ORD03372,CUST2245,C018,CAM031,2026-02-22,1525,PROD09
ORD08623,CUST5759,C023,CAM010,2026-04-04,6282,PROD21
ORD02549,CUST1682,C018,CAM031,2026-03-10,1612,PROD07
ORD08474,CUST5655,C010,CAM038,2026-03-06,5059,PROD27
ORD07678,CUST5133,C018,CAM017,2026-04-18,800,PROD39
ORD07750,CUST5181,C013,CAM023,2026-04-13,4332,PROD50
ORD08386,CUST5601,C018,CAM017,2026-04-23,5659,PROD09
ORD06781,CUST4520,C005,CAM022,2026-05-30,6292,PROD17
ORD00056,CUST0035,C018,CAM016,2026-02-26,4065,PROD19
ORD07378,CUST4925,C017,CAM029,2026-02-09,3781,PROD24
ORD04718,CUST3138,C002,CAM027,2026-04-17,10333,PROD11
ORD00371,CUST0247,C002,CAM002,2026-07-04,1698,PROD26
ORD08565,CUST5709,C006,CAM008,2026-06-14,846,PROD43
ORD00924,CUST0634,C023,CAM010,2026-09-08,2282,PROD22
ORD04704,CUST3128,C011,CAM003,2026-03-11,1212,PROD17
ORD01775,CUST1193,C023,CAM005,2026-06-05,7735,PROD45
ORD08262,CUST5519,C007,CAM036,2026-01-09,4729,PROD19
ORD08428,CUST5626,C009,CAM035,2026-04-06,5598,PROD34
ORD07826,CUST5225,C003,CAM011,2026-03-14,6947,PROD26
ORD01855,CUST1241,C008,CAM033,2026-05-05,4651,PROD34
ORD06741,CUST4493,C004,CAM040,2026-01-26,2629,PROD14
ORD06678,CUST4449,C011,CAM015,2026-07-14,3690,PROD26
ORD06967,CUST4643,C008,CAM033,2026-03-13,2889,PROD25
ORD06596,CUST4401,C020,CAM026,2026-04-24,2241,PROD37
ORD07662,CUST5120,C023,CAM010,2026-04-10,2722,PROD44
ORD04018,CUST2662,C009,CAM034,2026-07-04,9832,PROD08
ORD06554,CUST4376,C007,CAM036,2026-02-14,4299,PROD34
ORD02904,CUST1935,C007,CAM036,2026-01-18,9530,PROD47
ORD02077,CUST1387,C011,CAM009,2026-04-18,4308,PROD08
ORD03569,CUST2383,C002,CAM002,2026-04-10,3478,PROD31
ORD02701,CUST1795,C010,CAM038,2026-04-23,4609,PROD50
ORD00599,CUST0401,C009,CAM035,2026-04-18,1642,PROD21
ORD06143,CUST4099,C010,CAM038,2026-03-11,5678,PROD15
ORD02427,CUST1602,C009,CAM034,2026-05-12,3313,PROD12
ORD08528,CUST5691,C004,CAM040,2026-04-06,3494,PROD18
ORD01250,CUST0844,C011,CAM015,2026-05-29,3887,PROD44
ORD03679,CUST2451,C003,CAM011,2026-03-20,3220,PROD07
ORD04047,CUST2677,C011,CAM009,2026-04-13,6471,PROD05
ORD02014,CUST1340,C005,CAM021,2026-05-30,2920,PROD26
ORD06239,CUST4155,C013,CAM019,2026-05-24,2617,PROD21
ORD02599,CUST1717,C002,CAM027,2026-04-30,3411,PROD28
ORD07663,CUST5120,C023,CAM010,2026-05-05,406,PROD44
ORD04738,CUST3148,C004,CAM020,2026-02-19,1745,PROD21
ORD07763,CUST5190,C005,CAM021,2026-06-10,3966,PROD50
ORD04923,CUST3273,C005,CAM022,2026-06-05,2955,PROD29
ORD08099,CUST5408,C023,CAM010,2026-05-21,778,PROD02
ORD06615,CUST4412,C009,CAM035,2026-04-08,3224,PROD39
ORD03992,CUST2648,C011,CAM015,2026-05-24,6748,PROD10
ORD08627,CUST5760,C018,CAM031,2026-05-07,4069,PROD10
ORD00756,CUST0517,C021,CAM025,2026-02-24,6727,PROD33
ORD01276,CUST0861,C009,CAM030,2026-04-08,406,PROD29
ORD03079,CUST2062,C010,CAM012,2026-01-24,2775,PROD03
ORD03155,CUST2116,C018,CAM031,2026-02-22,3206,PROD38
ORD05600,CUST3743,C005,CAM021,2026-08-11,2516,PROD25
ORD07875,CUST5258,C018,CAM031,2026-02-17,7549,PROD32
ORD05039,CUST3358,C020,CAM026,2026-07-15,13067,PROD41
ORD07788,CUST5207,C014,CAM014,2026-05-11,2748,PROD49
ORD02140,CUST1432,C010,CAM038,2026-03-10,1350,PROD31
ORD07089,CUST4735,C021,CAM025,2026-04-10,3591,PROD21
ORD08725,CUST5831,C009,CAM035,2026-05-22,2891,PROD06
ORD07762,CUST5189,C008,CAM007,2026-02-04,2128,PROD16
ORD07362,CUST4914,C007,CAM028,2026-03-13,8940,PROD46
ORD00361,CUST0243,C011,CAM015,2026-06-03,3469,PROD35
ORD07837,CUST5233,C024,CAM013,2026-06-03,4504,PROD16
ORD02592,CUST1710,C023,CAM005,2026-06-06,583,PROD13
ORD05895,CUST3941,C004,CAM020,2026-03-14,2049,PROD32
ORD05061,CUST3374,C007,CAM028,2026-03-06,9636,PROD22
ORD08381,CUST5598,C014,CAM014,2026-05-12,4060,PROD08
ORD03074,CUST2058,C011,CAM003,2026-03-12,473,PROD01
ORD00405,CUST0267,C013,CAM032,2026-03-16,6077,PROD30
ORD06843,CUST4557,C008,CAM033,2026-02-09,5341,PROD33
ORD08084,CUST5401,C011,CAM001,2026-02-25,237,PROD45
ORD02831,CUST1885,C017,CAM029,2026-02-25,5751,PROD04
ORD03680,CUST2452,C018,CAM016,2026-01-26,4006,PROD46
ORD07925,CUST5289,C008,CAM033,2026-01-31,816,PROD44
ORD02045,CUST1363,C008,CAM033,2026-02-16,3049,PROD14
ORD03479,CUST2318,C007,CAM028,2026-05-28,8244,PROD19
ORD07472,CUST4990,C018,CAM018,2026-06-01,4795,PROD29
ORD06295,CUST4195,C007,CAM028,2026-05-22,3347,PROD32
ORD01698,CUST1142,C005,CAM022,2026-06-07,2291,PROD06
ORD04597,CUST3048,C002,CAM027,2026-05-30,6344,PROD43
ORD05232,CUST3495,C018,CAM031,2026-02-12,4605,PROD41
ORD05918,CUST3957,C009,CAM034,2026-05-18,2561,PROD01
ORD05212,CUST3481,C002,CAM002,2026-05-10,7522,PROD11
ORD01691,CUST1135,C024,CAM013,2026-06-16,1395,PROD31
ORD03479,CUST2318,C007,CAM028,2026-05-28,8244,PROD19
ORD03445,CUST2296,C017,CAM029,2026-02-18,373,PROD04
ORD07457,CUST4985,C017,CAM029,2026-02-11,1985,PROD47
ORD08657,CUST5785,C011,CAM009,2026-07-13,4574,PROD18
ORD08608,CUST5747,C023,CAM010,2026-04-11,1810,PROD42
ORD03067,CUST2052,C009,CAM034,2026-05-22,2032,PROD40
ORD04744,CUST3151,C008,CAM007,2026-01-21,952,PROD11
ORD05976,CUST3993,C011,CAM009,2026-04-18,909,PROD03
ORD03827,CUST2549,C023,CAM005,2026-07-29,5027,PROD46
ORD00272,CUST0177,C003,CAM011,2026-03-10,1837,PROD49
ORD02685,CUST1784,C005,CAM022,2026-06-27,4923,PROD20
ORD02590,CUST1708,C018,CAM018,2026-06-04,15000,PROD07
ORD08231,CUST5493,C007,CAM037,2026-01-11,7549,PROD03
ORD00852,CUST0586,C021,CAM025,2026-03-08,2150,PROD22
ORD02304,CUST1534,C023,CAM005,2026-07-18,690,PROD42
ORD07048,CUST4707,C009,CAM035,2026-04-06,3178,PROD35
ORD04056,CUST2682,C011,CAM001,2026-04-10,1166,PROD44
ORD03446,CUST2297,C018,CAM016,2026-01-23,3765,PROD38
ORD08247,CUST5504,C002,CAM002,2026-04-14,1169,PROD41
ORD05558,CUST3717,C017,CAM029,2026-01-30,3114,PROD33
ORD02722,CUST1807,C006,CAM008,2026-04-18,1922,PROD09
ORD08067,CUST5390,C002,CAM027,2026-04-27,1501,PROD42
ORD02464,CUST1625,C023,CAM010,2026-04-11,6490,PROD08
ORD04645,CUST3084,C007,CAM028,2026-04-06,11574,PROD11
ORD05237,CUST3498,C017,CAM029,2026-02-04,4850,PROD21
ORD03782,CUST2515,C021,CAM025,2026-04-10,1351,PROD47
ORD02456,CUST1619,C009,CAM034,2026-08-01,806,PROD35
ORD01128,CUST0767,C011,CAM015,2026-05-24,1771,PROD44
ORD02781,CUST1847,C017,CAM029,2026-06-14,3810,PROD14
ORD00622,CUST0419,C002,CAM002,2026-04-12,7415,PROD20
ORD01987,CUST1323,C020,CAM026,2026-04-19,9036,PROD27
ORD00535,CUST0356,C004,CAM040,2026-05-09,4698,PROD09
ORD02378,CUST1568,C011,CAM003,2026-04-14,2411,PROD27
ORD04517,CUST2998,C018,CAM004,2026-06-07,6683,PROD06
ORD02629,CUST1740,C018,CAM031,2026-02-17,4125,PROD06
ORD05809,CUST3876,C024,CAM013,2026-06-14,3299,PROD32
ORD03705,CUST2467,C011,CAM003,2026-03-10,3028,PROD10
ORD06412,CUST4273,C018,CAM017,2026-06-02,2409,PROD06
ORD06864,CUST4568,C013,CAM032,2026-04-18,1546,PROD21
ORD07309,CUST4872,C021,CAM025,2026-02-21,2156,PROD49
ORD02724,CUST1809,C003,CAM011,2026-03-16,1165,PROD12
ORD01172,CUST0792,C002,CAM002,2026-06-23,3849,PROD23
ORD04377,CUST2899,C014,CAM014,2026-05-14,1251,PROD02
ORD00864,CUST0596,C011,CAM015,2026-06-03,496,PROD33
ORD03291,CUST2200,C009,CAM030,2026-05-03,1583,PROD47
ORD00097,CUST0056,C018,CAM018,2026-06-21,1745,PROD02
ORD08267,CUST5521,C020,CAM026,2026-06-22,6230,PROD33
ORD00402,CUST0264,C007,CAM037,2026-01-14,8798,PROD45
ORD08612,CUST5750,C020,CAM026,2026-05-13,1329,PROD35
ORD04634,CUST3075,C021,CAM025,2026-02-21,1951,PROD23
ORD07940,CUST5301,C009,CAM034,2026-05-15,3253,PROD06
ORD00458,CUST0301,C011,CAM003,2026-04-03,7707,PROD28
ORD01224,CUST0827,C006,CAM008,2026-04-26,7623,PROD32
ORD07910,CUST5278,C009,CAM034,2026-06-08,3446,PROD34
ORD04529,CUST3003,C018,CAM031,2026-03-01,3892,PROD11
ORD03423,CUST2278,C012,CAM024,2026-05-14,6319,PROD14
ORD00619,CUST0416,C007,CAM036,2026-01-06,2027,PROD46
ORD05791,CUST3865,C024,CAM013,2026-05-28,5649,PROD30
ORD00928,CUST0637,C020,CAM026,2026-05-07,3324,PROD24
ORD03897,CUST2594,C004,CAM020,2026-02-18,3647,PROD47
ORD04589,CUST3043,C011,CAM015,2026-06-05,4843,PROD10
ORD07230,CUST4828,C004,CAM020,2026-02-13,410,PROD12
ORD08667,CUST5793,C010,CAM012,2026-02-08,1464,PROD48
ORD02264,CUST1511,C014,CAM014,2026-05-09,1846,PROD50
ORD04568,CUST3032,C023,CAM010,2026-04-08,2506,PROD08
ORD01556,CUST1039,C007,CAM037,2026-05-23,5174,PROD17
ORD00529,CUST0354,C003,CAM011,2026-03-07,2549,PROD24
ORD01964,CUST1310,C005,CAM021,2026-07-24,7879,PROD26
ORD07980,CUST5332,C011,CAM003,2026-03-10,7027,PROD16
ORD07330,CUST4887,C009,CAM035,2026-04-16,547,PROD48
ORD08940,CUST5977,C014,CAM014,2026-07-14,680,PROD45
ORD06475,CUST4317,C018,CAM017,2026-04-21,2565,PROD43
ORD04084,CUST2704,C010,CAM038,2026-03-10,3297,PROD19
ORD03587,CUST2394,C018,CAM017,2026-04-28,3384,PROD07
ORD02311,CUST1535,C008,CAM007,2026-04-22,896,PROD02
ORD06702,CUST4464,C011,CAM015,2026-06-01,9963,PROD29
ORD08223,CUST5488,C010,CAM038,2026-03-08,1535,PROD02
ORD01265,CUST0853,C007,CAM037,2026-01-12,3575,PROD18
ORD03043,CUST2035,C010,CAM012,2026-01-22,1337,PROD30
ORD00592,CUST0396,C011,CAM001,2026-03-27,9960,PROD32
ORD03325,CUST2216,C005,CAM021,2026-05-31,3896,PROD24
ORD06418,CUST4279,C011,CAM003,2026-03-12,473,PROD35
ORD00337,CUST0224,C003,CAM011,2026-02-26,2370,PROD42
ORD08954,CUST5987,C004,CAM020,2026-02-21,7977,PROD04
ORD08320,CUST5558,C007,CAM036,2026-01-21,6312,PROD14
ORD08153,CUST5441,C018,CAM004,2026-05-28,796,PROD06
ORD06476,CUST4318,C024,CAM013,2026-05-28,1255,PROD25
ORD05483,CUST3667,C011,CAM003,2026-03-10,4064,PROD07
ORD05071,CUST3381,C007,CAM028,2026-03-17,2632,PROD12
ORD08502,CUST5678,C018,CAM004,2026-05-19,3234,PROD11
ORD05832,CUST3894,C013,CAM006,2026-04-10,2488,PROD02
ORD03743,CUST2493,C017,CAM029,2026-01-30,1361,PROD28
ORD05591,CUST3741,C004,CAM020,2026-02-07,7508,PROD08
ORD02703,CUST1797,C018,CAM017,2026-04-23,3793,PROD48
ORD04232,CUST2801,C009,CAM035,2026-04-18,3454,PROD03
ORD04555,CUST3021,C007,CAM036,2026-01-15,665,PROD04
ORD02407,CUST1584,C020,CAM026,2026-05-11,2876,PROD03
ORD08131,CUST5428,C012,CAM024,2026-05-09,1445,PROD41
ORD01202,CUST0813,C006,CAM008,2026-03-21,3418,PROD17
ORD07814,CUST5219,C018,CAM017,2026-04-27,5189,PROD30
ORD08210,CUST5479,C011,CAM003,2026-05-28,6690,PROD42
ORD01743,CUST1172,C023,CAM005,2026-05-30,8485,PROD27
ORD00328,CUST0216,C013,CAM006,2026-05-29,4674,PROD23
ORD02599,CUST1717,C002,CAM027,2026-04-30,3411,PROD28
ORD01214,CUST0821,C004,CAM040,2026-02-21,1221,PROD36
ORD02697,CUST1793,C018,CAM016,2026-01-22,2496,PROD09
ORD07087,CUST4734,C020,CAM026,2026-05-16,2232,PROD31
ORD01911,CUST1276,C009,CAM035,2026-04-18,904,PROD28
ORD06623,CUST4416,C023,CAM010,2026-04-09,4723,PROD36
ORD02119,CUST1415,C007,CAM037,2026-02-11,3620,PROD01
ORD01741,CUST1171,C011,CAM015,2026-08-07,4813,PROD22
ORD07190,CUST4805,C018,CAM039,2026-01-30,2499,PROD02
ORD02192,CUST1461,C010,CAM012,2026-02-01,12894,PROD30
ORD05374,CUST3585,C017,CAM029,2026-02-20,2588,PROD05
ORD04625,CUST3067,C005,CAM022,2026-06-01,4373,PROD10
ORD01770,CUST1189,C005,CAM022,2026-06-06,5076,PROD19
ORD05015,CUST3342,C021,CAM025,2026-03-05,4099,PROD10
ORD02766,CUST1836,C009,CAM030,2026-06-12,7469,PROD02
ORD05286,CUST3530,C004,CAM040,2026-01-19,3914,PROD05
ORD05984,CUST3997,C010,CAM012,2026-01-29,943,PROD05
ORD05972,CUST3991,C002,CAM002,2026-05-28,1038,PROD34
ORD04901,CUST3260,C011,CAM009,2026-05-29,10522,PROD22
ORD08071,CUST5391,C018,CAM004,2026-06-17,2449,PROD04
ORD05499,CUST3678,C008,CAM033,2026-01-29,4042,PROD18
ORD05402,CUST3604,C010,CAM012,2026-03-20,960,PROD11
ORD03328,CUST2218,C009,CAM035,2026-04-15,1686,PROD44
ORD05525,CUST3693,C005,CAM022,2026-06-13,4413,PROD42
ORD01648,CUST1103,C013,CAM006,2026-04-19,1999,PROD42
ORD05512,CUST3685,C013,CAM023,2026-06-22,4629,PROD38
ORD06889,CUST4583,C018,CAM016,2026-01-25,3322,PROD44
ORD04278,CUST2832,C009,CAM030,2026-04-02,3070,PROD26
ORD05440,CUST3636,C002,CAM027,2026-04-12,5009,PROD02
ORD03811,CUST2540,C005,CAM021,2026-06-07,1866,PROD12
ORD00915,CUST0631,C011,CAM001,2026-03-09,4259,PROD45
ORD01589,CUST1059,C002,CAM002,2026-04-13,5127,PROD43
ORD02143,CUST1432,C010,CAM038,2026-06-24,4159,PROD11
ORD08532,CUST5694,C008,CAM033,2026-02-24,4606,PROD40
ORD01870,CUST1251,C013,CAM032,2026-07-16,201,PROD24
ORD05400,CUST3603,C009,CAM030,2026-04-06,1923,PROD14
ORD07740,CUST5175,C024,CAM013,2026-06-08,2530,PROD01
ORD05874,CUST3925,C017,CAM029,2026-04-06,3789,PROD26
ORD08287,CUST5533,C014,CAM014,2026-05-09,3779,PROD19
ORD07798,CUST5212,C024,CAM013,2026-06-14,2273,PROD39
ORD01636,CUST1094,C010,CAM038,2026-03-03,3716,PROD50
ORD02052,CUST1366,C021,CAM025,2026-04-16,9180,PROD19
ORD08411,CUST5615,C018,CAM039,2026-01-28,1238,PROD25
ORD06108,CUST4074,C010,CAM038,2026-03-10,1715,PROD11
ORD08520,CUST5686,C017,CAM029,2026-02-16,778,PROD19
ORD03191,CUST2138,C018,CAM017,2026-07-09,1182,PROD46
ORD07417,CUST4951,C003,CAM011,2026-03-09,5762,PROD40
ORD07348,CUST4900,C008,CAM007,2026-01-22,2513,PROD41
ORD02946,CUST1965,C007,CAM036,2026-01-01,3901,PROD23
ORD03826,CUST2549,C023,CAM005,2026-05-30,6088,PROD20
ORD02151,CUST1438,C005,CAM021,2026-06-03,959,PROD45
ORD04428,CUST2934,C009,CAM035,2026-04-15,5753,PROD09
ORD07847,CUST5242,C011,CAM001,2026-03-11,4589,PROD33
ORD06743,CUST4494,C020,CAM026,2026-06-22,3423,PROD50
ORD05663,CUST3783,C011,CAM009,2026-06-14,3050,PROD33
ORD06782,CUST4520,C005,CAM022,2026-06-14,916,PROD28
ORD04010,CUST2657,C021,CAM025,2026-04-27,1497,PROD30
ORD04613,CUST3058,C004,CAM020,2026-04-23,4433,PROD27
ORD00638,CUST0429,C005,CAM021,2026-06-12,4982,PROD46
ORD04749,CUST3154,C005,CAM021,2026-07-19,1430,PROD30
ORD05970,CUST3990,C009,CAM035,2026-04-12,4573,PROD01
ORD06496,CUST4337,C002,CAM002,2026-04-09,597,PROD33
ORD00168,CUST0104,C010,CAM012,2026-01-20,6470,PROD23
ORD07646,CUST5108,C020,CAM026,2026-05-05,4364,PROD34
ORD06788,CUST4522,C018,CAM018,2026-06-08,4675,PROD11
ORD08125,CUST5425,C009,CAM030,2026-03-30,5120,PROD47
ORD01039,CUST0721,C020,CAM026,2026-04-25,5764,PROD33
ORD03931,CUST2611,C021,CAM025,2026-03-23,2788,PROD46
ORD04432,CUST2937,C013,CAM019,2026-05-25,2209,PROD04
ORD00649,CUST0438,C010,CAM038,2026-03-03,6839,PROD26
ORD06825,CUST4548,C002,CAM027,2026-04-19,673,PROD30
ORD05334,CUST3560,C009,CAM034,2026-08-25,2084,PROD33
ORD07231,CUST4829,C008,CAM007,2026-01-18,2604,PROD10
ORD04280,CUST2834,C007,CAM028,2026-03-14,3834,PROD50
ORD03465,CUST2310,C011,CAM001,2026-02-25,5288,PROD35
ORD07174,CUST4794,C010,CAM038,2026-03-04,2374,PROD26
ORD07869,CUST5254,C018,CAM018,2026-05-26,1699,PROD20
ORD05476,CUST3661,C013,CAM006,2026-04-22,3047,PROD36
ORD06698,CUST4460,C011,CAM009,2026-07-08,2063,PROD02
ORD00934,CUST0640,C003,CAM011,2026-03-21,1882,PROD10
ORD04518,CUST2999,C012,CAM024,2026-05-16,5812,PROD11
ORD01403,CUST0943,C018,CAM018,2026-05-31,2501,PROD38
ORD06953,CUST4631,C003,CAM011,2026-03-20,210,PROD18
ORD07826,CUST5225,C003,CAM011,2026-03-14,6947,PROD26
ORD00108,CUST0066,C018,CAM004,2026-05-26,15000,PROD27
ORD01662,CUST1113,C008,CAM007,2026-06-23,1577,PROD45
ORD01750,CUST1175,C009,CAM035,2026-04-13,3933,PROD29
ORD01157,CUST0784,C008,CAM007,2026-01-26,5290,PROD35
ORD08430,CUST5628,C004,CAM020,2026-02-07,8902,PROD50
ORD04824,CUST3212,C018,CAM016,2026-03-01,1689,PROD33
ORD00587,CUST0393,C023,CAM010,2026-04-06,769,PROD24
ORD04326,CUST2867,C023,CAM010,2026-05-05,4234,PROD06
ORD04229,CUST2800,C009,CAM035,2026-04-09,5603,PROD01
ORD00946,CUST0650,C011,CAM009,2026-04-21,2653,PROD46
ORD01432,CUST0959,C013,CAM032,2026-03-16,1811,PROD36
ORD08003,CUST5345,C010,CAM038,2026-05-18,4309,PROD16
ORD02919,CUST1947,C018,CAM031,2026-02-19,2288,PROD46
ORD06090,CUST4058,C007,CAM036,2026-01-01,12967,PROD07
ORD06774,CUST4517,C005,CAM021,2026-05-31,2051,PROD12
ORD05753,CUST3837,C008,CAM033,2026-01-30,9613,PROD37
ORD07068,CUST4722,C005,CAM022,2026-06-01,2580,PROD44
ORD02270,CUST1514,C024,CAM013,2026-08-29,3740,PROD42
ORD01145,CUST0776,C024,CAM013,2026-06-11,3785,PROD22
ORD05758,CUST3841,C005,CAM021,2026-05-26,11125,PROD18
ORD03911,CUST2603,C018,CAM018,2026-05-26,5594,PROD32
ORD00337,CUST0224,C003,CAM011,2026-02-26,2370,PROD42
ORD08580,CUST5722,C009,CAM030,2026-04-05,2158,PROD43
ORD08360,CUST5587,C017,CAM029,2026-02-26,6296,PROD48
ORD03722,CUST2481,C011,CAM015,2026-05-23,608,PROD24
ORD03673,CUST2447,C018,CAM031,2026-04-23,7454,PROD01
ORD01957,CUST1307,C018,CAM018,2026-10-18,538,PROD33
ORD02041,CUST1359,C018,CAM031,2026-02-10,9555,PROD32
ORD04714,CUST3135,C011,CAM001,2026-03-06,1530,PROD32
ORD04231,CUST2800,C009,CAM035,2026-06-19,6090,PROD49
ORD06407,CUST4269,C003,CAM011,2026-02-24,7481,PROD14
ORD05250,CUST3505,C008,CAM033,2026-02-06,424,PROD25
ORD01061,CUST0732,C010,CAM012,2026-02-08,6352,PROD05
ORD06140,CUST4096,C013,CAM032,2026-03-26,685,PROD08
ORD01540,CUST1033,C017,CAM029,2026-03-02,5266,PROD26
ORD07012,CUST4677,C018,CAM018,2026-06-04,9316,PROD12
ORD07289,CUST4860,C018,CAM004,2026-08-16,5483,PROD46
ORD01634,CUST1093,C018,CAM039,2026-01-22,3988,PROD43
ORD03907,CUST2600,C011,CAM009,2026-05-07,2051,PROD19
ORD08838,CUST5907,C002,CAM027,2026-04-08,1456,PROD05
ORD02695,CUST1791,C017,CAM029,2026-07-03,4859,PROD45
ORD06967,CUST4643,C008,CAM033,2026-03-13,2889,PROD25
ORD05578,CUST3732,C003,CAM011,2026-03-10,4579,PROD06
ORD00309,CUST0204,C017,CAM029,2026-02-22,1954,PROD07
ORD04424,CUST2931,C003,CAM011,2026-03-10,961,PROD22
ORD02277,CUST1516,C020,CAM026,2026-08-28,4386,PROD47
ORD05362,CUST3578,C018,CAM018,2026-06-14,3728,PROD41
ORD02216,CUST1480,C018,CAM018,2026-06-08,2014,PROD33
ORD03315,CUST2208,C009,CAM034,2026-05-26,2384,PROD24
ORD05851,CUST3908,C010,CAM038,2026-03-05,1449,PROD38
ORD08894,CUST5945,C024,CAM013,2026-05-27,5646,PROD49
ORD03530,CUST2354,C010,CAM038,2026-03-03,4374,PROD19
ORD07256,CUST4842,C014,CAM014,2026-09-06,4217,PROD35
ORD00833,CUST0571,C006,CAM008,2026-03-16,4968,PROD27
ORD06398,CUST4265,C007,CAM028,2026-03-23,6903,PROD23
ORD06865,CUST4568,C013,CAM032,2026-06-03,9393,PROD03
ORD03810,CUST2539,C007,CAM028,2026-03-17,3774,PROD42
ORD04692,CUST3120,C009,CAM035,2026-04-12,5966,PROD27
ORD08716,CUST5826,C011,CAM015,2026-08-17,2232,PROD49
ORD03425,CUST2280,C024,CAM013,2026-06-11,3260,PROD46
ORD03050,CUST2040,C013,CAM006,2026-04-16,1498,PROD16
ORD08105,CUST5411,C011,CAM001,2026-02-25,1019,PROD14
ORD04270,CUST2826,C009,CAM034,2026-07-13,6198,PROD25
ORD08148,CUST5437,C007,CAM028,2026-03-22,2972,PROD09
ORD00112,CUST0069,C021,CAM025,2026-02-14,7092,PROD20
ORD07126,CUST4759,C018,CAM004,2026-05-28,1309,PROD30
ORD04516,CUST2998,C018,CAM004,2026-05-20,3134,PROD15
ORD08113,CUST5415,C017,CAM029,2026-02-11,3580,PROD12
ORD02444,CUST1614,C011,CAM003,2026-03-14,4003,PROD11
ORD04125,CUST2732,C023,CAM005,2026-06-06,5075,PROD44
ORD04076,CUST2697,C014,CAM014,2026-05-08,1672,PROD38
ORD03114,CUST2088,C004,CAM020,2026-02-08,5989,PROD09
ORD07155,CUST4779,C010,CAM038,2026-03-05,529,PROD02
ORD03554,CUST2370,C018,CAM039,2026-04-08,1210,PROD20
ORD06819,CUST4544,C009,CAM030,2026-05-24,4434,PROD38
ORD00164,CUST0100,C005,CAM021,2026-06-01,200,PROD14
ORD08939,CUST5977,C014,CAM014,2026-05-18,1151,PROD47
ORD07618,CUST5090,C024,CAM013,2026-06-03,7063,PROD32
ORD07887,CUST5265,C009,CAM035,2026-04-09,2140,PROD36
ORD06703,CUST4465,C017,CAM029,2026-02-22,8592,PROD28
ORD06990,CUST4660,C007,CAM037,2026-01-22,2546,PROD10
ORD03850,CUST2564,C020,CAM026,2026-05-07,3374,PROD24
ORD05311,CUST3544,C018,CAM018,2026-06-24,980,PROD43
ORD03805,CUST2534,C012,CAM024,2026-05-16,7780,PROD04
ORD03958,CUST2629,C008,CAM007,2026-05-07,5146,PROD43
ORD05388,CUST3596,C014,CAM014,2026-05-04,5080,PROD12
ORD02335,CUST1548,C008,CAM033,2026-02-15,3716,PROD27
ORD03621,CUST2415,C023,CAM010,2026-04-12,7070,PROD49
ORD01520,CUST1020,C013,CAM032,2026-05-28,2799,PROD11
ORD04151,CUST2746,C002,CAM027,2026-06-17,1709,PROD03
ORD00508,CUST0335,C023,CAM010,2026-07-29,3680,PROD48
ORD08240,CUST5499,C005,CAM022,2026-06-03,5063,PROD17
ORD02891,CUST1923,C011,CAM015,2026-05-28,6797,PROD50
ORD00775,CUST0532,C013,CAM023,2026-05-29,3964,PROD49
ORD00358,CUST0242,C014,CAM014,2026-05-02,2156,PROD35
ORD08926,CUST5967,C010,CAM012,2026-01-29,5255,PROD45
ORD04217,CUST2791,C023,CAM005,2026-05-26,2768,PROD03
ORD07207,CUST4814,C023,CAM010,2026-06-04,8032,PROD19
ORD07755,CUST5184,C011,CAM015,2026-05-26,4376,PROD36
ORD07987,CUST5335,C024,CAM013,2026-05-18,5581,PROD45
ORD06025,CUST4024,C013,CAM006,2026-04-23,4179,PROD01
ORD05406,CUST3607,C010,CAM012,2026-02-11,3745,PROD45
ORD06465,CUST4307,C002,CAM002,2026-04-14,5466,PROD40
ORD00739,CUST0503,C018,CAM018,2026-06-15,5956,PROD16
ORD07795,CUST5211,C023,CAM010,2026-04-14,4274,PROD41
ORD00303,CUST0200,C005,CAM022,2026-06-18,1516,PROD42
ORD05662,CUST3783,C011,CAM009,2026-05-02,2160,PROD19
ORD08383,CUST5599,C018,CAM031,2026-03-22,8415,PROD48
ORD05297,CUST3534,C021,CAM025,2026-03-20,3729,PROD27
ORD08088,CUST5403,C007,CAM028,2026-04-18,3310,PROD25
ORD05694,CUST3804,C012,CAM024,2026-05-11,4191,PROD07
ORD08970,CUST5997,C004,CAM040,2026-04-24,4368,PROD25
ORD04711,CUST3132,C005,CAM022,2026-08-28,3393,PROD40
ORD07590,CUST5071,C014,CAM014,2026-05-03,1401,PROD18
ORD02307,CUST1535,C008,CAM007,2026-01-26,2767,PROD38
ORD04127,CUST2732,C023,CAM005,2026-08-14,4093,PROD41
ORD02500,CUST1647,C017,CAM029,2026-04-04,15000,PROD45
ORD01136,CUST0769,C005,CAM021,2026-06-08,7675,PROD26
ORD01713,CUST1151,C024,CAM013,2026-08-04,1145,PROD18
ORD08281,CUST5528,C021,CAM025,2026-02-18,301,PROD06
ORD03008,CUST2007,C005,CAM022,2026-06-09,6935,PROD49
ORD01939,CUST1296,C005,CAM022,2026-06-03,3974,PROD06
ORD06904,CUST4593,C021,CAM025,2026-03-06,543,PROD12
ORD05981,CUST3994,C018,CAM004,2026-05-18,7908,PROD04
ORD03306,CUST2204,C010,CAM038,2026-07-16,2607,PROD35
ORD00369,CUST0247,C002,CAM002,2026-05-11,4994,PROD35
ORD07109,CUST4747,C011,CAM009,2026-04-29,4821,PROD45
ORD02176,CUST1448,C013,CAM032,2026-03-28,3260,PROD26
ORD00414,CUST0275,C004,CAM020,2026-02-07,6507,PROD39
ORD04220,CUST2793,C018,CAM018,2026-06-10,2351,PROD15
ORD01149,CUST0777,C011,CAM009,2026-06-10,11505,PROD32
ORD03291,CUST2200,C009,CAM030,2026-05-03,1583,PROD47
ORD07776,CUST5198,C005,CAM022,2026-07-26,6621,PROD34
ORD07930,CUST5294,C002,CAM002,2026-04-11,2245,PROD26
ORD01790,CUST1202,C004,CAM020,2026-02-06,2162,PROD13
ORD07312,CUST4874,C013,CAM006,2026-04-19,3626,PROD24
ORD03004,CUST2003,C021,CAM025,2026-03-04,883,PROD05
ORD05022,CUST3347,C011,CAM001,2026-05-04,3519,PROD14
ORD02042,CUST1360,C005,CAM022,2026-06-05,1307,PROD31
ORD05582,CUST3736,C011,CAM015,2026-05-28,5599,PROD50
ORD08627,CUST5760,C018,CAM031,2026-05-07,4069,PROD10
ORD07088,CUST4735,C021,CAM025,2026-02-25,5801,PROD36
ORD03291,CUST2200,C009,CAM030,2026-05-03,1583,PROD47
ORD07740,CUST5175,C024,CAM013,2026-06-08,2530,PROD01
ORD00207,CUST0135,C007,CAM036,2026-01-11,5107,PROD30
ORD04012,CUST2659,C011,CAM001,2026-03-04,1024,PROD25
ORD05220,CUST3486,C004,CAM040,2026-03-16,3531,PROD07
ORD03888,CUST2587,C018,CAM018,2026-07-26,4983,PROD11
ORD03663,CUST2442,C020,CAM026,2026-05-10,3145,PROD32
ORD01361,CUST0918,C011,CAM015,2026-05-24,5385,PROD42
ORD03879,CUST2581,C011,CAM009,2026-04-22,7900,PROD01
ORD06686,CUST4453,C009,CAM030,2026-04-04,4563,PROD05
ORD03999,CUST2652,C018,CAM017,2026-08-10,7805,PROD06
ORD05832,CUST3894,C013,CAM006,2026-04-10,2488,PROD02
ORD06981,CUST4655,C023,CAM010,2026-05-23,8827,PROD24
ORD05025,CUST3350,C012,CAM024,2026-05-15,4081,PROD41
ORD05806,CUST3873,C004,CAM040,2026-01-30,1256,PROD40
ORD00841,CUST0578,C020,CAM026,2026-05-02,7443,PROD12
ORD05234,CUST3495,C018,CAM031,2026-04-17,2536,PROD47
ORD08865,CUST5925,C017,CAM029,2026-02-19,2406,PROD29
ORD08333,CUST5568,C024,CAM013,2026-05-29,9156,PROD32
ORD05923,CUST3959,C008,CAM007,2026-01-22,9742,PROD35
ORD00965,CUST0663,C010,CAM012,2026-03-15,3013,PROD29
ORD06080,CUST4051,C014,CAM014,2026-07-15,1067,PROD20
ORD07059,CUST4716,C013,CAM006,2026-04-21,2910,PROD12
ORD08557,CUST5707,C018,CAM017,2026-04-19,10568,PROD07
ORD01463,CUST0982,C008,CAM033,2026-02-16,1942,PROD48
ORD03404,CUST2263,C002,CAM002,2026-04-09,200,PROD25
ORD01558,CUST1040,C011,CAM001,2026-04-28,11309,PROD04
ORD03820,CUST2546,C020,CAM026,2026-05-01,4315,PROD24
ORD03025,CUST2021,C009,CAM035,2026-04-07,2832,PROD41
ORD02866,CUST1905,C018,CAM018,2026-06-19,6175,PROD18
ORD03824,CUST2548,C020,CAM026,2026-04-27,2863,PROD12
ORD00604,CUST0406,C005,CAM022,2026-06-03,9158,PROD32
ORD02282,CUST1519,C020,CAM026,2026-04-29,1097,PROD37
ORD07213,CUST4818,C014,CAM014,2026-05-02,5756,PROD48
ORD06514,CUST4351,C005,CAM022,2026-06-12,9531,PROD34
ORD04809,CUST3200,C018,CAM017,2026-04-21,3169,PROD06
ORD04528,CUST3002,C017,CAM029,2026-02-25,4567,PROD34
ORD00316,CUST0208,C011,CAM015,2026-06-04,5751,PROD12
ORD02550,CUST1683,C010,CAM038,2026-03-03,1441,PROD46
ORD07219,CUST4822,C011,CAM001,2026-03-05,4437,PROD10
ORD02281,CUST1518,C002,CAM027,2026-04-29,2956,PROD10
ORD08369,CUST5592,C024,CAM013,2026-06-21,6764,PROD05
ORD02717,CUST1803,C011,CAM009,2026-04-27,5424,PROD37
ORD06954,CUST4632,C013,CAM032,2026-03-10,3621,PROD28
ORD03914,CUST2604,C011,CAM001,2026-05-12,8603,PROD29
ORD02712,CUST1801,C004,CAM040,2026-03-13,1573,PROD13
ORD06941,CUST4622,C018,CAM031,2026-02-18,1430,PROD41
ORD01508,CUST1014,C010,CAM038,2026-03-11,4875,PROD42
ORD03760,CUST2502,C018,CAM017,2026-05-08,4543,PROD35
ORD00865,CUST0597,C008,CAM033,2026-02-08,4365,PROD28
ORD03587,CUST2394,C018,CAM017,2026-04-28,3384,PROD07
ORD03883,CUST2583,C006,CAM008,2026-03-21,4520,PROD37
ORD04476,CUST2965,C003,CAM011,2026-03-22,6429,PROD45
ORD01741,CUST1171,C011,CAM015,2026-08-07,4813,PROD22
ORD07537,CUST5036,C018,CAM004,2026-05-19,8318,PROD39
ORD04312,CUST2855,C024,CAM013,2026-08-04,1778,PROD48
ORD06826,CUST4548,C002,CAM027,2026-05-31,2464,PROD43
ORD00856,CUST0590,C009,CAM034,2026-05-18,7069,PROD37
ORD05380,CUST3589,C011,CAM003,2026-03-19,3312,PROD45
ORD06814,CUST4540,C013,CAM006,2026-04-16,916,PROD33
ORD00126,CUST0076,C008,CAM033,2026-04-22,3962,PROD41
ORD02136,CUST1429,C018,CAM017,2026-04-28,704,PROD15
ORD01458,CUST0977,C017,CAM029,2026-02-04,1965,PROD09
ORD01829,CUST1225,C023,CAM010,2026-06-15,3881,PROD16
ORD02361,CUST1560,C010,CAM012,2026-03-17,1391,PROD47
ORD06834,CUST4552,C005,CAM021,2026-06-07,1811,PROD10
ORD08088,CUST5403,C007,CAM028,2026-04-18,3310,PROD25
ORD05173,CUST3449,C018,CAM004,2026-08-17,1172,PROD49
ORD05800,CUST3871,C018,CAM039,2026-01-23,6901,PROD07
ORD04464,CUST2955,C004,CAM020,2026-02-09,3651,PROD37
ORD01599,CUST1066,C020,CAM026,2026-05-09,506,PROD46
ORD07984,CUST5334,C018,CAM004,2026-05-22,4306,PROD21
ORD05919,CUST3958,C009,CAM030,2026-04-01,4711,PROD29
ORD07908,CUST5277,C013,CAM032,2026-03-10,5132,PROD32
ORD07131,CUST4763,C004,CAM040,2026-01-26,2321,PROD28
ORD06891,CUST4584,C005,CAM021,2026-05-31,1017,PROD25
ORD02427,CUST1602,C009,CAM034,2026-05-12,3313,PROD12
ORD03087,CUST2066,C009,CAM030,2026-04-08,5742,PROD04
ORD08627,CUST5760,C018,CAM031,2026-05-07,4069,PROD10
ORD03147,CUST2109,C013,CAM019,2026-05-16,4490,PROD07
ORD02880,CUST1916,C021,CAM025,2026-03-07,1673,PROD22
ORD02429,CUST1603,C009,CAM034,2026-05-24,2049,PROD45
ORD06401,CUST4267,C018,CAM017,2026-04-22,872,PROD38
ORD01932,CUST1291,C018,CAM039,2026-01-22,7793,PROD28
ORD08716,CUST5826,C011,CAM015,2026-08-17,2232,PROD49
ORD05505,CUST3683,C009,CAM035,2026-04-18,2858,PROD08
ORD04950,CUST3292,C007,CAM028,2026-03-11,2890,PROD14
ORD02996,CUST1997,C011,CAM009,2026-04-21,3315,PROD36
ORD04119,CUST2726,C018,CAM039,2026-01-29,4199,PROD04
ORD03578,CUST2388,C009,CAM034,2026-06-03,3502,PROD04
ORD02764,CUST1836,C009,CAM030,2026-03-30,3464,PROD32
ORD02934,CUST1956,C013,CAM032,2026-03-25,4392,PROD46
